:1000000058C6000087C6000085C6000083C60000F1
:1000100081C600007FC600007DC600007BC60000D0
:1000200079C6000077C6000075C6000073C60000E0
:1000300071C600006FC600006DC600006BC60000F0
:1000400069C600000C948F6A0C94876763C6000031
:1000500061C600005FC600005DC600000C947466B7
:1000600059C600000C946C7155C6000053C60000C0
:1000700051C600004FC600004DC600004BC6000030
:1000800049C6000047C6000045C6000043C6000040
:1000900041C600003FC600003DC600003BC6000050
:1000A00039C6000037C6000035C6000033C6000060
:1000B00031C600002FC600002DC600002BC6000070
:1000C00029C6000027C6000025C6000023C6000080
:1000D00021C600001FC600001DC600001BC6000090
:1000E00019C60000013BBC3A5934593459347F3A9F
:1000F000723A373A0A3AF839583959345934593436
:100100005934593459345934593459345934593487
:1001100059343E3945385934593459343538E13732
:10012000A137BF365934F03459345934C934C43442
:10013000C43E933E893EC234EF3FD23E573F5934CE
:100140005A3E363EFF3DEB3D59345934E43D593477
:10015000933D813D3B3D233DB83CB13C143C773B56
:10016000EE3C5B3B453BAB3AE760EB60EF60F56034
:10017000FB60E660016107610D61136119611F6138
:1001800025612B61E66031613761E160F762FF62F2
:1001900004630E631863E66222632A6332633C637E
:1001A000466350635F636963E66273637D6387637D
:1001B000000020002300260029002C002F00320020
:1001C00000010000030106010901050505050705F9
:1001D00008080808020202020A0A080804040404C3
:1001E00001010101010101010303030303030303EF
:1001F000040707070C0C0C0C0C0C0C0C020202027E
:1002000006060606060606060B0B0B0B0B0B0B0B66
:100210000102102020080810204010204080020118
:1002200002010804020101020408102040808040FD
:1002300020100804020180040201804020100804FC
:10024000020108040201010204081020408001029A
:1002500004081020408000000A0B02090C0D0E0853
:10026000070304010000000000000000000000007F
:10027000000000000000000000000000000000007E
:10028000000012111000000000000000000000003B
:10029000000000000000000000000000441F041DDA
:1002A000671B2A1A2B195718A21706177B16001658
:1002B00092152D15D1147C142E14E513A11362137D
:1002C0002613ED12B812851255122712FC11D21105
:1002D000AA1184115F113B111911F810D910BA102D
:1002E0009C108010641049102F101510FC0FE40FA3
:1002F000CD0FB60FA00F8A0F750F610F4C0F390F7E
:10030000250F130F000FEE0EDD0ECB0EBA0EAA0E48
:10031000990E890E7A0E6A0E5B0E4C0E3E0E2F0E53
:10032000210E130E060EF80DEB0DDE0DD10DC50DD1
:10033000B80DAC0DA00D940D880D7D0D710D660DE1
:100340005B0D500D450D3B0D300D260D1B0D110D98
:10035000070DFD0CF30CEA0CE00CD70CCD0CC40C13
:10036000BB0CB20CA90CA00C980C8F0C860C7E0C4C
:10037000760C6D0C650C5D0C550C4D0C450C3D0C54
:10038000350C2E0C260C1F0C170C100C080C010C35
:10039000FA0BF30BEC0BE50BDE0BD70BD00BC90BF9
:1003A000C20BBC0BB50BAE0BA80BA10B9B0B950B9B
:1003B0008E0B880B820B7B0B750B6F0B690B630B22
:1003C0005D0B570B510B4C0B460B400B3A0B350B8F
:1003D0002F0B290B240B1E0B190B130B0E0B080BE9
:1003E000030BFE0AF80AF30AEE0AE90AE40ADE0A37
:1003F000D90AD40ACF0ACA0AC50AC00ABB0AB60A71
:10040000B10AAD0AA80AA30A9E0A990A950A900A97
:100410008B0A870A820A7E0A790A740A700A6B0AB2
:10042000670A620A5E0A5A0A550A510A4C0A480AC1
:10043000440A400A3B0A370A330A2F0A2A0A260AC4
:10044000220A1E0A1A0A160A120A0E0A0A0A060ABC
:10045000020AFE09FA09F609F209EE09EA09E609B3
:10046000E209DE09DA09D709D309CF09CB09C8099E
:10047000C409C009BC09B909B509B109AE09AA097D
:10048000A609A3099F099B099809940991098D0957
:100490008A09860983097F097C0978097509710928
:1004A0006E096B096709640960095D095A095609F3
:1004B000530950094C094909460942093F093C09B9
:1004C0003909350932092F092C0929092509220979
:1004D0001F091C091909160912090F090C09090934
:1004E000060903090009FD08FA08F708F408F108ED
:1004F000ED08EA08E708E408E108DE08DB08D908A7
:10050000D608D308D008CD08CA08C708C408C1084F
:10051000BE08BB08B808B508B308B008AD08AA08FB
:10052000A708A408A1089F089C08990896089308A2
:1005300091088E088B0888088608830880087D0843
:100540007B0878087508720870086D086A086808E2
:10055000650862085F085D085A0857085508520880
:100560004F084D084A0848084508420840083D0819
:100570003A0838083508330830082E082B082808B0
:100580002608230821081E081C0819081708140843
:1005900011080F080C080A080708050802080008D7
:1005A000FD07FB07F807F607F307F107EE07EC076F
:1005B000EA07E707E507E207E007DD07DB07D807FB
:1005C000D607D407D107CF07CC07CA07C707C50787
:1005D000C307C007BE07BB07B907B707B407B20711
:1005E000B007AD07AB07A807A607A407A1079F0799
:1005F0009D079A0798079607930791078F078C071F
:100600008A0788078507830781077E077C077A07A3
:1006100078077507730771076E076C076A07670726
:100620006507630761075E075C075A0758075507A8
:10063000530751074F074C074A0748074607430728
:1006400041073F073D073A073807360734073107A8
:100650002F072D072B072907260724072207200726
:100660001D071B07190717071507120710070E07A5
:100670000C070A070707050703070107FF06FC0623
:10068000FA06F806F606F406F206EF06ED06EB06A5
:10069000E906E706E506E206E006DE06DC06DA061F
:1006A000D806D506D306D106CF06CD06CB06C8069A
:1006B000C606C406C206C006BE06BC06B906B70614
:1006C000B506B306B106AF06AD06AA06A806A6068D
:1006D000A406A206A0069E069C0699069706950605
:1006E000930691068F068D068B068806860684067D
:1006F000820680067E067C067A06770675067306F5
:1007000071066F066D066B0669066606640662066C
:1007100060065E065C065A065806560653065106E3
:100720004F064D064B06490647064506430640065A
:100730003E063C063A0638063606340632063006D1
:100740002D062B06290627062506230621061F0649
:100750001D061A06180616061406120610060E06C0
:100760000C060A060706050603060106FF05FD0539
:10077000FB05F905F605F405F205F005EE05EC05B7
:10078000EA05E805E505E305E105DF05DD05DB052F
:10079000D905D705D405D205D005CE05CC05CA05A7
:1007A000C805C605C305C105BF05BD05BB05B9051F
:1007B000B705B405B205B005AE05AC05AA05A70599
:1007C000A505A305A1059F059D059B059805960513
:1007D0009405920590058E058B058905870585058D
:1007E000830581057E057C057A0578057605730508
:1007F00071056F056D056B05680566056405620585
:1008000060055D055B055905570555055205500501
:100810004E054C05490547054505430541053E057F
:100820003C053A0538053505330531052F052C05FE
:100830002A0528052605230521051F051C051A057F
:1008400018051605130511050F050C050A05080501
:10085000060503050105FF04FC04FA04F804F50489
:10086000F304F104EE04EC04EA04E704E504E30411
:10087000E004DE04DB04D904D704D404D204D00499
:10088000CD04CB04C804C604C404C104BF04BC0422
:10089000BA04B804B504B304B004AE04AB04A904AC
:1008A000A604A404A1049F049D049A04980495043A
:1008B000930490048E048B048904860483048104C9
:1008C0007E047C0479047704740472046F046C045D
:1008D0006A046704650462045F045D045A045804F2
:1008E0005504520450044D044A044804450442048B
:1008F00040043D043A043704350432042F042D0427
:100900002A042704240421041F041C0419041604C7
:10091000130411040E040B0408040504020400046B
:10092000FD03FA03F703F403F103EE03EB03E8031B
:10093000E503E203DF03DC03D903D603D303D003CB
:10094000CD03CA03C703C403C103BE03BB03B7037C
:10095000B403B103AE03AB03A803A403A1039E0336
:100960009B039703940391038E038A0387038403F5
:1009700080037D037903760373036F036C036803BD
:10098000650361035E035A03570353034F034C038C
:100990004803440341033D033903360332032E0366
:1009A0002A03260323031F031B03170313030F0349
:1009B0000B0307030303FF02FB02F702F302EE023D
:1009C000EA02E602E202DD02D902D502D002CC023E
:1009D000C702C302BE02BA02B502B102AC02A7024C
:1009E000A3029E02990294028F028A02850280026B
:1009F0007B02760271026C02660261025C025602A0
:100A000051024B02460240023A0234022F022902EE
:100A100023021D02160210020A020402FD01F70160
:100A2000F001E901E201DC01D501CD01C601BF0100
:100A3000B701B001A801A0019801900188018001CF
:100A400077016E0165015C0153014A0140013601E5
:100A50002C01220117010C010101F500EA00DD0063
:100A6000D100C400B600A9009A008B007C006C0085
:100A70005B004900370023000F00F9FF0000211040
:100A8000422063308440A550C660E77008812991F8
:100A90004AA16BB18CC1ADD1CEE1EFF131121002A0
:100AA00073325222B5529442F772D6623993188348
:100AB0007BB35AA3BDD39CC3FFF3DEE3622443346C
:100AC00020040114E664C774A44485546AA54BB598
:100AD00028850995EEE5CFF5ACC58DD55336722640
:100AE00011163006D776F6669556B4465BB77AA7E8
:100AF00019973887DFF7FEE79DD7BCC7C448E5588C
:100B00008668A7784008611802282338CCC9EDD937
:100B10008EE9AFF9488969990AA92BB9F55AD44ADF
:100B2000B77A966A711A500A333A122AFDDBDCCB87
:100B3000BFFB9EEB799B588B3BBB1AABA66C877CAB
:100B4000E44CC55C222C033C600C411CAEED8FFDD7
:100B5000ECCDCDDD2AAD0BBD688D499D977EB66E7F
:100B6000D55EF44E133E322E511E700E9FFFBEEF27
:100B7000DDDFFCCF1BBF3AAF599F788F8891A981E9
:100B8000CAB1EBA10CD12DC14EF16FE18010A100D3
:100B9000C230E3200450254046706760B9839893C3
:100BA000FBA3DAB33DC31CD37FE35EF3B102901223
:100BB000F322D2323542145277625672EAB5CBA58F
:100BC000A89589856EF54FE52CD50DC5E234C32473
:100BD000A01481046674476424540544DBA7FAB763
:100BE0009987B8975FE77EF71DC73CD7D326F236C3
:100BF0009106B01657667676154634564CD96DC9AF
:100C00000EF92FE9C899E9898AB9ABA94458654812
:100C100006782768C018E1088238A3287DCB5CDB02
:100C20003FEB1EFBF98BD89BBBAB9ABB754A545A62
:100C3000376A167AF10AD01AB32A923A2EFD0FEDCE
:100C40006CDD4DCDAABD8BADE89DC98D267C076CB2
:100C5000645C454CA23C832CE01CC10C1FEF3EFFA2
:100C60005DCF7CDF9BAFBABFD98FF89F176E367E02
:100C7000554E745E932EB23ED10EF01E0000210040
:100C8000240027002A002D0030003300010100005D
:100C9000040107010A0100002200250028002B00A2
:100CA0002E003100340002010000050108010B0193
:100CB000138411241FBECFEFD1E2DEBFCDBF00E011
:100CC0000CBF12E0A0E0B2E0E6E9FEE001E00BBFFD
:100CD00002C007900D92A038B107D9F722E1A0E831
:100CE000B2E001C01D92A33EB207E1F716E0C9E5EC
:100CF000D6E000E006C021970109802FFE010E9486
:100D00000887C835D10780E00807A9F70E949271CB
:100D10000C943C8775C9CF92DF92EF92FF920F93AC
:100D20001F93CF93DF938091FC119091FD118A3A2C
:100D300023E0920711F40C94381A90F18839E4E01A
:100D40009E0711F40C94131008F026C1813024E0A2
:100D5000920711F40C948D1708F030C5823DF3E032
:100D60009F0711F40C94A31B10F40C949F1F8B3E4F
:100D700023E0920711F40C941A17883FE3E09E07D2
:100D800011F40C944A178F3D934011F40C94731C8A
:100D90008FEF9FEF9093FD118093FC1180E045C68B
:100DA000843AF2E09F0711F40C94991108F041C2C3
:100DB0008138E2E09E0711F40C94A02008F46DC77E
:100DC0008D38F2E09F0711F40C94492010F40C9434
:100DD000DE1D853922E0920711F40C94AA1089399E
:100DE000E2E09E0711F40C94C01F8139924081F615
:100DF00080917C1290917D12863A21E0920711F445
:100E00000C949E16873BE1E09E0711F40C9421227E
:100E1000892B11F40C94752FE0918B12F0918C12A8
:100E20008091801290918112408151816281738101
:100E300040931F125093201260932112709322123C
:100E400010927D1210927C1222E02093841225E9E8
:100E500032E03093FD112093FC1160918212709169
:100E60008312DC01A61BB70BB0938A12A0938912E0
:100E700050918412252F30E0A217B30710F00C9484
:100E80009029109711F40C946622C0917E12D09193
:100E90007F1220E030E040E080E090E051502C0FE5
:100EA0003D1FF901E60FF71F2081FC01E458FD4EBC
:100EB0002187852F841B809384124F5F842F90E0BD
:100EC0009C018A179B0758F386EA91E090937D1264
:100ED00080937C128091C70A882309F4A5C580916C
:100EE000C80A9091C90A8F5B964011F40C94A12E08
:100EF0008FEB96E09093C90A8093C80ADC01809139
:100F0000C30A9091C40A4091BF0A5091C00A6091EF
:100F1000C10A7091C20A480F591F611D711D40938B
:100F2000BF0A5093C00A6093C10A7093C20A10921C
:100F3000C70A9093811280938012B0937F12A0937E
:100F40007E12909184129923A1F020918912309100
:100F50008A12F901EB57FD4E265F3F4F8FEF890F45
:100F6000280F311D24583D4E8D918193E217F307D0
:100F7000D9F725E832E130938C1220938B12892F18
:100F800090E09093831280938212F90180918012F5
:100F9000909181120C94C6108D3DE4E09E0711F4EF
:100FA0000C94141F08F0E2C4853B24E0920711F46E
:100FB0000C94172010F40C94D11D853CE4E09E079E
:100FC000D9F0813DF4E09F0711F40C940120823C9C
:100FD000944009F0DDCE0E94785F811125C5E09133
:100FE0008B12F0918C1280818093791285EC94E0C1
:100FF0009093FD118093FC1180916B1290916C1273
:10100000009711F40C94981C019790936C128093A4
:101010006B12E0910A0F81E08E0F80930A0FF0E0CF
:10102000EE0FFF1FEE0FFF1FE65FF44F8091781267
:1010300090917912A0917A12B0917B128083918362
:10104000A283B38380916712909168120197909365
:10105000681280936712892B11F40C94AA1F1092C6
:101060007D1210927C1281E08093841285EB94E0D3
:101070009093FD118093FC118091821290918312C4
:101080006091801270918112681B790B70938A12A3
:1010900060938912A09184122A2F30E0621773079F
:1010A00010F00C946B2C6115710511F40C943C2616
:1010B000E0917E12F0917F1240E050E020E0E80FD6
:1010C000F91F80E090E0A150EF01C40FD51F3881D7
:1010D000EC01C458DD4E39878A2F821B809384121D
:1010E0002F5F822F90E0AC018617970768F386EA9E
:1010F00091E090937D1280937C128091C70A88239F
:1011000009F492C48091C80A9091C90A8F5B9640F5
:1011100011F40C94282F8FEB96E09093C90A8093DA
:10112000C80ADC018091C30A9091C40A4091BF0AA9
:101130005091C00A6091C10A7091C20A480F591FAC
:10114000611D711D4093BF0A5093C00A6093C10A8C
:101150007093C20A1092C70A9093811280938012F2
:10116000B0937F12A0937E12409184124423A9F081
:101170008091891290918A12FC01EB57FD4E9C01DF
:10118000265F3F4F8FEF840F280F311D24583D4EAF
:101190008D918193E217F307D9F785E892E1909357
:1011A0008C1280938B12842F90E090938312809303
:1011B0008212E5E8F2E18FEF9FEF90937D1280932A
:1011C0007C128081A0910112B0910212A80FB11D72
:1011D00087FDBA95B0930212A09301128091771205
:1011E000882311F40C94872620916E1230916F128F
:1011F00040917012509171120E941087DC01CB0156
:101200004AE0B695A795979587954A95D1F790931B
:101210007B1280937A1210927D1210927C1281E0E0
:101220008093841282EC94E09093FD118093FC11E2
:10123000D2CE8B3423E0920709F4C8C108F0FEC374
:101240008830F3E09F0711F40C941B1310F40C94F6
:10125000C51D853323E0920709F4A2C08234E3E080
:101260009E0709F46EC18C30934009F091CD8091B6
:101270007C1290917D12863AE1E09E0711F40C9465
:101280007713873BF1E09F0711F40C943021892BF1
:1012900011F40C943613E0918B12F0918C128FEFB5
:1012A0009FEF90937D1280937C1220813181309347
:1012B0000C1220930B1200910712E02FF0E0EE0FBA
:1012C000FF1FEE0FFF1FE450FE4EC388D488E58851
:1012D000F688C0925F12D0926012E0926112F09292
:1012E0006212CFE0D2E1E7E3F2E110E00117F1F0A2
:1012F000488159816A817B81440F551F661F771F82
:10130000DB01CA018C199D09AE09BF098C8B9D8B2D
:10131000AE8BBF8B40835183628373838C199D098D
:10132000AE09BF09848B958BA68BB78B1F5F249664
:1013300034961530D9F660910312709104128091A1
:10134000051290910612FC01E60FF71F40910D1255
:1013500050910E124E0F5F1F240F351FC21AD30A71
:10136000E108F108C0926312D0926412E092651213
:10137000F0926612672B11F40C94B41C80917812D1
:101380008F7B8093781210927D1210927C1282E0F3
:101390008093841285E393E09093FD118093FC1178
:1013A0000E94785F811140C380917712E0918B1287
:1013B000F0918C12882311F40C943525A081B18111
:1013C00020916E1230916F124091701250917112F3
:1013D0000E941087DC01CB012AE0B695A79597956E
:1013E00087952A95D1F790937B1280937A129091EA
:1013F00008129093791280910712882311F40C94AB
:10140000A5214091231250912412609125127091D0
:10141000261277FF02C00C941F2D00914B121091E1
:101420004C1220914D1230914E12400F511F621FED
:10143000731F4093231250932412609325127093CC
:101440002612916090937912813011F00C94A521AD
:1014500040912B1250912C1260912D1270912E12EE
:1014600077FF02C00C94D12A0091531210915412AC
:101470002091551230915612400F511F621F731F59
:1014800040932B1250932C1260932D1270932E12B6
:1014900090917912946090937912833039F1409150
:1014A0002F1250913012609131127091321277FFE9
:1014B00002C00C94E72A0091571210915812209103
:1014C000591230915A12400F511F621F731F4093DF
:1014D0002F12509330126093311270933212909108
:1014E0007912986090937912843029F180913312A7
:1014F00090913412A0913512B0913612B7FF02C00C
:101500000C949B2C40915B1250915C1260915D1287
:1015100070915E12840F951FA61FB71F8093331220
:1015200090933412A0933512B093361280917912B1
:1015300080618093791282E493E09093FD1180930F
:10154000FC1180916B1290916C12009711F40C9425
:10155000981C019790936C1280936B12E0910A0F84
:1015600081E08E0F80930A0FF0E0EE0FFF1FEE0F69
:10157000FF1FE65FF44F8091781290917912A0914D
:101580007A12B0917B1280839183A283B38380917E
:1015900078128F77809378128091031290910412C1
:1015A00001979093041280930312892B11F40C94E9
:1015B000B01C10927D1210927C1282E080938412F3
:1015C0008BE493E09093FD118093FC110E94785F6F
:1015D00081112AC280917712E0918B12F0918C12C6
:1015E000882311F40C94B425A081B18120916E124E
:1015F00030916F1240917012509171120E941087B9
:10160000DC01CB011AE0B695A795979587951A95B9
:10161000D1F790937B1280937A1290910812909355
:10162000791280910712882311F40C94C6234091FB
:10163000231250912412609125127091261277FF87
:1016400002C00C94BC2D00914B1210914C122091B1
:101650004D1230914E12400F511F621F731F409365
:1016600023125093241260932512709326129160D6
:1016700090937912813011F00C94C62340912B1273
:1016800050912C1260912D1270912E1277FF02C092
:101690000C94A92B009153121091541220915512C1
:1016A00030915612400F511F621F731F40932B122F
:1016B00050932C1260932D1270932E1290917912E8
:1016C000946090937912833039F140912F125091A8
:1016D0003012609131127091321277FF02C00C9477
:1016E000BF2B00915712109158122091591230912E
:1016F0005A12400F511F621F731F40932F125093B5
:101700003012609331127093321290917912986076
:1017100090937912843029F1809133129091341290
:10172000A0913512B0913612B7FF02C00C94092D6A
:1017300040915B1250915C1260915D1270915E124B
:10174000840F951FA61FB71F8093331290933412F6
:10175000A0933512B09336128091791280618093F4
:10176000791288E593E09093FD118093FC118091AC
:101770006B1290916C12009711F40C94981C0197C5
:1017800090936C1280936B12E0910A0F81E08E0FA0
:1017900080930A0FF0E0EE0FFF1FEE0FFF1FE65FD2
:1017A000F44F8091781290917912A0917A12B091B1
:1017B0007B1280839183A283B383EECE873224E0B1
:1017C000920711F40C941D1E10F40C94F61D86342F
:1017D000E4E09E0709F471C38A34F4E09F0709F43A
:1017E0009BC38B33944009F0D3CA0E94785F811168
:1017F0001BC1E0918B12F0918C12808191819093AA
:10180000681280936712109277128091FE1185FF03
:10181000FDC310927D1210927C1284E0809384129A
:1018200086E494E09093FD118093FC1180918212E4
:10183000909183126091801270918112681B790BD4
:1018400070938A1260938912A09184122A2F30E03B
:101850006217730710F00C94292B6115710511F4B0
:101860000C946925E0917E12F0917F1240E050E0E7
:1018700020E0E80FF91F80E090E0A150EF01C40FD5
:10188000D51F3881EC01C458DD4E39878A2F821B61
:10189000809384122F5F822F90E0AC018617970708
:1018A00068F386EA91E090937D1280937C12809198
:1018B000C70A882309F4B8C08091C80A9091C90A60
:1018C0008F5B964011F40C94162F8FEB96E090935B
:1018D000C90A8093C80ADC018091C30A9091C40AA6
:1018E0004091BF0A5091C00A6091C10A7091C20A2A
:1018F000480F591F611D711D4093BF0A5093C00AC4
:101900006093C10A7093C20A1092C70A9093811221
:1019100080938012B0937F12A0937E124091841224
:101920004423A9F08091891290918A12FC01EB570F
:10193000FD4E9C01265F3F4F8FEF840F280F311D16
:1019400024583D4E8D918193E217F307D9F785E82E
:1019500092E190938C1280938B12842F90E090935D
:10196000831280938212E5E8F2E1BDC28115E5E0C1
:101970009E0711F40C94D91F10F40C94421E893167
:10198000F5E09F0709F448C0823225E0920711F480
:101990000C9466208031954009F0FAC90E94785F66
:1019A000811142C0E0918B12F0918C128081918163
:1019B0001092791220E533EC30937B1220937A1247
:1019C0001BC081E08E0F80930A0FF0E0EE0FFF1F27
:1019D000EE0FFF1FE65FF44F80917812909179121D
:1019E000A0917A12B0917B1280839183A283B383FA
:1019F0008091691290916A129C01215031093093B3
:101A00006A1220936912892B09F49EC389E195E03B
:101A10009093FD118093FC11E0910A0F80910B0FC0
:101A2000FE2FF81BFF3F69F681E0DF91CF911F91F8
:101A30000F91FF90EF90DF90CF900895813723E0D2
:101A4000920711F40C94991D10F40C94EA1D873838
:101A5000E3E09E0709F4DBC0813AF3E09F0711F44D
:101A60000C944B198A37934009F092C90E94785F11
:101A70008111DACF80917712E0918B12F0918C1264
:101A8000882311F40C946125A08120916E1230916D
:101A90006F124091701250917112B0E00E94108745
:101AA000DC01CB01EAE0B695A79597958795EA9575
:101AB000D1F790937B1280937A12909108129093B1
:101AC000791280910712882311F40C949B23409182
:101AD000231250912412609125127091261277FFE3
:101AE00002C00C94A62D00914B1210914C12209123
:101AF0004D1230914E12400F511F621F731F4093C1
:101B00002312509324126093251270932612916031
:101B100090937912813011F00C949B2340912B12F9
:101B200050912C1260912D1270912E1277FF02C0ED
:101B30000C94012C009153121091541220915512C3
:101B400030915612400F511F621F731F40932B128A
:101B500050932C1260932D1270932E129091791243
:101B6000946090937912833039F140912F12509103
:101B70003012609131127091321277FF02C00C94D2
:101B8000172C009157121091581220915912309130
:101B90005A12400F511F621F731F40932F12509310
:101BA00030126093311270933212909179129860D2
:101BB00090937912843029F18091331290913412EC
:101BC000A0913512B0913612B7FF02C00C94DD2CF3
:101BD00040915B1250915C1260915D1270915E12A7
:101BE000840F951FA61FB71F809333129093341252
:101BF000A0933512B0933612809179128061809350
:101C0000791287E893E09093FD118093FC11809105
:101C10006B1290916C12009711F40C94981C019720
:101C200090936C1280936B12E0910A0F81E08E0FFB
:101C300080930A0FF0E0EE0FFF1FEE0FFF1FE65F2D
:101C4000F44F8091781290917912A0917A12B0910C
:101C50007B1280839183A283B3838091051290913C
:101C6000061201979093061280930512892B11F4A6
:101C70000C94851810927D1210927C1281E0809352
:101C800084128AE793E09093FD118093FC110E94E7
:101C9000785F882309F4EECEC7CE823622E0920721
:101CA00061F108F082C5009711F40C949120803402
:101CB000924009F06DC80E94785F8111B5CEE09125
:101CC0008B12F0918C1280818C3011F40C94352D94
:101CD00010F00C943D25873051F08B3011F40C94AA
:101CE000DE26833011F40C94D4270E94085782E634
:101CF00092E09093FD118093FC1180910A0F9091D6
:101D00000B0F891B8095282F30E030936C122093A5
:101D10006B12882309F488CE10927D1210927C12E7
:101D200082E08093841286E692E09093FD11809386
:101D3000FC110E94785F811177CEE0918B12F091B7
:101D40008C12808191818093FE119093FF1187FF07
:101D500003C08F798093781210927D1210927C12BA
:101D600081E08093841288E792E09093FD11809344
:101D7000FC11609182127091831280918012909177
:101D80008112FC01E61BF70BF0938A12E093891293
:101D9000A09184122A2F30E0E217F30710F00C9480
:101DA0001E2A309711F40C94972480917E12909102
:101DB0007F1240E050E020E0680F791F80E090E063
:101DC000A150EB01C40FD51F3881EC01C458DD4E82
:101DD00039878A2F821B809384122F5F822F90E095
:101DE000AC018E179F0768F386EA91E090937D120D
:101DF00080937C128091C70A882309F415CE8091C4
:101E0000C80A9091C90A8F5B964011F40C94FB2E7E
:101E10008FEB96E09093C90A8093C80ADC01809109
:101E2000C30A9091C40A4091BF0A5091C00A6091C0
:101E3000C10A7091C20A480F591F611D711D40935C
:101E4000BF0A5093C00A6093C10A7093C20A1092ED
:101E5000C70A9093811280938012B0937F12A0934F
:101E60007E12409184124423A9F0809189129091AE
:101E70008A12FC01EB57FD4E9C01265F3F4F8FEF0E
:101E8000840F280F311D24583D4E8D918193E21708
:101E9000F307D9F785E892E190938C1280938B1227
:101EA000842F90E09093831280938212E5E8F2E110
:101EB00080918012909181129CC480917C129091AB
:101EC0007D12863A21E0920709F4F1CC873BE1E0EC
:101ED0009E0711F40C946F25892B09F4A7CCE0918F
:101EE0008B12F0918C1280819181A281B3818093B9
:101EF000721290937312A0937412B0937512109291
:101F00007D1210927C1281E0809384128AE494E026
:101F10009093FD118093FC110E94785F811184CD14
:101F2000E0918B12F0918C12C081C0937612809157
:101F30008F039091900395958795959587959595A5
:101F40008795959587952091000230910102821B1B
:101F5000930B97FF02C00C9488298436910514F4E2
:101F60000C94E7252091B0113091B11140E050E080
:101F70006091721270917312809174129091751227
:101F80000E94D786DC01CB0104C0B695A795979532
:101F90008795CA95D2F78130E0E19E07A105B1058A
:101FA00020F080E090E1A0E0B0E080936E1290938A
:101FB0006F12A0937012B09371128130F4E09F07FA
:101FC000A105B10510F00C94F4202091D411222326
:101FD00011F40C94F4208091D5119091D611A09118
:101FE000D711B091D81180936E1290936F12A09375
:101FF0007012B093711221E0209377128F3F9105F8
:10200000A105B10509F010F40C94162A10927D1266
:1020100010927C1282E08093841288E994E090937D
:10202000FD118093FC110E94785F8111FDCCE0913D
:102030008B12F0918C12A081B181B0930212A09307
:10204000011280917712882311F40C94242120919D
:102050006E1230916F1240917012509171120E9465
:102060001087DC01CB016AE0B695A7959795879517
:102070006A95D1F790937B1280937A1210927D1219
:1020800010927C1281E08093841285EA94E0909310
:10209000FD118093FC110E94785F8111C5CCE09105
:1020A0008B12F0918C1280818093791288EA94E0EF
:1020B0009093FD118093FC1180916B1290916C12A2
:1020C000009711F40C94981C019790936C128093D4
:1020D0006B12E0910A0F81E08E0F80930A0FF0E0FF
:1020E000EE0FFF1FEE0FFF1FE65FF44F8091781297
:1020F00090917912A0917A12B0917B128083918392
:10210000A283B383809178128F7780937812809125
:10211000FE119091FF1120916712309168122150A9
:102120003109309368122093671286FD02C00C9427
:10213000A021232B11F00C942F0891FF05C0809152
:102140006D1281110E943A581092FD111092FC11EB
:1021500081E06BCC80917C1290917D12863AE1E017
:102160009E0711F40C946A07873BF1E09F0711F476
:102170000C946C22892B11F40C947B2FE0918B1220
:10218000F0918C1280918012909181122FEF3FEF8D
:1021900030937D1220937C12208131813093041280
:1021A0002093031210927D1210927C1222E0209351
:1021B000841229E932E03093FD112093FC11209123
:1021C000821230918312FC01E21BF30BF0938A120E
:1021D000E0938912A09184128A2F90E0E817F90702
:1021E00010F00C94A229309711F40C94D021609136
:1021F0007E1270917F1240E050E090E0620F731FFA
:1022000020E030E0A150EB01C40FD51F8881E90127
:10221000C458DD4E89878A2F891B809384129F5F63
:10222000292F30E0A9012E173F0768F386EA91E0D5
:1022300090937D1280937C128091C70A882309F4C1
:10224000F3CB8091C80A9091C90A8F5B964011F434
:102250000C94862E8FEB96E09093C90A8093C80A5F
:10226000DC018091C30A9091C40A4091BF0A509149
:10227000C00A6091C10A7091C20A480F591F611DBE
:10228000711D4093BF0A5093C00A6093C10A7093B6
:10229000C20A1092C70A9093811280938012B09361
:1022A0007F12A0937E12909184129923A1F0209125
:1022B000891230918A12F901EB57FD4E265F3F4F8C
:1022C0008FEF890F280F311D24583D4E8D9181933A
:1022D000E217F307D9F725E832E130938C12209307
:1022E0008B12892F90E09093831280938212F901D0
:1022F0008FEF9FEF90937D1280937C12808191816C
:102300009093061280930512109277128091FE111D
:102310009091FF1190FF4EC110927D1210927C128D
:1023200084E08093841284EA92E09093FD1180937C
:10233000FC110E94785F811177CBE0918B12F091B4
:102340008C1280819181A281B381809372129093CB
:102350007312A0937412B093751210927D121092A2
:102360007C1281E08093841288EA92E09093FD11C0
:102370008093FC11A0918212B0918312609180121F
:10238000709181126A1B7B0B70938A126093891281
:1023900050918412852F90E06817790710F00C9403
:1023A000302A6115710511F40C94E224C0917E125B
:1023B000D0917F1220E030E040E080E090E051508A
:1023C0002C0F3D1FF901EA0FFB1F2081FC01E4588F
:1023D000FD4E2187852F841B809384124F5F842FAD
:1023E00090E09C018617970758F386EA91E0909356
:1023F0007D1280937C128091C70A882309F414CB44
:102400008091C80A9091C90A8F5B964011F40C9490
:10241000F22E8FEB96E09093C90A8093C80ADC01F4
:102420008091C30A9091C40A4091BF0A5091C00A9A
:102430006091C10A7091C20A480F591F611D711D38
:102440004093BF0A5093C00A6093C10A7093C20AB6
:102450001092C70A9093811280938012B0937F12DA
:10246000A0937E12409184124423A9F08091891296
:1024700090918A12FC01EB57FD4E9C01265F3F4F65
:102480008FEF840F280F311D24583D4E8D9181937D
:10249000E217F307D9F785E892E190938C128093C5
:1024A0008B12842F90E09093831280938212E5E840
:1024B000F2E18FEF9FEF90937D1280937C12C081A9
:1024C000C09376126091721270917312809174129F
:1024D00090917512611571058105910511F40C94A7
:1024E000B01F20918F0330919003A9015595479516
:1024F00055954795559547955595479520910002D7
:1025000030910102FA01E21BF30B9F01F7FF02C0B9
:102510000C94932CE436F10514F40C94C62A209103
:10252000B0113091B11140E050E00E94D786DC013B
:10253000CB0104C0B695A79597958795CA95D2F714
:102540008130F0E19F07A105B10520F080E090E126
:10255000A0E0B0E080936E1290936F12A09370127F
:10256000B093711281309440A105B10510F00C9424
:10257000B01F8091D411882311F40C94B01F809166
:10258000D5119091D611A091D711B091D811809307
:102590006E1290936F12A0937012B093711221E09B
:1025A000209377128F3F9105A105B10509F010F432
:1025B0000C94D82910927D1210927C1282E08093A4
:1025C00084128EEF92E09093FD118093FC110E9493
:1025D000785F811129CA80917712E0918B12F09176
:1025E0008C12882311F40C94EC20A081B1812091ED
:1025F0006E1230916F1240917012509171120E94C0
:102600001087DC01CB01CAE0B695A7959795879511
:10261000CA95D1F790930A128093091210927D12F5
:1026200010927C1282E08093841288E093E0909371
:10263000FD118093FC110E94785F8111F5C9E09132
:102640008B12F0918C128081918190930E12809365
:102650000D1210927D1210927C1282E080938412EF
:102660008CE093E09093FD118093FC11A091821275
:10267000B091831260918012709181126A1B7B0B62
:1026800070938A126093891250918412852F90E082
:102690006817790710F00C9476296115710511F40B
:1026A0000C942A21C0917E12D0917F1220E030E05C
:1026B00040E080E090E051502C0F3D1FF901EA0FFF
:1026C000FB1F2081FC01E458FD4E2187852F841BD0
:1026D000809384124F5F842F90E09C0186179707A8
:1026E00058F386EA91E090937D1280937C1280915A
:1026F000C70A882309F498C98091C80A9091C90A29
:102700008F5B964011F40C94622E8FEB96E09093C1
:10271000C90A8093C80ADC018091C30A9091C40A57
:102720004091BF0A5091C00A6091C10A7091C20ADB
:10273000480F591F611D711D4093BF0A5093C00A75
:102740006093C10A7093C20A1092C70A90938112D3
:1027500080938012B0937F12A0937E129091841286
:102760009923A1F02091891230918A12F901EB5737
:10277000FD4E265F3F4F8FEF890F280F311D2458E4
:102780003D4E8D918193E217F307D9F725E832E1A9
:1027900030938C1220938B12892F90E090938312A8
:1027A00080938212F9010C944F09863622E0920739
:1027B00009F4BFCA8837924011F00C94C806809182
:1027C0007C1290917D12863AF1E09F0709F412CBBA
:1027D000873B21E0920711F40C949D24892B09F486
:1027E000C8CAE0918B12F0918C1280918012909166
:1027F00081122FEF3FEF30937D1220937C123081B6
:102800003093071221E001C0220F3A95EAF7209396
:10281000081210927D1210927C1224E020938412F0
:1028200021E832E03093FD112093FC116091821277
:1028300070918312FC01E61BF70BF0938A12E09370
:102840008912A09184122A2F30E0E217F30710F0CA
:102850000C94F229309711F40C94F12380917E129C
:1028600090917F1240E050E020E0680F791F80E0F7
:1028700090E0A150EB01C40FD51F3881EC01C45882
:10288000DD4E39878A2F821B809384122F5F822F1F
:1028900090E0AC018E179F0768F386EA91E0909371
:1028A0007D1280937C128091C70A882309F4BCC8EA
:1028B0008091C80A9091C90A8F5B964011F40C94DC
:1028C000C52E8FEB96E09093C90A8093C80ADC016D
:1028D0008091C30A9091C40A4091BF0A5091C00AE6
:1028E0006091C10A7091C20A480F591F611D711D84
:1028F0004093BF0A5093C00A6093C10A7093C20A02
:102900001092C70A9093811280938012B0937F1225
:10291000A0937E12409184124423A9F080918912E1
:1029200090918A12FC01EB57FD4E9C01265F3F4FB0
:102930008FEF840F280F311D24583D4E8D918193C8
:10294000E217F307D9F785E892E190938C12809310
:102950008B12842F90E09093831280938212E5E88B
:10296000F2E18091801290918112408151816281C7
:10297000738140930F125093101260931112709351
:10298000121210927D1210927C1224E02093841275
:1029900025E832E03093FD112093FC112091821242
:1029A00030918312FC01E21BF30BF0938A12E09347
:1029B0008912A09184128A2F90E0E817F90710F08D
:1029C0000C94E029309711F40C94502360917E12FE
:1029D00070917F1240E050E090E0620F731F20E0A2
:1029E00030E0A150EB01C40FD51F8881E901C45824
:1029F000DD4E89878A2F891B809384129F5F292F40
:102A000030E0A9012E173F0768F386EA91E0909322
:102A10007D1280937C128091C70A882309F404C830
:102A20008091C80A9091C90A8F5B964011F40C946A
:102A3000CE2E8FEB96E09093C90A8093C80ADC01F2
:102A40008091C30A9091C40A4091BF0A5091C00A74
:102A50006091C10A7091C20A480F591F611D711D12
:102A60004093BF0A5093C00A6093C10A7093C20A90
:102A70001092C70A9093811280938012B0937F12B4
:102A8000A0937E12409184124423A9F08091891270
:102A900090918A12FC01EB57FD4E9C01265F3F4F3F
:102AA0008FEF840F280F311D24583D4E8D91819357
:102AB000E217F307D9F785E892E190938C1280939F
:102AC0008B12842F90E09093831280938212E5E81A
:102AD000F2E180819181A281B3818093131290935E
:102AE0001412A0931512B093161210927D12109228
:102AF0007C1284E08093841289E892E09093FD1127
:102B00008093FC110E94785F81110C94140DE09168
:102B10008B12F0918C1280819181A281B38180937C
:102B2000171290931812A0931912B0931A121092C0
:102B30007D1210927C1284E0809384128DE892E0E2
:102B40009093FD118093FC11609182127091831219
:102B50008091801290918112DC01A61BB70BB0937B
:102B60008A12A093891250918412252F30E0A21767
:102B7000B30710F00C94C629109711F40C94B122ED
:102B8000C0917E12D0917F1220E030E040E080E0E2
:102B900090E051502C0F3D1FF901E60FF71F2081E7
:102BA000FC01E458FD4E2187852F841B80938412FD
:102BB0004F5F842F90E09C018A179B0758F386EAA9
:102BC00091E090937D1280937C128091C70A8823B4
:102BD00011F40C94140D8091C80A9091C90A8F5B6E
:102BE000964011F40C94742E8FEB96E09093C90AE2
:102BF0008093C80ADC018091C30A9091C40A409175
:102C0000BF0A5091C00A6091C10A7091C20A480F70
:102C1000591F611D711D4093BF0A5093C00A6093F4
:102C2000C10A7093C20A1092C70A909381128093CE
:102C30008012B0937F12A0937E124091841244239D
:102C4000A9F08091891290918A12FC01EB57FD4EF8
:102C50009C01265F3F4F8FEF840F280F311D2458B2
:102C60003D4E8D918193E217F307D9F785E892E104
:102C700090938C1280938B12842F90E09093831208
:102C800080938212E5E8F2E18091801290918112A6
:102C9000408151816281738140931B1250931C12B9
:102CA00060931D1270931E1210927D1210927C126E
:102CB00024E02093841221E932E03093FD11209327
:102CC000FC116091821270918312DC01A61BB70B7C
:102CD000B0938A12A093891250918412252F30E06C
:102CE000A217B30710F00C94B429109711F40C94A8
:102CF0001B22C0917E12D0917F1220E030E040E094
:102D000080E090E051502C0F3D1FF901E60FF71FB6
:102D10002081FC01E458FD4E2187852F841B809380
:102D200084124F5F842F90E09C018A179B0758F311
:102D300086EA91E090937D1280937C128091C70A7D
:102D4000882311F40C94140D8091C80A9091C90A3B
:102D50008F5B964011F40C946B2E8FEB96E0909362
:102D6000C90A8093C80ADC018091C30A9091C40A01
:102D70004091BF0A5091C00A6091C10A7091C20A85
:102D8000480F591F611D711D4093BF0A5093C00A1F
:102D90006093C10A7093C20A1092C70A909381127D
:102DA00080938012B0937F12A0937E129091841230
:102DB0009923A1F02091891230918A12F901EB57E1
:102DC000FD4E265F3F4F8FEF890F280F311D24588E
:102DD0003D4E8D918193E217F307D9F725E832E153
:102DE00030938C1220938B12892F90E09093831252
:102DF00080938212F90180918012909181120C943B
:102E0000140780910B1290910C12892B09F49EC526
:102E1000809178128F7B8093781210927D1210929D
:102E20007C1282E0809384128BEE93E09093FD11EC
:102E30008093FC110E94785F81110C94140D809195
:102E40007712E0918B12F0918C12882311F40C947C
:102E50003C24A081B18120916E1230916F1240917B
:102E60007012509171120E941087DC01CB011AE0A0
:102E7000B695A795979587951A95D1F790937B125C
:102E800080937A120E943B7088EF93E09093FD113B
:102E90008093FC1180916B1290916C12009709F451
:102EA00047C5019790936C1280936B12E0910A0FC3
:102EB00081E08E0F80930A0FF0E0EE0FFF1FEE0F00
:102EC000FF1FE65FF44F8091781290917912A091E4
:102ED0007A12B0917B1280839183A283B383809115
:102EE00078128F778093781280910B1290910C1248
:102EF000019790930C1280930B12892B09F426C52D
:102F000010927D1210927C1282E08093841281E0F4
:102F100094E09093FD118093FC110E94785F8111E1
:102F20000C94140D80917712E0918B12F0918C1219
:102F3000882311F40C944F25A081B18120916E1249
:102F400030916F1240917012509171120E9410874F
:102F5000DC01CB01CAE0B695A79597958795CA95F0
:102F6000D1F790937B1280937A12909108129093EC
:102F7000791280910712882311F40C94FC2240915D
:102F8000231250912412609125127091261277FF1E
:102F900002C00C94442D00914B1210914C122091C0
:102FA0004D1230914E12400F511F621F731F4093FC
:102FB000231250932412609325127093261291606D
:102FC00090937912813011F00C94FC2240912B12D5
:102FD00050912C1260912D1270912E1277FF02C029
:102FE0000C94132B009153121091541220915512EE
:102FF00030915612400F511F621F731F40932B12C6
:1030000050932C1260932D1270932E12909179127E
:10301000946090937912833039F140912F1250913E
:103020003012609131127091321277FF02C00C940D
:10303000932B0091571210915812209159123091F0
:103040005A12400F511F621F731F40932F1250934B
:10305000301260933112709332129091791298600D
:1030600090937912843029F1809133129091341227
:10307000A0913512B0913612B7FF02C00C94B12C5A
:1030800040915B1250915C1260915D1270915E12E2
:10309000840F951FA61FB71F80933312909334128D
:1030A000A0933512B093361280917912806180938B
:1030B00079128EE094E09093FD118093FC11809141
:1030C0006B1290916C12009709F432C4019790939F
:1030D0006C1280936B12E0910A0F81E08E0F809347
:1030E0000A0FF0E0EE0FFF1FEE0FFF1FE65FF44F39
:1030F0008091781290917912A0917A12B0917B12FE
:1031000080839183A283B383EFCE809163129091E9
:103110006412A0916512B0916612892B8A2B8B2BB9
:1031200009F4E8C18091781283FF03C08064809322
:1031300078128091091290910A1290937B128093D9
:103140007A12909108129093791280910712882335
:1031500011F40C9475214091231250912412609126
:1031600025127091261277FF02C00C94C72C009193
:103170004B1210914C1220914D1230914E12400F73
:10318000511F621F731F40932312509324126093A8
:10319000251270932612916090937912813011F06C
:1031A0000C94752140912B1250912C1260912D128C
:1031B00070912E1277FF02C00C949A2A009153123C
:1031C000109154122091551230915612400F511FF8
:1031D000621F731F40932B1250932C1260932D1279
:1031E00070932E129091791294609093791283309B
:1031F00039F140912F12509130126091311270913B
:10320000321277FF02C00C94B02A0091571210912D
:1032100058122091591230915A12400F511F621FBB
:10322000731F40932F12509330126093311270939A
:10323000321290917912986090937912843029F12A
:103240008091331290913412A0913512B0913612C0
:10325000B7FF02C00C94432C40915B1250915C125A
:1032600060915D1270915E12840F951FA61FB71FAB
:103270008093331290933412A0933512B093361288
:103280008091791280618093791281EA93E0909322
:10329000FD118093FC1180916B1290916C1200973C
:1032A00009F446C3019790936C1280936B12E091DE
:1032B0000A0F81E08E0F80930A0FF0E0EE0FFF1FE0
:1032C000EE0FFF1FE65FF44F809178129091791214
:1032D000A0917A12B0917B1280839183A283B383F1
:1032E000809178128F778093781240916312509179
:1032F0006412609165127091661241505109610922
:103300007109409363125093641260936512709335
:103310006612452B462B472B09F4E9C09091081201
:103320009093791280910712882311F40C94BC2594
:10333000409123125091241260912512709126120F
:1033400077FF02C00C94432E00914B1210914C1247
:1033500020914D1230914E12400F511F621F731F6A
:1033600040932312509324126093251270932612D7
:10337000916090937912813011F00C94BC254091AA
:103380002B1250912C1260912D1270912E1277FFFA
:1033900002C00C94012E00915312109154122091EE
:1033A000551230915612400F511F621F731F4093E8
:1033B0002B1250932C1260932D1270932E12909119
:1033C0007912946090937912833039F140912F12E1
:1033D00050913012609131127091321277FF02C019
:1033E0000C94172E009157121091581220915912D7
:1033F00030915A12400F511F621F731F40932F12BA
:10340000509330126093311270933212909179126E
:10341000986090937912843029F1809133129091C1
:103420003412A0913512B0913612B7FF02C00C943D
:103430002D2E40915B1250915C1260915D12709143
:103440005E12840F951FA61FB71F809333129093AF
:103450003412A0933512B0933612809179128061A4
:10346000809379128AEA93E09093FD118093FC1186
:1034700080916B1290916C12009709F459C20197D8
:1034800090936C1280936B12E0910A0F81E08E0F83
:1034900080930A0FF0E0EE0FFF1FEE0FFF1FE65FB5
:1034A000F44F8091781290917912A0917A12B09194
:1034B0007B1280839183A283B38380916312909166
:1034C0006412A0916512B09166120197A109B10929
:1034D0008093631290936412A0936512B093661266
:1034E000892B8A2B8B2B09F019CF809178128F7B37
:1034F0008093781280910D1290910E12892B09F40D
:1035000080CC809178128F7B8093781210927D12FC
:1035100010927C1281E0809384128CEB93E0909364
:10352000FD118093FC118091821290918312609121
:10353000801270918112681B790B70938A126093CC
:103540008912A09184122A2F30E06217730710F0BD
:103550000C94042A6115710511F40C944424E09133
:103560007E12F0917F1240E050E020E0E80FF91F5A
:1035700080E090E0A150EF01C40FD51F3881EC012D
:10358000C458DD4E39878A2F821B809384122F5FA7
:10359000822F90E0AC018617970768F386EA91E0E6
:1035A00090937D1280937C128091C70A882311F436
:1035B0000C94140D8091C80A9091C90A8F5B9640B3
:1035C00011F40C94042F8FEB96E09093C90A80932A
:1035D000C80ADC018091C30A9091C40A4091BF0AD5
:1035E0005091C00A6091C10A7091C20A480F591FD8
:1035F000611D711D4093BF0A5093C00A6093C10AB8
:103600007093C20A1092C70A90938112809380121D
:10361000B0937F12A0937E12409184124423A9F0AC
:103620008091891290918A12FC01EB57FD4E9C010A
:10363000265F3F4F8FEF840F280F311D24583D4EDA
:103640008D918193E217F307D9F785E892E1909382
:103650008C1280938B12842F90E09093831280932E
:103660008212E5E8F2E18FEF9FEF90937D12809355
:103670007C1280917712882311F40C948F24A081FE
:1036800020916E1230916F12409170125091711210
:10369000B0E00E941087DC01CB014AE0B695A79507
:1036A000979587954A95D1F790937B1280937A12DC
:1036B0000E943B7089EC93E09093FD118093FC1184
:1036C00080916B1290916C12009709F431C10197AF
:1036D00090936C1280936B12E0910A0F81E08E0F31
:1036E00080930A0FF0E0EE0FFF1FEE0FFF1FE65F63
:1036F000F44F8091781290917912A0917A12B09142
:103700007B1280839183A283B383809178128F7719
:103710008093781280910D1290910E1201979093E0
:103720000E1280930D12892B09F46BCB10927D122F
:1037300010927C1281E08093841282ED93E090934A
:10374000FD118093FC110E94785F81110C94140D7F
:1037500080917712E0918B12F0918C12882311F4F2
:103760000C945725A08120916E1230916F124091D8
:10377000701250917112B0E00E941087DC01CB01F1
:103780002AE0B695A795979587952A95D1F79093B6
:103790007B1280937A129091081290937912809103
:1037A0000712882309F453C7409123125091241221
:1037B000609125127091261277FF02C00C946C2D37
:1037C00000914B1210914C1220914D1230914E12DB
:1037D000400F511F621F731F4093231250932412F6
:1037E0006093251270932612916090937912813024
:1037F00009F02DC740912B1250912C1260912D127F
:1038000070912E1277FF02C00C94672B0091531217
:10381000109154122091551230915612400F511FA1
:10382000621F731F40932B1250932C1260932D1222
:1038300070932E1290917912946090937912833044
:1038400039F140912F1250913012609131127091E4
:10385000321277FF02C00C943B2B0091571210914B
:1038600058122091591230915A12400F511F621F65
:10387000731F40932F125093301260933112709344
:10388000321290917912986090937912843029F1D4
:103890008091331290913412A0913512B09136126A
:1038A000B7FF02C00C94F32C40915B1250915C1254
:1038B00060915D1270915E12840F951FA61FB71F55
:1038C0008093331290933412A0933512B093361232
:1038D000809179128061809379128FED93E09093BB
:1038E000FD118093FC1180916B1290916C120097E6
:1038F000F9F0019790936C1280936B12E0910A0F8C
:1039000081E08E0F80930A0FF0E0EE0FFF1FEE0FA5
:10391000FF1FE65FF44F8091781290917912A09189
:103920007A12B0917B1280839183A283B383F2CE0B
:1039300080910A0F90910B0F891B809590E09093D6
:103940006C1280936B1281E00C94150D8091FE1126
:103950009091FF1192FF02C00C949F100C94A41040
:103960008091051290910612892B09F4CECB80919B
:1039700078128F7B8093781210927D1210927C12B5
:1039800081E08093841284E693E09093FD1180930C
:10399000FC110E94785F81110C94140D80917712B4
:1039A000E0918B12F0918C12882311F40C942D2548
:1039B000A08120916E1230916F124091701250913F
:1039C0007112B0E00E941087DC01CB01CAE0B6950D
:1039D000A79597958795CA95D1F790937B12809379
:1039E0007A1290910812909379128091071288238D
:1039F00009F401C4409123125091241260912512C0
:103A00007091261277FF02C00C947D2C00914B120E
:103A100010914C1220914D1230914E12400F511FB7
:103A2000621F731F40932312509324126093251238
:103A300070932612916090937912813009F0DBC364
:103A400040912B1250912C1260912D1270912E12D8
:103A500077FF02C00C94422A009153121091541225
:103A60002091551230915612400F511F621F731F43
:103A700040932B1250932C1260932D1270932E12A0
:103A800090917912946090937912833039F140913A
:103A90002F1250913012609131127091321277FFD3
:103AA00002C00C94582A009157121091581220917C
:103AB000591230915A12400F511F621F731F4093C9
:103AC0002F125093301260933112709332129091F2
:103AD0007912986090937912843029F18091331291
:103AE00090913412A0913512B0913612B7FF02C0F6
:103AF0000C942D2C40915B1250915C1260915D12E0
:103B000070915E12840F951FA61FB71F809333120A
:103B100090933412A0933512B0933612809179129B
:103B200080618093791281E793E09093FD118093F7
:103B3000FC1180916B1290916C12009709F4F8CEF1
:103B4000019790936C1280936B12E0910A0F81E0C1
:103B50008E0F80930A0FF0E0EE0FFF1FEE0FFF1F96
:103B6000E65FF44F8091781290917912A0917A12C9
:103B7000B0917B1280839183A283B383809178126A
:103B80008F77809378120C942D0E883AE2E09E078E
:103B900009F466C28E3F924011F40C94E7120C9423
:103BA000C806853AF4E09F0711F40C944B10883A4C
:103BB000944011F40C945C100C94C8068538E2E033
:103BC0009E0709F4DAC28938924011F40C948215E8
:103BD0000C94C8068835F3E09F0711F40C94B70BDA
:103BE0008436934009F4D5CE0C94C8068E30F4E0A8
:103BF0009F0709F464CA8332944011F00C94C806FC
:103C000080910A0F90910B0F891B8095282F30E02F
:103C100030936C1220936B12882311F40C94140DC2
:103C200010927D1210927C1282E08093841287E2BF
:103C300094E09093FD118093FC110E94785F8111B4
:103C40000C94140DE0918B12F0918C128081918173
:103C50008093FE119093FF1187FD31C780917812F8
:103C60008F7B8093781210927D1210927C1282E0EA
:103C7000809384128BE394E09093FD118093FC1168
:103C80000C94F50B803E24E0920709F4DFC0873FD7
:103C9000944011F00C94C80680917C1290917D1292
:103CA000863A21E0920711F40C942028873BE1E04A
:103CB0009E0711F40C949027892B11F40C94E127A2
:103CC000E0918B12F0918C128FEF9FEF90937D1209
:103CD00080937C12C181D081C1110C94D22D10929D
:103CE000EE111092EF111092F0111092F1116D2F50
:103CF00070E087E00E94CE620C94A41086EA91E006
:103D000090937D1280937C128091C70A882311F4CE
:103D10000C94140D8091C80A9091C90A8F5B96404B
:103D200011F40C94312F8FEB96E09093C90A809395
:103D3000C80ADC018091C30A9091C40A4091BF0A6D
:103D40005091C00A6091C10A7091C20A480F591F70
:103D5000611D711D4093BF0A5093C00A6093C10A50
:103D60007093C20A1092C70A9093811280938012B6
:103D7000B0937F12A0937E12409184124423A9F045
:103D80008091891290918A12FC01EB57FD4E9C01A3
:103D9000265F3F4F8FEF840F280F311D24583D4E73
:103DA0008D918193E217F307D9F785E892E190931B
:103DB0008C1280938B12842F90E0909383128093C7
:103DC0008212E5E8F2E18FEF9FEF90937D128093EE
:103DD0007C1280917712882309F49FC7A081B1815A
:103DE00020916E1230916F124091701250917112A9
:103DF0000E941087DC01CB012AE0B695A795979524
:103E000087952A95D1F790937B1280937A1210921E
:103E10007D1210927C1281E0809384128DED94E0EB
:103E20009093FD118093FC110E94785F81110C9496
:103E3000140DE0918B12F0918C1280818093791295
:103E400080EE94E09093FD118093FC1180916B12B1
:103E500090916C12009709F46BCD019790936C12BE
:103E600080936B12E0910A0F81E08E0F80930A0F0E
:103E7000F0E0EE0FFF1FEE0FFF1FE65FF44F8091A3
:103E8000781290917912A0917A12B0917B1280836E
:103E90009183A283B38380916712909168120197F6
:103EA0009093681280936712892B09F453C0109283
:103EB0007D1210927C1282E08093841281ED94E056
:103EC0009093FD118093FC11809182129091831246
:103ED0006091801270918112681B790B70938A1225
:103EE00060938912A09184122A2F30E06217730721
:103EF00010F00C94592C6115710509F473C6E0910A
:103F00007E12F0917F1240E050E020E0E80FF91FB0
:103F100080E090E0A150EF01C40FD51F3881EC0183
:103F2000C458DD4E39878A2F821B809384122F5FFD
:103F3000822F90E0AC018617970768F3DFCE8C3BA9
:103F4000E3E09E0709F432C1893C934009F4B8CB01
:103F50000C94C8068091FE119091FF110C949D1055
:103F600080917712882311F40C94DA1280916E12EA
:103F700090916F12A0917012B09171120C94D212A4
:103F800080917C1290917D12863AF1E09F0711F4A6
:103F90000C941C11873B21E0920709F407C2892B7E
:103FA00011F40C94872FE0918B12F0918C120C94E9
:103FB000781180917C1290917D12863AE1E09E0703
:103FC00009F448C7873BF1E09F0709F4B3C6892B82
:103FD00009F401C7E0918B12F0918C128FEF9FEFE3
:103FE00090937D1280937C126181728140E0808188
:103FF0000E94C76E1092FD111092FC1181E00C948A
:10400000150D80917C1290917D12863AF1E09F0708
:1040100009F47ACE873B21E0920709F4E9C5892BA0
:1040200009F452CFE0918B12F0918C12CCCE80919A
:104030007C1290917D12863AE1E09E0711F40C9477
:104040007D08873BF1E09F0709F41CC6892B11F41A
:104050000C943C08E0918B12F0918C120C94DB08CC
:1040600080917C1290917D12863A21E0920711F4A2
:104070000C94FB11873BE1E09E0709F4A9C4892B4E
:1040800011F40C94BA11E0918B12F0918C120C94F3
:10409000591280917C1290917D12863AF1E09F072F
:1040A00011F40C94E515873B21E0920709F45FC2F7
:1040B000892B11F40C94A415E0918B12F0918C12C1
:1040C00080918012909181120C94481680917C12FC
:1040D00090917D12863AF1E09F0711F40C94162915
:1040E000873B21E0920711F40C948628892B11F468
:1040F0000C94D728E0918B12F0918C128FEF9FEFE8
:1041000090937D1280937C126181728143818081C2
:104110000E94C76E1092FD111092FC1181E00C9468
:10412000150D10927D1210927C1281E08093841202
:1041300080E492E09093FD118093FC110C945B0E4F
:1041400080917C1290917D12863A21E0920711F4C1
:104150000C945314873BE1E09E0709F448C3892B74
:1041600011F40C94812FE0918B12F0918C128091BC
:104170008012909181120C94B51480917C129091D0
:104180007D12863AE1E09E0711F40C940B15873BF3
:10419000F1E09F0709F48AC2892B11F40C948D2F4A
:1041A000E0918B12F0918C120C94691580917C1225
:1041B00090917D12863AF1E09F0709F4F5C9873B9B
:1041C00021E0920709F466C3892B09F4ACC9E09198
:1041D0008B12F0918C1247CA8081918190930A12C0
:1041E000809309120C940E132091771221110C94D4
:1041F000FE0F0C94061040912712509128126091E6
:10420000291270912A1277FF02C00C946E2A009135
:104210004F12109150122091511230915212400FB2
:10422000511F621F731F40932712509328126093EF
:10423000291270932A1290917912926090937912B8
:10424000823009F0FDCB23CCB0937B12A0937A127D
:104250000C943E1087EB91E090937D1280937C123A
:104260008091C70A882311F40C94140D8091C80A18
:104270009091C90A8F5B964011F40C94592E8FEBE4
:1042800096E09093C90A8093C80AFC012091C30A62
:104290003091C40A8091BF0A9091C00AA091C10ACE
:1042A000B091C20A820F931FA11DB11D8093BF0A56
:1042B0009093C00AA093C10AB093C20A1092C70A91
:1042C0003093811220938012F0937F12E0937E123C
:1042D000F0938C12E0938B128091841290E0909373
:1042E0008312809382120C944F09409127125091AF
:1042F00028126091291270912A1277FF02C00C9443
:10430000842A00914F121091501220915112309135
:104310005212400F511F621F731F40932712509378
:1043200028126093291270932A1290917912926048
:1043300090937912823011F00C94D2180C94F918E1
:10434000232B11F40C949D10B2CD40912712509163
:1043500028126091291270912A1277FF02C00C94E2
:10436000FD2A00914F12109150122091511230915C
:104370005212400F511F621F731F40932712509318
:1043800028126093291270932A12909179129260E8
:1043900090937912823011F00C94280A0C944F0AF1
:1043A00087EB91E090937D1280937C128091C70AF5
:1043B000882311F40C94140D8091C80A9091C90AB5
:1043C0008F5B964011F40C94982E8FEB96E09093AF
:1043D000C90A8093C80AFC012091C30A3091C40A1B
:1043E0008091BF0A9091C00AA091C10AB091C20AFF
:1043F000820F931FA11DB11D8093BF0A9093C00A25
:10440000A093C10AB093C20A1092C70A30938112D6
:1044100020938012F0937F12E0937E12F0938C121F
:10442000E0938B128091841290E09093831280939A
:1044300082120C94781187EB91E090937D12809317
:104440007C128091C70A882311F40C94140D80917A
:10445000C80A9091C90A8F5B964011F40C94AA2E59
:104460008FEB96E09093C90A8093C80AFC01809173
:10447000C30A9091C40A4091BF0A5091C00A60914A
:10448000C10A7091C20A480F591F611D711D4093E6
:10449000BF0A5093C00A6093C10A7093C20A109277
:1044A000C70A9093811280938012F0937F12E09359
:1044B0007E12F0938C12E0938B122091841230E0E4
:1044C00030938312209382120C94140787EB91E0AF
:1044D00090937D1280937C128091C70A882311F4F7
:1044E0000C94140D8091C80A9091C90A8F5B964074
:1044F00011F40C948F2E8FEB96E09093C90A809361
:10450000C80AFC018091C30A9091C40A4091BF0A75
:104510005091C00A6091C10A7091C20A480F591F98
:10452000611D711D4093BF0A5093C00A6093C10A78
:104530007093C20A1092C70A9093811280938012DE
:10454000F0937F12E0937E12F0938C12E0938B1223
:104550002091841230E030938312209382120C94C5
:10456000C61087EB91E090937D1280937C1280912E
:10457000C70A882311F40C94140D8091C80A9091F5
:10458000C90A8F5B964011F40C947D2E8FEB96E058
:104590009093C90A8093C80AFC018091C30A909144
:1045A000C40A4091BF0A5091C00A6091C10A70913B
:1045B000C20A480F591F611D711D4093BF0A5093D5
:1045C000C00A6093C10A7093C20A1092C70A9093FE
:1045D000811280938012F0937F12E0937E12F09309
:1045E0008C12E0938B122091841230E0309383126E
:1045F000209382120C944816409127125091281251
:104600006091291270912A1277FF02C00C94512BED
:1046100000914F121091501220915112309152126C
:10462000400F511F621F731F40932712509328128F
:104630006093291270932A1290917912926090934C
:104640007912823011F00C94E6170C940D184091F9
:104650002712509128126091291270912A1277FF27
:1046600002C00C947D2B00914F121091501220919A
:10467000511230915212400F511F621F731F40930D
:104680002712509328126093291270932A12909146
:104690007912926090937912823009F0ABC8D1C838
:1046A00087EB91E090937D1280937C128091C70AF2
:1046B000882311F40C94140D8091C80A9091C90AB2
:1046C0008F5B964011F40C94B32E8FEB96E0909391
:1046D000C90A8093C80AFC012091C30A3091C40A18
:1046E0008091BF0A9091C00AA091C10AB091C20AFC
:1046F000820F931FA11DB11D8093BF0A9093C00A22
:10470000A093C10AB093C20A1092C70A30938112D3
:1047100020938012F0937F12E0937E12F0938C121C
:10472000E0938B128091841290E090938312809397
:1047300082120C94691540912712509128126091B1
:10474000291270912A1277FF02C00C94D52B009188
:104750004F12109150122091511230915212400F6D
:10476000511F621F731F40932712509328126093AA
:10477000291270932A129091791292609093791273
:10478000823011F00C948E0D0C94B50D40912712CF
:10479000509128126091291270912A1277FF02C05D
:1047A0000C94EB2B00914F1210915012209151124A
:1047B00030915212400F511F621F731F40932712F6
:1047C000509328126093291270932A1290917912B3
:1047D000926090937912823011F00C943E0B0C94FD
:1047E000650B87EB91E090937D1280937C12809112
:1047F000C70A882311F40C94140D8091C80A909173
:10480000C90A8F5B964011F40C94BC2E8FEB96E096
:104810009093C90A8093C80AFC018091C30A9091C1
:10482000C40A4091BF0A5091C00A6091C10A7091B8
:10483000C20A480F591F611D711D4093BF0A509352
:10484000C00A6093C10A7093C20A1092C70A90937B
:10485000811280938012F0937F12E0937E12F09386
:104860008C12E0938B122091841230E030938312EB
:10487000209382120C94B5148081918190937B12C5
:1048800080937A120C94421787EB91E090937D12FB
:1048900080937C128091C70A882311F40C94140D24
:1048A0008091C80A9091C90A8F5B964011F40C94CC
:1048B000D72E8FEB96E09093C90A8093C80AFC012B
:1048C0002091C30A3091C40A8091BF0A9091C00A16
:1048D000A091C10AB091C20A820F931FA11DB11D00
:1048E0008093BF0A9093C00AA093C10AB093C20AF2
:1048F0001092C70A3093811220938012F0937F1296
:10490000E0937E12F0938C12E0938B1280918412CC
:1049100090E090938312809382120C94331B8081D9
:1049200090E090937B1280937A120C94581B87EB43
:1049300091E090937D1280937C128091C70A882326
:1049400011F40C94140D8091C80A9091C90A8F5BE0
:10495000964011F40C94E02E8FEB96E09093C90AE8
:104960008093C80AFC018091C30A9091C40A4091C7
:10497000BF0A5091C00A6091C10A7091C20A480FE3
:10498000591F611D711D4093BF0A5093C00A609367
:10499000C10A7093C20A1092C70A90938112809341
:1049A0008012F0937F12E0937E12F0938C12E093CA
:1049B0008B122091841230E0309383122093821264
:1049C0000C94F91387EB91E090937D1280937C1205
:1049D0008091C70A882311F40C94140D8091C80AA1
:1049E0009091C90A8F5B964011F40C94E92E8FEBDD
:1049F00096E09093C90A8093C80AFC012091C30AEB
:104A00003091C40A8091BF0A9091C00AA091C10A56
:104A1000B091C20A820F931FA11DB11D8093BF0ADE
:104A20009093C00AA093C10AB093C20A1092C70A19
:104A30003093811220938012F0937F12E0937E12C4
:104A4000F0938C12E0938B128091841290E09093FB
:104A50008312809382120C945912808190E090937B
:104A60007B1280937A120C94F11C80819181909337
:104A70007B1280937A120C94F709813109F48AC36E
:104A8000873711F40C94A4108D3011F00C94750E2E
:104A900083E294E09093FD118093FC11B1C8808172
:104AA000918190937B1280937A120C94B517808138
:104AB00090E090937B1280937A120C94CB1B8F79A9
:104AC000CFC8808190E090937B1280937A120C94EF
:104AD0005D0D87EB91E090937D1280937C12809125
:104AE000C70A882311F40C94140D8091C80A909180
:104AF000C90A8F5B964011F40C940D2F8FEB96E052
:104B00009093C90A8093C80AFC012091C30A30918E
:104B1000C40A8091BF0A9091C00AA091C10AB091C5
:104B2000C20A820F931FA11DB11D8093BF0A9093EB
:104B3000C00AA093C10AB093C20A1092C70A309368
:104B4000811220938012F0937F12E0937E12F093F3
:104B50008C12E0938B128091841290E090938312D8
:104B6000809382120C94730F8081918190937B12B9
:104B700080937A120C940D0B4091271250912812B9
:104B80006091291270912A1277FF02C00C94EB2DCC
:104B900000914F12109150122091511230915212E7
:104BA000400F511F621F731F40932712509328120A
:104BB0006093291270932A129091791292609093C7
:104BC0007912823011F00C94BF190C94E619880FF9
:104BD000991FFC01E651FF4E2081318140E050E0F9
:104BE0000C94B80F87EB91E090937D1280937C1228
:104BF0008091C70A882311F40C94140D8091C80A7F
:104C00009091C90A8F5B964011F40C941F2F8FEB83
:104C100096E09093C90A8093C80AFC012091C30AC8
:104C20003091C40A8091BF0A9091C00AA091C10A34
:104C3000B091C20A820F931FA11DB11D8093BF0ABC
:104C40009093C00AA093C10AB093C20A1092C70AF7
:104C50003093811220938012F0937F12E0937E12A2
:104C6000F0938C12E0938B128091841290E09093D9
:104C7000831280938212A7C887EB91E090937D12F4
:104C800080937C128091C70A882311F40C94140D30
:104C90008091C80A9091C90A8F5B964011F40C94D8
:104CA0003A2F8FEB96E09093C90A8093C80AFC01D3
:104CB0002091C30A3091C40A8091BF0A9091C00A22
:104CC000A091C10AB091C20A820F931FA11DB11D0C
:104CD0008093BF0A9093C00AA093C10AB093C20AFE
:104CE0001092C70A3093811220938012F0937F12A2
:104CF000E0937E12F0938C12E0938B1280918412D9
:104D000090E090938312809382120C94DB08B0930E
:104D10007B12A0937A120C940B098081918190935D
:104D20007B1280937A1273C887EB91E090937D1287
:104D300080937C128091C70A882311F40C94140D7F
:104D40008091C80A9091C90A8F5B964011F40C9427
:104D50005C2F8FEB96E09093C90A8093C80AFC0100
:104D60002091C30A3091C40A8091BF0A9091C00A71
:104D7000A091C10AB091C20A820F931FA11DB11D5B
:104D80008093BF0A9093C00AA093C10AB093C20A4D
:104D90001092C70A3093811220938012F0937F12F1
:104DA000E0937E12F0938C12E0938B128091841228
:104DB00090E0909383128093821210C910927D121A
:104DC00010927C1283E08093841280E095E09093AF
:104DD000FD118093FC118091821290918312609159
:104DE000801270918112681B790B70938A12609304
:104DF0008912A09184122A2F30E06217730708F0FD
:104E000081C66115710509F48FCFE0917E12F09192
:104E10007F1240E050E020E0E80FF91F80E090E0D2
:104E2000A150EF01C40FD51F3881EC01C458DD4EED
:104E300039878A2F821B809384122F5F822F90E004
:104E4000AC018617970768F386EA91E090937D128C
:104E500080937C128091C70A882311F40C94140D5E
:104E60008091C80A9091C90A8F5B964011F40C9406
:104E7000532F8FEB96E09093C90A8093C80ADC0108
:104E80008091C30A9091C40A4091BF0A5091C00A10
:104E90006091C10A7091C20A480F591F611D711DAE
:104EA0004093BF0A5093C00A6093C10A7093C20A2C
:104EB0001092C70A9093811280938012B0937F1250
:104EC000A0937E12409184124423A9F0809189120C
:104ED00090918A12FC01EB57FD4E9C01265F3F4FDB
:104EE0008FEF840F280F311D24583D4E8D918193F3
:104EF000E217F307D9F785E892E190938C1280933B
:104F00008B12842F90E09093831280938212E5E8B5
:104F1000F2E164C887EB91E090937D1280937C125C
:104F20008091C70A882311F40C94140D8091C80A4B
:104F30009091C90A8F5B964009F4ADC78FEB96E05C
:104F40009093C90A8093C80AFC012091C30A30914A
:104F5000C40A8091BF0A9091C00AA091C10AB09181
:104F6000C20A820F931FA11DB11D8093BF0A9093A7
:104F7000C00AA093C10AB093C20A1092C70A309324
:104F8000811220938012F0937F12E0937E12F093AF
:104F90008C12E0938B128091841290E09093831294
:104FA000809382120C94641E10927D1210927C12D7
:104FB00082E08093841287EF94E09093FD118093B8
:104FC000FC118091821290918312609180127091F5
:104FD0008112681B790B70938A1260938912A091D9
:104FE00084122A2F30E06217730708F063C5611539
:104FF000710509F48FCFE0917E12F0917F1240E0AD
:1050000050E020E0E80FF91F80E090E0A150EF01B0
:10501000C40FD51F3881EC01C458DD4E39878A2F63
:10502000821B809384122F5F822F90E0AC01861741
:10503000970768F386EA91E090937D1280937C1243
:105040008091C70A882311F40C94140D8091C80A2A
:105050009091C90A8F5B964009F415C78FEB96E0D3
:105060009093C90A8093C80ADC018091C30A909189
:10507000C40A4091BF0A5091C00A6091C10A709160
:10508000C20A480F591F611D711D4093BF0A5093FA
:10509000C00A6093C10A7093C20A1092C70A909323
:1050A000811280938012B0937F12A0937E12409160
:1050B00084124423A9F08091891290918A12FC01F4
:1050C000EB57FD4E9C01265F3F4F8FEF840F280F5B
:1050D000311D24583D4E8D918193E217F307D9F786
:1050E00085E892E190938C1280938B12842F90E04C
:1050F0009093831280938212E5E8F2E10C94641E8F
:1051000087EB91E090937D1280937C128091C70A87
:10511000882311F40C94140D8091C80A9091C90A47
:105120008F5B964009F4D9C68FEB96E09093C90A3D
:105130008093C80AFC012091C30A3091C40A80916F
:10514000BF0A9091C00AA091C10AB091C20A820F11
:10515000931FA11DB11D8093BF0A9093C00AA09315
:10516000C10AB093C20A1092C70A309381122093E9
:105170008012F0937F12E0937E12F0938C12E093F2
:105180008B128091841290E090938312809382120C
:105190000C947E2010927D1210927C1284E08093F9
:1051A000841282E295E09093FD118093FC1180912E
:1051B0008212909183126091801270918112681B0B
:1051C000790B70938A1260938912A09184122A2F0E
:1051D00030E06217730708F0A7C46115710509F480
:1051E0008FCFE0917E12F0917F1240E050E020E0FE
:1051F000E80FF91F80E090E0A150EF01C40FD51F28
:105200003881EC01C458DD4E39878A2F821B809388
:1052100084122F5F822F90E0AC018617970768F306
:1052200086EA91E090937D1280937C128091C70A68
:10523000882311F40C94140D8091C80A9091C90A26
:105240008F5B964009F441C68FEB96E09093C90AB4
:105250008093C80ADC018091C30A9091C40A4091EE
:10526000BF0A5091C00A6091C10A7091C20A480FEA
:10527000591F611D711D4093BF0A5093C00A60936E
:10528000C10A7093C20A1092C70A90938112809348
:105290008012B0937F12A0937E1240918412442317
:1052A000A9F08091891290918A12FC01EB57FD4E72
:1052B0009C01265F3F4F8FEF840F280F311D24582C
:1052C0003D4E8D918193E217F307D9F785E892E17E
:1052D00090938C1280938B12842F90E09093831282
:1052E00080938212E5E8F2E10C947E20E0917E1238
:1052F000F0917F12EA0FFB1FF0938C12E0938B1258
:10530000A80FB91FB0938312A09382120C944F0977
:105310002091EA103091EB1040E050E00C94B80F6F
:10532000E0917E12F0917F12E60FF71FF0938C123E
:10533000E0938B12620F731F70938312609382123B
:105340000C94C610E0917E12F0917F12E20FF31FD1
:10535000F0938C12E0938B12280F391F3093831235
:10536000209382120C947811E0917E12F0917F12BA
:10537000E60FF71FF0938C12E0938B12620F731FEE
:1053800070938312609382120C941407E0917E1242
:10539000F0917F12E60FF71FF0938C12E0938B12BF
:1053A000620F731F70938312609382120C944816DD
:1053B00060E172E088EF92E00E94614F0C94DA1293
:1053C000E0917E12F0917F12E20FF31FF0938C12A6
:1053D000E0938B12280F391F30938312209382128F
:1053E0000C946915E0917E12F0917F12E60FF71F81
:1053F000F0938C12E0938B12620F731F70938312E1
:10540000609382120C94B514E0917E12F0917F1299
:10541000E80FF91FF0938C12E0938B12820F931F09
:1054200090938312809382120C94331B60E172E09C
:1054300081E994E00E94614F0C940610E0917E1285
:10544000F0917F12E60FF71FF0938C12E0938B120E
:10545000620F731F70938312609382120C94F9137E
:10546000E0917E12F0917F12EA0FFB1FF0938C12F5
:10547000E0938B12A80FB91FB0938312A0938212EE
:105480000C94591200913F12109140122091411238
:1054900030914212400F511F621F731F40932B1215
:1054A00050932C1260932D1270932E120C94451D64
:1054B00000914312109144122091451230914612EE
:1054C000400F511F621F731F40932F1250933012D1
:1054D00060933112709332120C946C1D00913B1248
:1054E00010913C1220913D1230913E12400F511FFD
:1054F000621F731F40932712509328126093291242
:1055000070932A120C94202100913B1210913C12AE
:1055100020913D1230913E12400F511F621F731FA8
:1055200040932712509328126093291270932A12E5
:105530000C949A2100913F12109140122091411237
:1055400030914212400F511F621F731F40932B1264
:1055500050932C1260932D1270932E120C94F71806
:10556000009143121091441220914512309146123D
:10557000400F511F621F731F40932F125093301220
:1055800060933112709332120C941E19220F331F44
:10559000F901E651FF4E2081318140E050E00C944A
:1055A000951200913F1210914012209141123091BA
:1055B0004212400F511F621F731F40932B125093D2
:1055C0002C1260932D1270932E120C944D0A0091A0
:1055D0004312109144122091451230914612400F0F
:1055E000511F621F731F40932F125093301260930C
:1055F0003112709332120C94740A00913B12109184
:105600003C1220913D1230913E12400F511F621FFB
:10561000731F40932712509328126093291270939E
:105620002A120C94CA2100913F121091401220912D
:10563000411230914212400F511F621F731F40935D
:105640002B1250932C1260932D1270932E120C94E7
:105650000B18E0917E12F0917F12E80FF91FF09382
:105660008C12E0938B12820F931F9093831280937E
:1056700082120C94730F00914312109144122091E6
:10568000451230914612400F511F621F731F409305
:105690002F125093301260933112709332120C9487
:1056A000461C00913B1210913C1220913D1230910A
:1056B0003E12400F511F621F731F409327125093D9
:1056C00028126093291270932A120C9421230091BE
:1056D0003F12109140122091411230914212400F1E
:1056E000511F621F731F40932B1250932C12609313
:1056F0002D1270932E120C941F1C00913B121091CE
:105700003C1220913D1230913E12400F511F621FFA
:10571000731F40932712509328126093291270939D
:105720002A120C944C2300914312109144122091A0
:10573000451230914612400F511F621F731F409354
:105740002F125093301260933112709332120C94D6
:10575000321800913F121091401220914112309165
:105760004212400F511F621F731F40932B12509320
:105770002C1260932D1270932E120C94630B0091D7
:105780004312109144122091451230914612400F5D
:10579000511F621F731F40932F125093301260935A
:1057A0003112709332120C948A0B00913B121091BB
:1057B0003C1220913D1230913E12400F511F621F4A
:1057C000731F4093271250932812609329127093ED
:1057D0002A120C94C02300913B1210913C1220918C
:1057E0003D1230913E12400F511F621F731F4093B4
:1057F0002712509328126093291270932A120C9446
:10580000EB2300913F1210914012209141123091F0
:105810004212400F511F621F731F40932B1250936F
:105820002C1260932D1270932E120C94B30D0091D4
:105830004312109144122091451230914612400FAC
:10584000511F621F731F40932F12509330126093A9
:105850003112709332120C94DA0D4091471250912C
:1058600048126091491270914A12840F951FA61F29
:10587000B71F8093331290933412A0933512B093D4
:1058800036120C94931D409147125091481260912A
:10589000491270914A12840F951FA61FB71F80935B
:1058A000331290933412A0933512B09336120C94A5
:1058B0004519E0917E12F0917F12E80FF91FF093E5
:1058C0008C12E0938B12820F931F9093831280931C
:1058D00082120C94E31EE0917E12F0917F12E80F89
:1058E000F91FF0938C12E0938B12820F931F909309
:1058F0008312809382120C94DB080091371210916E
:1059000038122091391230913A12400F511F621F04
:10591000731F4093231250932412609325127093A7
:1059200026120C941D1D2091EA103091EB1040E0DE
:1059300050E00C949512409147125091481260919A
:10594000491270914A12840F951FA61FB71F8093AA
:10595000331290933412A0933512B09336120C94F4
:105960009B0A4091471250914812609149127091E0
:105970004A12840F951FA61FB71F8093331290936E
:105980003412A0933512B09336120C94591800912A
:105990003712109138122091391230913A12400F7B
:1059A000511F621F731F4093231250932412609360
:1059B0002512709326120C94CE18409147125091E4
:1059C00048126091491270914A12840F951FA61FC8
:1059D000B71F8093331290933412A0933512B09373
:1059E00036120C94010E409147125091481260916A
:1059F000491270914A12840F951FA61FB71F8093FA
:105A0000331290933412A0933512B09336120C9443
:105A10006D1C40914712509148126091491270914B
:105A20004A12840F951FA61FB71F809333129093BD
:105A30003412A0933512B09336120C94B10B00912E
:105A40003712109138122091391230913A12400FCA
:105A5000511F621F731F40932312509324126093AF
:105A60002512709326120C94240A10927D12109223
:105A70007C1282E08093841280E195E09093FD1186
:105A80008093FC110C94CE0C0091371210913812B7
:105A90002091391230913A12400F511F621F731F2B
:105AA0004093231250932412609325127093261270
:105AB0000C94E217E0917E12F0917F12E80FF91F2B
:105AC000F0938C12E0938B12820F931F90938312AA
:105AD000809382120C94641E009137121091381238
:105AE0002091391230913A12400F511F621F731FDB
:105AF0004093231250932412609325127093261220
:105B00000C94F71BE0917E12F0917F12E80FF91FC1
:105B1000F0938C12E0938B12820F931F9093831259
:105B2000809382120C94EE1FE0917E12F0917F120E
:105B3000E80FF91FF0938C12E0938B12820F931FE2
:105B400090938312809382120C947E2000913712DE
:105B5000109138122091391230913A12400F511F92
:105B6000621F731F409323125093241260932512D7
:105B7000709326120C948A0D0091371210913812EE
:105B80002091391230913A12400F511F621F731F3A
:105B9000409323125093241260932512709326127F
:105BA0000C943A0B6FEF70E087E00E94CE62D093C6
:105BB000ED110E943D65DC01CB018C0F911DA11DF3
:105BC000B11D8093EE119093EF11A093F011B0935B
:105BD000F1110C94A41000913B1210913C122091F1
:105BE0003D1230913E12400F511F621F731F4093B0
:105BF0002712509328126093291270932A120C9442
:105C0000E12500913F1210914012209141123091F4
:105C10004212400F511F621F731F40932B1250936B
:105C20002C1260932D1270932E120C94E419009193
:105C30004312109144122091451230914612400FA8
:105C4000511F621F731F40932F12509330126093A5
:105C50003112709332120C940B1A409147125091EA
:105C600048126091491270914A12840F951FA61F25
:105C7000B71F8093331290933412A0933512B093D0
:105C800036120C94321A009137121091381220916A
:105C9000391230913A12400F511F621F731F409307
:105CA00023125093241260932512709326120C94A1
:105CB000BB198FEB98E09093C90A8093C80AFC0146
:105CC0000C9446218FEB98E09093C90A8093C80A00
:105CD000DC010C948C138FEB98E09093C90A8093AD
:105CE000C80ADC010C94B4168FEB98E09093C90AB3
:105CF0008093C80ADC010C94FB158FEB98E090931D
:105D0000C90A8093C80AFC010C94CD228FEB98E05D
:105D10009093C90A8093C80ADC010C9431118FEB6F
:105D200098E09093C90A8093C80AFC010C948222DF
:105D30008FEB98E09093C90A8093C80AFC010C94F9
:105D4000EC218FEB98E09093C90A8093C80ADC019C
:105D50000C947F078FEB98E09093C90A8093C80A50
:105D6000FC010C9437228FEB98E09093C90A809342
:105D7000C80AFC010C946C238FEB98E09093C90A3D
:105D80008093C80AFC010C940D248FEB98E090934B
:105D9000C90A8093C80ADC010C9468148FEB98E060
:105DA0009093C90A8093C80ADC010C9420158FEBEC
:105DB00098E09093C90A8093C80AFC010C9460246F
:105DC0008FEB98E09093C90A8093C80AFC010C9469
:105DD000B3248FEB98E09093C90A8093C80AFC0122
:105DE0000C94FE248FEB98E09093C90A8093C80A24
:105DF000DC010C9410128FEB98E09093C90A809309
:105E0000C80ADC010C940F0F8FEB98E09093C90A3D
:105E10008093C80ADC010C94EA1A8FEB98E0909307
:105E2000C90A8093C80AFC010C9485258FEB98E081
:105E30009093C90A8093C80ADC010C946C0C8FEB18
:105E400098E09093C90A8093C80AFC010C940E262E
:105E50008FEB98E09093C90A8093C80ADC010C94F8
:105E600092088FEB98E09093C90A8093C80ADC01EE
:105E70000C949A1E8FEB98E09093C90A8093C80AFD
:105E8000FC010C9458268FEB98E09093C90A8093FC
:105E9000C80ADC01EAC88FEB98E09093C90A8093A6
:105EA000C80AFC0152C88FEB98E09093C90A80930E
:105EB000C80ADC010C9440278FEB98E09093C90A44
:105EC0008093C80AFC010C94B0268FEB98E0909365
:105ED000C90A8093C80ADC01BEC98FEB98E0909391
:105EE000C90A8093C80AFC0126C98091801290914A
:105EF00081120C94611680918012909181120C9401
:105F00002D0780918012909181120C94161480912B
:105F10008012909181120C94DF10809180129091E8
:105F200081120C94CE144F925F926F927F928F9257
:105F30009F92AF92BF92CF92DF92EF92FF920F9318
:105F40001F93CF93DF93CDB7DEB7CC5BD2400FB6B4
:105F5000F894DEBF0FBECDBF8091DB109091DC10B6
:105F60008E3F28E0920709F430C208F446C0863319
:105F700039E0930709F4E3C108F0A8C08831E9E0EB
:105F80009E0709F499C18E32994009F06CC2809144
:105F9000C50A9091C60A892BB9F482E090E09093EB
:105FA000C60A8093C50A1092B4041092B30480917B
:105FB000E1108F5F09F481E08093E11086E399E0BE
:105FC0009093DC108093DB1081E0C454DD4F0FB65A
:105FD000F894DEBF0FBECDBFDF91CF911F910F911F
:105FE000FF90EF90DF90CF90BF90AF909F908F90F9
:105FF0007F906F905F904F9008958C3B48E094079E
:1060000009F4DCC008F4D1C0883CF8E09F0709F42B
:10601000FCC08C3E984009F026C2E09112104091DD
:106020001110E41709F473C381E08E0F80931210EE
:10603000F0E0EF5EF04F80818093E7102091E31055
:106040003091E4102827022E2295207F2025032E50
:10605000322F22952F700226269532272327220FD2
:10606000220F220F20253093E4102093E31020917B
:10607000E5103091E61090E001972817390708F4F1
:1060800066C2782F8093E810281B31093093E61000
:106090002093E510772309F45CC2672F713108F073
:1060A00060E16093E9108EEF98E09093DC108093AC
:1060B000DB1080911210942F981B961708F47CC265
:1060C0007091E810761B7093E81092C1803429E03B
:1060D000920709F4BAC08634994009F0C4C180918E
:1060E000E5109091E6103091121020911110231BB1
:1060F000582F8D5F281708F442C28091E3109091C9
:10610000E410552309F432C4652F630F232FE22FC7
:10611000F0E0EF5EF04F40818427082E8295807F6B
:106120008025092E982F82958F70082686959827AE
:106130008927880F880F880F80252F5F2613E7CFC8
:106140009093E4108093E310E1E0E30FE50FF0E0BB
:10615000EF5EF04F20813E5F350FE32FF0E0EF5E02
:10616000F04F4081E62FF0E0EF5EF04F30813330AA
:1061700009F4B6C3343009F47CC3323009F47AC36D
:1061800030E0342B2817390709F476C36091E11009
:1061900085E00E94436F109212101092111010921D
:1061A000DC101092DB1081E010CF892B09F05BC16D
:1061B0008CEB98E09093DC108093DB10E091121050
:1061C000809111108E1709F4FFCE81E08E0F80931D
:1061D0001210F0E0EF5EF04F808181112DC00E941F
:1061E0003D656093DD107093DE108093DF10909317
:1061F000E0108FEF9FEF9093E4108093E31088EC12
:1062000098E09093DC108093DB1040911110842F64
:10621000E0911210942F9E1B923008F42CC191E053
:106220009E0F90931210AE2FB0E0AF5EB04F2C9146
:10623000209329032111CDC2109212101092111037
:106240001092DC101092DB10BFCE80911110E09103
:1062500012108E1709F4EAC131E03E0FF0E0282F4A
:10626000231B30931210EF5EF04F80814091E310BA
:106270005091E4104827042E4295407F4025052E7A
:10628000542F42954F700426469554274527440FB6
:10629000440F440F40255093E4104093E31090E0E6
:1062A00001979093E6108093E51046E459E05093EF
:1062B000DC104093DB101CCF40911110E0911210C4
:1062C000842F8E1B833008F4F2C1AE2FB0E0AF5E96
:1062D000B04F9C91A1E0AE0FB0E0AF5EB04F8C919B
:1062E00023E02E0F20931210EE5FF0E0EF5EF04FF0
:1062F00030816091E3107091E410933009F437C15C
:10630000943009F4DBC2923009F4D9C290E0932BA7
:106310006817790709F4D5C26091E11085E00E9401
:10632000436F10921210109211101092B606109234
:10633000B5061092DC101092DB1081E046CE809101
:10634000C50A9091C60A029709F43ECE8FEF9FEFDF
:1063500090939E0480939D0480919704909198045B
:10636000282F291B2F3F09F404C1E1E0E80FA82FD3
:10637000B0E0AB56BC4F12961C922E2F291B2F3F1C
:1063800009F4F7C0F0E0EB56FC4F26E0228322E050
:10639000280F422F50E05093A00440939F04291BE4
:1063A0002F3F09F4E6C08D5F80939704FA01EB5606
:1063B000FC4F21E02283891B8F3F09F4DAC08091D2
:1063C0009B048F5F80939B043BCF6091E910809189
:1063D000121040911110942F981B961708F4ECC0DE
:1063E0007091E810761B7093E810662309F452CE82
:1063F0000091B5061091B6062091E3103091E4109B
:10640000D801AB54BB4F562F580FE82FF0E0EF5E8A
:10641000F04F90819D932927022E2295207F2025E1
:10642000032E322F22952F700226269532272327FE
:10643000220F220F220F20258F5F8513E6CF809336
:106440001210909329030F5F1F4F6150060F111D0B
:106450001093B6060093B5063093E4102093E31032
:106460001092E91017CE8FEF9FEF9093DC1080937E
:10647000DB1080E0AACD0E943D650091DD101091F7
:10648000DE102091DF103091E010DC01CB01801B89
:10649000910BA20BB30B8B3F9105A105B10508F43D
:1064A00093CD8091E1102FEF3FEF30939E04209326
:1064B0009D049091970420919804392F321B3F3FFF
:1064C00041F1E1E0E90FE0939704A92FB0E0AB566A
:1064D000BC4F12961C923E2F321B3F3FD1F032E050
:1064E000390F30939704F0E0EB56FC4F48E04283BD
:1064F000432F50E05093A00440939F04321B3F3F32
:1065000041F09D5F90939704FA01EB56FC4F91E0A8
:1065100092830E94B56C8091970490919804891B96
:106520008F3F09F4E7C180919D0490919E048F3FB5
:106530004FEF940731F09927FC01EB56FC4F8FEF9A
:10654000828380919B048F5F80939B0475CEC901E9
:1065500098CD8091E5109091E610009709F0D0C198
:1065600088E199E09093DC108093DB10A7CE8E7FBA
:10657000CDCE80919F0482508093970461CE0E947B
:106580003D650091DD101091DE102091DF103091FB
:10659000E010DC01CB01801B910BA20BB30B8B3FF6
:1065A0009105A105B10508F40FCD1091E11088E027
:1065B0000E94C16D812FADCF0E943D650091DD101D
:1065C0001091DE102091DF103091E010DC01CB0142
:1065D000801B910BA20BB30B8B3F9105A105B1055D
:1065E00008F4F2CC1091E11088E00E94C16D812F77
:1065F0000E94B56C8091970490919804891B8F3FFD
:1066000009F472C180919D0490919E048F3FFFEF29
:106610009F0731F09927FC01EB56FC4F8FEF8283E7
:1066200080919B048F5F80939B047BCE0E943D658D
:106630000091DD101091DE102091DF103091E010FC
:10664000DC01CB01801B910BA20BB30B8B3F91059F
:10665000A105B10508F4B8CC1091E11088E00E94C2
:10666000C16D812F0E94B56C809197049091980420
:10667000891B8F3F11F40C949F4080919D04909151
:106680009E048F3F3FEF930731F09927FC01EB56B3
:10669000FC4F8FEF828380919B048F5F80939B04DC
:1066A000109211102FEFE0E0F0E031E0DACD0E941F
:1066B0003D650091DD101091DE102091DF103091CA
:1066C000E010DC01CB01801B910BA20BB30B8B3FC5
:1066D0009105A105B10508F477CC1091E11088E08F
:1066E0000E94C16D812F0E94B56C8091970490919A
:1066F0009804891B8F3F09F4F7C080919D04909105
:106700009E048F3F2FEF920709F084CF89CF0E941C
:106710003D650091DD101091DE102091DF10309169
:10672000E010DC01CB01801B910BA20BB30B8B3F64
:106730009105A105B10508F447CC8091E1102FEF38
:106740003FEF30939E0420939D04909197042091F5
:106750009804392F321B3F3F41F1E1E0E90FE0930C
:106760009704A92FB0E0AB56BC4F12961C923E2F57
:10677000321B3F3FD1F032E0390F30939704F0E005
:10678000EB56FC4F48E04283432F50E05093A00467
:1067900040939F04321B3F3F41F09D5F90939704CD
:1067A000FA01EB56FC4F91E092830E94B56C809108
:1067B000970490919804891B8F3F09F495C08091AC
:1067C0009D0490919E048F3FEFEF9E0709F022CF2A
:1067D00027CF6091E3107091E4106227062E629536
:1067E000607F6025072E762F62956F70062666956E
:1067F00076276727660F660F660F60257093E41093
:106800006093E310EE5FE0931210A92FB0E0AF5E4B
:10681000B04F9C919093E210992309F40DCD692714
:10682000062E6295607F6025072E762F62956F7029
:106830000626669576276727660F660F660F602522
:106840007093E4106093E31097FF02C00C94A6408D
:106850006091E110261346C080E092E09093E6102C
:106860008093E5108CEE98E09093DC108093DB1021
:10687000D8CB2E7F4E7F84CC2091E210233809F4B0
:106880005DC06091E1108091290368132BC06F5F98
:1068900009F46EC06093E11050931310109214101D
:1068A000822F90E0FC01E058F109E234F10508F490
:1068B00063C0622F81E00E94436FBECC8E7F3E7F1B
:1068C00025CD241731F060E172E08AE299E00E9460
:1068D000614F8EE299E09093DC108093DB1057CBF0
:1068E0002E7F4ECC87E055CC80919F0482508093C0
:1068F000970417CD80919F048250809397049CCC7D
:106900002091E7102F3FB9F02091B5063091B606DF
:10691000B9016F5F7F4F7093B6066093B506F901BA
:10692000E955FB4F168601979093E6108093E5108A
:10693000892B09F415CEE091121094CF81E0809359
:10694000E11050931310109214100E94026F809166
:10695000111090911210891B833008F06DCC60E10A
:1069600072E08AEB9AE00E94614F66CC632FECCB19
:1069700081E08093E11090CF8827EE58FF4F8F4F32
:106980000C9408870E940B860E9405700E94026F7B
:10699000DECF0E940570182F0E940570282F30E06E
:1069A000322F2227C901810F911D909301028093FC
:1069B00000020E940570843611F00C94CE420AEE5B
:1069C00010E10E940B86F801819391938F01F1E110
:1069D000023B1F07B1F761E084EA0E94436FB7CF23
:1069E00081EA0E94C16D8091E7110E94B56C80918F
:1069F000910390919203CB55DD4F8883C55AD240C5
:106A0000CA55DD4F9883C65AD2400E94B56CCA550C
:106A1000DD4F8881C65AD2400E94B56C80918F03A9
:106A200090919003C955DD4F8883C75AD240C8550D
:106A3000DD4F9883C85AD2400E94B56CC855DD4FCF
:106A40008881C85AD2400E94B56C8091BB06909153
:106A5000BC06A091BD06B091BE064091BF0A509100
:106A6000C00A6091C10A7091C20A841B950BA60BE3
:106A7000B70BC558DD4F88839983AA83BB83CB5757
:106A8000D2400E94B56CC458DD4F8881CC57D240AB
:106A90000E94B56CC358DD4F8881CD57D2400E940B
:106AA000B56CC258DD4F8881CE57D2400E94B56C7C
:106AB0008091BB063091BC062091BD069091BE0628
:106AC000C158DD4F8883CF57D240C058DD4F38833F
:106AD000C058D240CF57DD4F2883C158D240CE573F
:106AE000DD4F9883C258D2400E94B56CC058DD4F2C
:106AF0008881C058D2400E94B56CCF57DD4F888145
:106B0000C158D2400E94B56CCE57DD4F8881C25823
:106B1000D2400E94B56C8091801290918112209198
:106B2000821230918312821B930BC755DD4F9983DC
:106B30008883C95AD2400E94B56CC655DD4F888102
:106B4000CA5AD2400E94B56C80910A0F90910B0FE7
:106B5000891B90E0C555DD4F99838883CB5AD2407D
:106B60000E94B56CC455DD4F8881CC5AD2400E943A
:106B7000B56C8091EB119091EC11C355DD4F88837A
:106B8000CD5AD240C255DD4F9883CE5AD2400E9492
:106B9000B56CC255DD4F8881CE5AD2400E94B56C8B
:106BA0008091DD129091DE12C155DD4F8883CF5A5E
:106BB000D240C055DD4F9883C05BD2400E94B56C77
:106BC000C055DD4F8881C05BD2400E94B56C80917A
:106BD000DB129091DC12CF54DD4F8883C15BD24031
:106BE000CE54DD4F9883C25BD2400E94B56CCE5428
:106BF000DD4F8881C25BD2400E94B56C9091A71096
:106C00008091A810811101C0892F0E94B56C80E28B
:106C100090E0CD54DD4F99838883C35BD2400E94BE
:106C2000B56CCC54DD4F8881C45BD2400E94B56CFA
:106C300080E094E0CB54DD4F99838883C55BD240DC
:106C400080E00E94B56CCA54DD4F8881C65BD2409B
:106C50000E94B56C80912503309126032091270373
:106C600090912803CD57DD4F8883C358D240CC572D
:106C7000DD4F3883C458D240CB57DD4F2883C558E9
:106C8000D240CA57DD4F9883C658D2400E94B56C97
:106C9000CC57DD4F8881C458D2400E94B56CCB5789
:106CA000DD4F8881C558D2400E94B56CCA57DD4F70
:106CB0008881C658D2400E94B56C8091E1119091B4
:106CC000E211C954DD4F8883C75BD240C854DD4F01
:106CD0009883C85BD2400E94B56CC854DD4F888150
:106CE000C85BD2400E94B56C8091E3119091E41191
:106CF000C754DD4F8883C95BD240C654DD4F9883AB
:106D0000CA5BD2400E94B56CC654DD4F8881CA5B15
:106D1000D2400E94B56C8091E5119091E611C55466
:106D2000DD4F8883CB5BD240C454DD4F9883CC5B6E
:106D3000D2400E94B56CC454DD4F8881CC5BD240F8
:106D40000E94B56C8091970490919804891B8F3FA5
:106D500011F40C947B4180919D0490919E048F3F8F
:106D60004FEF940731F09927FC01EB56FC4F8FEF62
:106D7000828380919B048F5F80939B04E8CD8FE991
:106D80000E94C16D8091190330911A0320911B0359
:106D900090911C03CF5FDD4F8883C150D240CE5FFE
:106DA000DD4F3883C250D240CD5FDD4F2883C350C2
:106DB000D240CC5FDD4F9883C450D2400E94B56C66
:106DC000CE5FDD4F8881C250D2400E94B56CCD5F4E
:106DD000DD4F8881C350D2400E94B56CCC5FDD4F3F
:106DE0008881C450D2400E94B56C80911D033091BF
:106DF0001E0320911F0390912003CF5BDD4F8883FA
:106E0000C154D240CE5BDD4F3883C254D240CD5BFB
:106E1000DD4F2883C354D240CC5BDD4F9883C454EC
:106E2000D2400E94B56CCE5BDD4F8881C254D24007
:106E30000E94B56CCD5BDD4F8881C354D2400E9467
:106E4000B56CCC5BDD4F8881C454D2400E94B56CD8
:106E500080912103309122032091230390912403F8
:106E6000CA5BDD4F8883C654D240C95BDD4F38838F
:106E7000C754D240C85BDD4F2883C854D240C75B9B
:106E8000DD4F9883C954D2400E94B56CC95BDD4F79
:106E90008881C754D2400E94B56CC85BDD4F8881A1
:106EA000C854D2400E94B56CC75BDD4F8881C9547D
:106EB000D2400E94B56C8091250330912603209129
:106EC000270390912803C55BDD4F8883CB54D240C4
:106ED000C45BDD4F3883CC54D240C35BDD4F288385
:106EE000CD54D240C25BDD4F9883CE54D2400E9435
:106EF000B56CC45BDD4F8881CC54D2400E94B56C28
:106F0000C35BDD4F8881CD54D2400E94B56CC25B1B
:106F1000DD4F8881CE54D2400E94B56C8091970499
:106F200090919804891B8F3F11F40C947B418091C0
:106F30009D0490919E048F3F3FEF930709F013CF7C
:106F400018CF8EE90E94C16D8091DD129091DE1202
:106F5000C156DD4F8883CF59D240C056DD4F98834C
:106F6000C05AD2400E94B56CC056DD4F8881C05ACD
:106F7000D2400E94B56C8091DB129091DC12CF550B
:106F8000DD4F8883C15AD240CE55DD4F9883C25A17
:106F9000D2400E94B56CCE55DD4F8881C25AD24096
:106FA0000E94B56CCD55DD4F19821882C35AD2406C
:106FB00080E00E94B56CCC55DD4F8881C45AD24028
:106FC000BFCE8DE90E94C16D809191039091920393
:106FD000C756DD4F8883C959D240C656DD4F9883C6
:106FE000CA59D2400E94B56CC656DD4F8881CA5935
:106FF000D2400E94B56C80918F0390919003C5564A
:10700000DD4F8883CB59D240C456DD4F9883CC598D
:10701000D2400E94B56CC456DD4F8881CC59D24015
:107020000E94B56CC356DD4F19821882CD59D240EB
:1070300080E00E94B56CC256DD4F8881CE59D240A7
:107040000E94B56C8091970490919804891B8F3FA2
:1070500011F40C947B4180919D0490919E048F3F8C
:10706000EFEF9E0709F07FCE84CE0E941F6C109236
:10707000B2116FE770E08DE00E94CE621092E811CD
:107080001092E7110E94026F62CC88E90E94C16DE4
:10709000E0918702F0918802908180918602982386
:1070A00081E009F080E00E94B56C80911903309175
:1070B0001A0320911B0390911C03C05BDD4F888352
:1070C000C055D240CF5ADD4F3883C155D240CE5A39
:1070D000DD4F2883C255D240CD5ADD4F9883C3552A
:1070E000D2400E94B56CCF5ADD4F8881C155D24045
:1070F0000E94B56CCE5ADD4F8881C255D2400E94A5
:10710000B56CCD5ADD4F8881C355D2400E94B56C15
:10711000E0918402F091850290818091830298230E
:1071200081E009F080E00E94B56C80911D033091F0
:107130001E0320911F0390912003CB5ADD4F8883BB
:10714000C555D240CA5ADD4F3883C655D240C95AB8
:10715000DD4F2883C755D240C85ADD4F9883C855A4
:10716000D2400E94B56CCA5ADD4F8881C655D240C4
:107170000E94B56CC95ADD4F8881C755D2400E9424
:10718000B56CC85ADD4F8881C855D2400E94B56C95
:10719000E0918102F0918202908180918002982397
:1071A00081E009F080E00E94B56C8091210330916C
:1071B00022032091230390912403C65ADD4F888334
:1071C000CA55D240C55ADD4F3883CB55D240C45A38
:1071D000DD4F2883CC55D240C35ADD4F9883CD551F
:1071E000D2400E94B56CC55ADD4F8881CB55D24044
:1071F0000E94B56CC45ADD4F8881CC55D2400E94A4
:10720000B56CC35ADD4F8881CD55D2400E94B56C14
:1072100080E00E94B56CC15ADD4F188219821A8233
:107220001B82CF55D24080E00E94B56CC05ADD4F22
:107230008881C056D2400E94B56CCF59DD4F8881FD
:10724000C156D2400E94B56CCE59DD4F8881C256DE
:10725000D2400E94B56C8091970490919804891B4C
:107260008F3F11F40C947B4180919D0490919E047A
:107270008F3F2FEF920709F076CD7BCD87E90E94F3
:10728000C16D8091B2110E94B56C8091970490916C
:107290009804891B8F3F11F40C947B4180919D04CD
:1072A00090919E048F3FFFEF9F0709F05CCD61CD69
:1072B0001092DE121092DD128091DB129091DC129E
:1072C000892B19F510929B1010929C1010929D1012
:1072D00010929E1080918F039091900391958195CB
:1072E0009109092E000CAA0BBB0B80939F10909361
:1072F000A010A093A110B093A2101092A31010920E
:10730000A4101092A5101092A6101092DC121092E8
:10731000DB121092DA108091DD129091DE12892B2F
:1073200019F510929B1010929C1010929D101092C3
:107330009E1080918F039091900391958195910972
:10734000092E000CAA0BBB0B80939F109093A010EA
:10735000A093A110B093A2101092A3101092A410A9
:107360001092A5101092A6101092DE121092DD124B
:1073700080916F008D7F80936F0080916F008B7F75
:1073800080936F0081E090E09093E8118093E71183
:107390001092EA111092E91190936812809367128B
:1073A00081E090E0A0E0B0E08093631290936412DB
:1073B000A0936512B093661210926D121092FD1197
:1073C0001092FC110E943A5810920B0F10920A0F63
:1073D0001092EE111092EF111092F0111092F11123
:1073E00060E070E087E00E94CE620E94026FAFCA48
:1073F0000E9405701092EE111092EF111092F01190
:107400001092F111682F70E087E00E94CE620E9416
:10741000026F9DCA0E948F866B017C018091E711EB
:107420009091E811019731F060E172E08EEB96E007
:107430000E94614F81E090E0A0E0B0E08093D9111C
:107440009093DA11A093DB11B093DC11C092DD119F
:10745000D092DE11E092DF11F092E01182E090E034
:107460009093E8118093E7110E94026F70CA87E839
:107470000E94C16DBE016F5F7F4F87EA94E00E945A
:10748000D66E882349F08981807C11F40C941F43C7
:10749000803411F40C94F44280E090E0DC01019718
:1074A000A109B109C157DD4F88839983AA83BB83A2
:1074B000CF58D2400E94B56CC057DD4F8881C0596B
:1074C000D2400E94B56CCF56DD4F8881C159D24061
:1074D0000E94B56CCE56DD4F8881C259D2400E94C1
:1074E000B56CD3CE0E940570182F0E940B8640E029
:1074F000BC01812F0E94C76E0E94026F28CA0E94A1
:1075000056862B013C010E9456864B015C010E946D
:1075100056866B017C010E9456860E94568681E049
:107520008093B2114092190350921A0360921B0388
:1075300070921C0380921D0390921E03A0921F0361
:10754000B0922003C0922103D0922203E092230341
:10755000F09224031BCA81EC0E94C16D81E00E945D
:10756000B56C65E08CE192E00E940B6D6AE082E20E
:1075700092E00E940B6D89CE0E940570082F10E0EA
:107580000115110511F40C944F438091E71190916E
:10759000E811019731F060E172E08DE496E00E941D
:1075A000614F83E090E09093E8118093E71110938E
:1075B000EA110093E9118FEF90E09093E21180932C
:1075C000E1111092E6111092E5111092E41110925F
:1075D000E31187E00E9419861092EC111092EB11D2
:1075E0000130110511F40C947E4380ED97E09093E7
:1075F00089008093880080916F00826080936F0083
:10760000C5C98091E7119091E811029734F060E1CB
:1076100072E088EE95E00E94614F1092B91101E08E
:1076200010E0109368120093671281E090E0A0E0F0
:10763000B0E08093631290936412A0936512B093AC
:10764000661210926D121092FD111092FC110E94A0
:107650003A5810920B0F10920A0F1093E8110093F2
:10766000E7116FEF70E08DE00E94CE6280E094E061
:10767000A0E0B0E08093D5119093D611A093D711DC
:10768000B093D8110E94026F62C90E948F866093E6
:10769000D5117093D6118093D7119093D81121E012
:1076A000611574408105910509F49CC72093D4119C
:1076B0000E94026F4CC90E948F866093F4117093F0
:1076C000F5118093F6119093F7110E943D65DC014E
:1076D000CB010A96A11DB11D8093F8119093F91169
:1076E000A093FA11B093FB110E94026F30C98DEB89
:1076F0000E94C16D0EEC1AE0F80180813181228177
:107700009381CD59DD4F8883C356D240CC59DD4F8C
:107710003883C456D240CB59DD4F2883C556D2405A
:10772000CA59DD4F9883C656D2400E94B56CCC59D9
:10773000DD4F8881C456D2400E94B56CCB59DD4FD5
:107740008881C556D2400E94B56CCA59DD4F8881E8
:10775000C656D2400E94B56CF801848135812681DD
:107760009781C959DD4F8883C756D240C859DD4F2C
:107770003883C856D240C759DD4F2883C956D240F6
:10778000C659DD4F9883CA56D2400E94B56CC8597D
:10779000DD4F8881C856D2400E94B56CC759DD4F75
:1077A0008881C956D2400E94B56CC659DD4F888188
:1077B000CA56D2400E94B56CF80180853185228579
:1077C0009385C559DD4F8883CB56D240C459DD4FD0
:1077D0003883CC56D240C359DD4F2883CD56D24092
:1077E000C259DD4F9883CE56D2400E94B56CC45921
:1077F000DD4F8881CC56D2400E94B56CC359DD4F15
:107800008881CD56D2400E94B56CC259DD4F888127
:10781000CE56D2400E94B56C005F1F4FFBE00E3089
:107820001F0709F069CF17CD8CEB0E94C16D09E8E5
:1078300012E0F8018481358126819781C159DD4F9D
:107840008883CF56D240C059DD4F3883C057D240CD
:10785000CF58DD4F2883C157D240CE58DD4F988393
:10786000C257D2400E94B56CC059DD4F8881C057C5
:10787000D2400E94B56CCF58DD4F8881C157D240AD
:107880000E94B56CCE58DD4F8881C257D2400E940D
:10789000B56CF8018085318522859385CD58DD4F03
:1078A0008883C357D240CC58DD4F3883C457D24069
:1078B000CB58DD4F2883C557D240CA58DD4F988337
:1078C000C657D2400E94B56CCC58DD4F8881C45752
:1078D000D2400E94B56CCB58DD4F8881C557D2404D
:1078E0000E94B56CCA58DD4F8881C657D2400E94AD
:1078F000B56CF8018485358526859785C958DD4F97
:107900008883C757D240C858DD4F3883C857D24004
:10791000C758DD4F2883C957D240C658DD4F9883DA
:10792000CA57D2400E94B56CC858DD4F8881C857ED
:10793000D2400E94B56CC758DD4F8881C957D240EC
:107940000E94B56CC658DD4F8881CA57D2400E944C
:10795000B56C005F1F4FF3E009311F0709F069CFD5
:107960007ACC81E08093F3110E94026F0C94A734CB
:107970000E948F862B013C010E948F866B017C0147
:107980000E948F864B015C010E940570082F0E94A7
:107990000570182F0E9405704092C5115092C611B3
:1079A0006092C7117092C811C092C911D092CA11C9
:1079B000E092CB11F092CC118092CD119092CE1129
:1079C000A092CF11B092D0110093D1111093D21187
:1079D0008093D3110E94026F0C94A7340E945686A4
:1079E0008091C50A9091C60A892B09F0F4C560E11F
:1079F00072E086E598E00E94614F87EA94E00E9479
:107A0000EE508111FACF8EEB0E94C16D80919704E8
:107A100090919804891B8F3F09F4D6C580919D04ED
:107A200090919E048F3F2FEF920731F09927FC0130
:107A3000EB56FC4F8FEF828380919B048F5F809386
:107A40009B040C94C6340E940B867C010E940B861A
:107A50008C010E940B86F092C011E092BF1110932E
:107A6000C2110093C1119093C4118093C3110E945D
:107A7000026F0C94A7340E940570863308F0865379
:107A800090917B00282F2870977F922B90937B00FA
:107A90008770806480937C0080917A0080648093FA
:107AA0007A0080917A0086FDFCCF109178000091D9
:107AB000790088EB0E94C16D812F90E0902B092EF8
:107AC000000CAA0BBB0BC957DD4F88839983AA838F
:107AD000BB83C758D2400E94B56CC857DD4F888120
:107AE000C858D2400E94B56CC757DD4F8881C9582D
:107AF000D2400E94B56CC657DD4F8881CA58D2402B
:107B00000BCA0E940570182F0E940570082F61E0B3
:107B1000812F0E948D62602F812F0E943D610E9403
:107B2000026F0C94A7340E940570182F62E00E9427
:107B30008D62212F30E0F901EA5AFD4F8491F9015D
:107B4000E05FFD4F1491F901E653FE4F04910023CD
:107B500009F433C581110E94D560E02FF0E0EE0FEB
:107B6000FF1FE055FE4FA591B491EC91E12391E008
:107B700080E009F490E0092F182F86EB0E94C16D78
:107B8000C801110FAA0BBB0BC557DD4F8883998322
:107B9000AA83BB83CB58D2400E94B56CC457DD4F3B
:107BA0008881CC58D2400E94B56CC357DD4F888184
:107BB000CD58D2400E94B56CC257DD4F8881CE5857
:107BC000D2400E94B56C47CB81E080936D120E9439
:107BD000026F0C94A7340E940570082F0E94057054
:107BE000182F682F70E0013009F4AAC583E00E94C5
:107BF000CE621093A8100E94026F0C94A73480EB01
:107C00000E94C16D10E1CD56DD4F19821882C35913
:107C1000D24080E00E94B56CCC56DD4F8881C459BB
:107C2000D2400E94B56CCB56DD4F19821882C559DF
:107C3000D24080E00E94B56CCA56DD4F8881C6599B
:107C4000D2400E94B56CC956DD4F19821882C759BF
:107C5000D24080E00E94B56CC856DD4F8881C8597B
:107C6000D2400E94B56C115071F6ECC98FEA0E94A7
:107C7000C16D2091DF123091E012CE012115310546
:107C800009F086C4825E92419A83898389819A81B0
:107C9000092E000CAA0BBB0B89839A83AB83BC8390
:107CA0000E94B56C8A810E94B56C8B810E94B56C74
:107CB0008C8146C80E940570F82E0E940570E82E3F
:107CC0000E940570082F10E0102F00270E0D111DC7
:107CD00031E03F1530F460E172E086E896E00E9402
:107CE000614FC80117FD27C5813F910534F060E160
:107CF00072E087E896E00E94614FEF2DF0E0EE0F12
:107D0000FF1FEE54FE4E128301830E94026F0C94FB
:107D1000A7340E940B860E9405700E940B860E9469
:107D2000026F0C94A7340E940570182F0E940B86D6
:107D300021E030E030930D0F20930C0F1093100FC3
:107D400090930F0F80930E0F812F0E9419868091C0
:107D5000020110FDECC482608093020180910B014E
:107D600011FDE1C4846080930B0112FD2BC48A9A3B
:107D700013FD26C4109A80916F00846080936F0079
:107D80000E94026F0C94A7340E940B86009709F49E
:107D90000BC42FB7F89490930F0F80930E0F2FBF43
:107DA0000C94C6340E943D656093DA0A7093DB0A36
:107DB0008093DC0A9093DD0ACE0101967C0110E3EA
:107DC0000E943D656093CA0A7093CB0A8093CC0AE7
:107DD0009093CD0A20E030E0A90161E187EA94E0C8
:107DE0000E946E65882309F48DC21093A7048091C8
:107DF000AA04882321F087EA94E00E9470618091B0
:107E0000AE0481508093AE04882309F495C30E9488
:107E10003D658090CA0A9090CB0AA090CC0AB090A1
:107E2000CD0ADC01CB0188199909AA09BB09809008
:107E3000CE0A9090CF0AA090D00AB090D10AFFEF5E
:107E40008F1A9F0AAF0ABF0A8092CE0A9092CF0A79
:107E5000A092D00AB092D10A8090D20A9090D30A10
:107E6000A090D40AB090D50A880E991EAA1EBB1EF7
:107E70008092D20A9092D30AA092D40AB092D50AE4
:107E80008090D60A9090D70AA090D80AB090D90ACC
:107E900088169906AA06BB0608F092CF8093D60AE8
:107EA0009093D70AA093D80AB093D90A89CFCE016C
:107EB000865A9D4F0E94C986CE018B5A9D4F0E94C3
:107EC000C9860E9456864B015C01CE01805B9D4FA6
:107ED0000E94C986CE01855B9D4F0E94C986CE0156
:107EE0008A5B9D4F0E94C9860E9456866B017C0169
:107EF000CE018F5B9D4F0E94C986CE018F5F9D4F43
:107F00000E94C986CE0101960E94C9860E940B86F6
:107F100025E0FE01E65AFD4FAAEAB0E101900D927C
:107F20002A95E1F725E0FE01EB5AFD4FAFEAB0E1FB
:107F300001900D922A95E1F78092B4109092B510BD
:107F4000A092B610B092B71025E0FE01E05BFD4FA5
:107F5000A8EBB0E101900D922A95E1F725E0FE0132
:107F6000E55BFD4FADEBB0E101900D922A95E1F795
:107F700025E0FE01EA5BFD4FA2ECB0E101900D921D
:107F80002A95E1F7C092C710D092C810E092C910AC
:107F9000F092CA1025E0FE01EF5BFD4FABECB0E1C3
:107FA00001900D922A95E1F725E0FE01EF5FFD4F6C
:107FB000A0EDB0E101900D922A95E1F725E0FE01D8
:107FC0003196A5EDB0E101900D922A95E1F79093DD
:107FD000B8118093B7110E94026F0C94A7340E94CD
:107FE0000570D82E10922903882309F4ADC30E948E
:107FF00005708E010F5F1D4FF80181935F0181E0D5
:1080000080932903EE24E394ED0C82E0F82E0CC05B
:108010000E940570F50181935F01F0922903F394AA
:10802000F1E4FF1609F497C2FE10F2CF9E012F5F14
:108030003F4F790180E4F90111928A95E9F74D2DBE
:1080400050E0B801C7010E942D870E943D656093F2
:10805000FA0A7093FB0A8093FC0A9093FD0AEEEFF4
:108060005E2ECC24CA9466246394712CA7E5DA2E84
:108070000E943D656093EA0A7093EB0A8093EC0AD4
:108080009093ED0A8091930390919403892B09F0CA
:1080900065C087EA94E00E949A61882309F4EEC1E2
:1080A0000E943D658090EA0A9090EB0AA090EC0A4D
:1080B000B090ED0ADC01CB0188199909AA09BB0926
:1080C0004091EE0A5091EF0A6091F00A7091F10A26
:1080D0004F5F5F4F6F4F7F4F4093EE0A5093EF0A11
:1080E0006093F00A7093F10A4091F20A5091F30AFA
:1080F0006091F40A7091F50A480F591F6A1F7B1F9F
:108100004093F20A5093F30A6093F40A7093F50ACD
:108110008090F60A9090F70AA090F80AB090F90AB9
:1081200088169906AA06BB0608F0A2CF8093F60A25
:108130009093F70AA093F80AB093F90A99CF809127
:108140009F048250809397040C94503320E439E0CC
:108150003093DC102093DB100C94293187EA94E0F3
:108160000E949A6181119CCF20E030E0A9016DE06E
:1081700087EA94E00E946E65811108C08FEF8EBD82
:108180000DB407FEFDCF8EB5882331F04091AB04CE
:1081900069E28CE00E94C34D8091AA04882321F0FB
:1081A00087EA94E00E947061109294031092930306
:1081B00085E08093AF040E943D650091EA0A10912A
:1081C000EB0A2091EC0A3091ED0ADC01CB01801B17
:1081D000910BA20BB30B0091EE0A1091EF0A2091C4
:1081E000F00A3091F10A0F5F1F4F2F4F3F4F00935E
:1081F000EE0A1093EF0A2093F00A3093F10A0091EF
:10820000F20A1091F30A2091F40A3091F50A080F4E
:10821000191F2A1F3B1F0093F20A1093F30A2093A1
:10822000F40A3093F50A0091F60A1091F70A2091AA
:10823000F80A3091F90A081719072A073B0740F492
:108240008093F60A9093F70AA093F80AB093F90A7C
:108250000E943D650091FA0A1091FB0A2091FC0AE8
:108260003091FD0ADC01CB01801B910BA20BB30BFB
:108270000091FE0A1091FF0A2091000B3091010B32
:108280000F5F1F4F2F4F3F4F0093FE0A1093FF0ABF
:108290002093000B3093010B0091020B1091030B04
:1082A0002091040B3091050B080F191F2A1F3B1F4B
:1082B0000093020B1093030B2093040B3093050BD8
:1082C0000091060B1091070B2091080B3091090BC0
:1082D000081719072A073B0740F48093060B909371
:1082E000070BA093080BB093090B8AEA0E94C16D9B
:1082F00081E00C94293980919F04825080939704E7
:108300000C94A73440E052E0B70187EA94E00E9461
:10831000EC65882309F46BCD8091AA0481112AC1F0
:1083200085E08093AE040E943D650091CA0A1091D9
:10833000CB0A2091CC0A3091CD0ADC01CB01801B05
:10834000910BA20BB30B0091CE0A1091CF0A209192
:10835000D00A3091D10A0F5F1F4F2F4F3F4F00932C
:10836000CE0A1093CF0A2093D00A3093D10A0091FD
:10837000D20A1091D30A2091D40A3091D50A080F5D
:10838000191F2A1F3B1F0093D20A1093D30A209370
:10839000D40A3093D50A0091D60A1091D70A2091B9
:1083A000D80A3091D90A081719072A073B0740F461
:1083B0008093D60A9093D70AA093D80AB093D90A8B
:1083C0000E943D650091DA0A1091DB0A2091DC0AD7
:1083D0003091DD0ADC01CB01801B910BA20BB30BAA
:1083E0000091DE0A1091DF0A2091E00A3091E10A43
:1083F0000F5F1F4F2F4F3F4F0093DE0A1093DF0A8E
:108400002093E00A3093E10A0091E20A1091E30A16
:108410002091E40A3091E50A080F191F2A1F3B1F1B
:108420000093E20A1093E30A2093E40A3093E50AEA
:108430000091E60A1091E70A2091E80A3091E90AD2
:10844000081719072A073B0740F48093E60A909320
:10845000E70AA093E80AB093E90A8BEA0E94C16D8B
:1084600081E00E94B56C6FE370E0C7010E943E8717
:10847000682FC7010E940B6D0C94223820E030E079
:10848000A90168E187EA94E00E946E6581115CC0F1
:10849000D70180E090E02D91E92FFF27E227EE0F32
:1084A000FF1FE458F54F25913491982F8827822794
:1084B0009327A017B10779F75EBC0DB407FEFDCF77
:1084C00029812EBD2A81FE0133960DB407FEFDCF12
:1084D0002EBD0E171F0711F02191F7CF0DB407FE27
:1084E000FDCF9EBD0DB407FEFDCF8EBD0DB407FEC2
:1084F000FDCFCEBC0DB407FEFDCF8EB58093AB048F
:108500008F718530E1F1D092A7048091AA0488236D
:1085100021F087EA94E00E9470618091AF0481505D
:108520008093AF048111BCCD4091AB046091A7044E
:108530008CE00E94C34DB4CD4091AB046091A70480
:1085400089E00E94C34D63CC4091AB0462E38CE0B0
:108550000E94C34D9DCF9E012F5F3F4F790180E464
:10856000F90111928A95E9F7FFE3FD1508F067CD4F
:1085700040E466CD87EA94E00E947061D1CE87EA3C
:1085800094E00E948161709294036092930388CD7D
:108590000196821B930B9A83898378CB62E084EAED
:1085A0000E94436F0C94A7340E941F6C80916F004F
:1085B0008B7F80936F000C94C63400E010E0DDCA1E
:1085C0001098D9CB8A98D4CB80919F048250809305
:1085D00097040C94C63460E172E085E598E00E944F
:1085E000614F05CA20E062C88A8590E0A0E0B0E053
:1085F000AC01BD014F5F5F4F6F4F7F4F898590E0AA
:10860000A0E0B0E0BA2FA92F982F8827840F951FDC
:10861000A61FB71F48854F7350E060E070E0BA01B5
:1086200055274427840F951FA61FB71F2AE0880FE0
:10863000991FAA1FBB1F2A95D1F70C944F3A8F811F
:10864000837090E09C01322F2227330F330F8885EF
:10865000E4E08E9FC0011124822B932B2985229563
:10866000269526952370822B0196A0E0B0E04A85DE
:108670004370440F2B8527FB222720F9422B2E81A4
:108680002F7030E0240F311D2750310904C0880FAE
:10869000991FAA1FBB1F2A95D2F70C944F3A60E18D
:1086A00072E08CE496E00E94614F8091E711909116
:1086B000E811019711F00C94CB3A83E090E090938D
:1086C000E8118093E7111092EA111092E9118FEFEF
:1086D00090E09093E2118093E1111092E6111092D4
:1086E000E5111092E4111092E31187E00E941986BF
:1086F0001092EC111092EB110C94F53A10920D0FB0
:1087000010920C0F80ED97E090938B0080938A007D
:10871000909389008093880080916F00846080939B
:108720006F000C94C6348B7F80930B011ECB8D7F22
:108730008093020113CB88279927801B910BD4CA01
:1087400082E00E94CE6255CA8E010F5F1D4F6ECC33
:108750002F923F924F925F926F927F928F929F9251
:10876000AF92BF92DF92EF92FF920F931F93CF933E
:10877000DF93CDB7DEB764970FB6F894DEBF0FBEB8
:10878000CDBF80E00E940F6E8BE592E00E94F76DF6
:10879000F89498E288E10FB6F894A8958093600069
:1087A0000FBE90936000809181008F7E8093810046
:1087B00080918100886080938100809180008D7F0E
:1087C00080938000809180008E7F809380008091D4
:1087D00080008F7380938000809180008F7C8093D5
:1087E000800080918100887F82608093810080E09A
:1087F00090E4909389008093880090938B008093FD
:108800008A001092850010928400E2EDF1E08491DC
:1088100090E0880F991FFC01E055FE4F259134919F
:108820003093480320934703FC01EA56F34F259108
:10883000349130932C0320932B038458934FFC01E5
:10884000859194919093460380934503E8E1F2E08B
:10885000E491E0932A039FB7F894E0914503F091E7
:108860004603208180912A03822B80839FBF2FB7EC
:10887000F894E0912B03F0912C03808190912A03CE
:108880009095892380832FBFE7EDF1E0849190E0FC
:10889000880F991FFC01E055FE4F259134913093CC
:1088A0004F0320934E03FC01EA56F34F2591349178
:1088B00030934D0320934C038458934FFC018591D2
:1088C000949190934B0380934A03EDE1F2E0E4919D
:1088D000E09349039FB7F894E0914A03F0914B036A
:1088E000208180914903822B80839FBFE1EDF1E0DD
:1088F000849190E0880F991FFC01E055FE4F25916F
:1089000034913093560320935503FC01EA56F34FFC
:108910002591349130935403209353038458934FFB
:10892000FC01859194919093520380935103E7E168
:10893000F2E0E491E09350039FB7F894E091510383
:10894000F0915203208180915003822B80839FBF3E
:108950009FB7F894E0915C03F0915D0320818091D2
:108960005B03822B80839FBFEFEFF1E0849190E067
:10897000880F991FFC01E055FE4F259134913093EB
:108980005A0320935903FC01EA56F34F2591349181
:1089900030935D0320935C038458934FFC018591D1
:1089A00094919093580380935703E5E4F2E0E491A7
:1089B000E0935B039FB7F894E0915703F09158035D
:1089C000208180915B03822B80839FBF9FB7F894A7
:1089D000E0915C03F0915D03208180915B03822B29
:1089E00080839FBF9FB7F894E0916303F091640385
:1089F000208180916203822B80839FBFE5E0F2E0BB
:108A0000849190E0880F991FFC01E055FE4F25915D
:108A100034913093610320936003FC01EA56F34FD5
:108A20002591349130936403209363038458934FCA
:108A3000FC018591949190935F0380935E03EBE436
:108A4000F2E0E491E09362039FB7F894E0915E0353
:108A5000F0915F03208180916203822B80839FBF0E
:108A60009FB7F894E0916303F091640320818091B3
:108A70006203822B80839FBFEEEFF1E0849190E050
:108A8000880F991FFC01E055FE4F259134913093DA
:108A9000680320936703FC01EA56F34F2591349154
:108AA00030936B0320936A038458934FFC018591A4
:108AB00094919093660380936503E4E4F2E0E4917B
:108AC000E09369039FB7F894E0916503F091660322
:108AD000208180916903822B80839FBF2FB7F894F8
:108AE000E0916A03F0916B03808190916903909506
:108AF000892380832FBFEDEFF1E0849190E0880F10
:108B0000991FFC01E055FE4F2591349130936F037E
:108B100020936E03FC01EA56F34F25913491309374
:108B20007203209371038458934FFC0185919491B3
:108B300090936D0380936C03E3E4F2E0E491E0939F
:108B400070039FB7F894E0916C03F0916D0320815E
:108B500080917003822B80839FBF2FB7F894E091A0
:108B60007103F09172038081909170039095892335
:108B700080832FBF62E082E30E948D621092C0006A
:108B80001092C50081E08093C4008091C100806193
:108B90008093C1008091C10088608093C100809162
:108BA000C10080688093C100ECECF1E0849190E01A
:108BB000880F991FFC01E055FE4F259134913093A9
:108BC000B2122093B112FC01EA56F34F2591349171
:108BD0003093B0122093AF128458934FFC018591CB
:108BE00094919093AE128093AD12E2E1F2E0E491A1
:108BF000E093AC129FB7F894E091AD12F091AE12F1
:108C000020818091AC12822B80839FBFEDECF1E03C
:108C1000849190E0880F991FFC01E055FE4F25914B
:108C200034913093B9122093B812FC01EA56F34FF5
:108C3000259134913093B7122093B6128458934FF4
:108C4000FC01859194919093B5128093B412E3E165
:108C5000F2E0E491E093B3129FB7F894E091B4127C
:108C6000F091B51220818091B312822B80839FBF37
:108C7000E3EDF1E0849190E0880F991FFC01E0554D
:108C8000FE4F259134913093AB122093AA12FC0130
:108C9000EA56F34F259134913093A9122093A812EC
:108CA0008458934FFC01859194919093A7128093DF
:108CB000A612E9E1F2E0E491E093A5129FB7F894DF
:108CC000E091A612F091A71220818091A512822B2B
:108CD00080839FBF2FB7F894E091A812F091A9125A
:108CE00080819091A5129095892380832FBF109247
:108CF0007E0010927D0080917D00806880937D00D1
:108D000080917D00886080937D0087EC80937A005D
:108D100080917A0086FDFCCF10929B1010929C10DF
:108D200010929D1010929E1010929F101092A01001
:108D30001092A1101092A2101092A3101092A410E1
:108D40001092A5101092A6101092A71080E590E046
:108D50009093900380938F038AEA90E190939A1006
:108D6000809399108091010182608093010180912C
:108D7000020182608093020180910A0184608093E5
:108D80000A0180910B01846080930B01829A8A9A78
:108D9000089A109A9FB7F894E091CD12F091CE12F4
:108DA00020818091CC12822B80839FBFEAEFF1E07B
:108DB000849190E0880F991FFC01E055FE4F2591AA
:108DC00034913093760320937503FC01EA56F34FF8
:108DD000259134913093CE122093CD128458934F25
:108DE000FC01859194919093740380937303E0E464
:108DF000F2E0E491E093CC129FB7F894E091730312
:108E0000F091740320818091CC12822B80839FBFCC
:108E10009FB7F894E091CD12F091CE12208180910D
:108E2000CC12822B80839FBF9FB7F894E091CA1227
:108E3000F091CB1220818091C912822B80839FBF39
:108E4000E1E0F2E0849190E0880F991FFC01E05589
:108E5000FE4F2591349130937A0320937903FC01DE
:108E6000EA56F34F259134913093CB122093CA12D6
:108E70008458934FFC01859194919093780380934B
:108E80007703E7E4F2E0E491E093C9129FB7F89426
:108E9000E0917703F091780320818091C912822BB1
:108EA00080839FBF9FB7F894E091CA12F091CB12D4
:108EB00020818091C912822B80839FBF9FB7F89435
:108EC000E091C712F091C81220818091C612822BC6
:108ED00080839FBFE8E0F2E0849190E0880F991FC3
:108EE000FC01E055FE4F2591349130937E03209391
:108EF0007D03FC01EA56F34F259134913093C8125B
:108F00002093C7128458934FFC01859194919093BC
:108F10007C0380937B03EEE4F2E0E491E093C612DD
:108F20009FB7F894E0917B03F0917C0320818091BE
:108F3000C612822B80839FBF9FB7F894E091C7121F
:108F4000F091C81220818091C612822B80839FBF2E
:108F50009FB7F894E091C412F091C51220818091DE
:108F6000C312822B80839FBFE2EEF1E0849190E0F8
:108F7000880F991FFC01E055FE4F259134913093E5
:108F8000820320938103FC01EA56F34F259134912B
:108F90003093C5122093C4128458934FFC018591DD
:108FA00094919093800380937F03E8E2F2E0E49150
:108FB000E093C3129FB7F894E0917F03F091800390
:108FC00020818091C312822B80839FBF9FB7F8942A
:108FD000E091C412F091C51220818091C312822BBE
:108FE00080839FBFEFEEF1E0849190E0880F991F9E
:108FF000FC01E055FE4F2591349130938802209377
:109000008702FC01EA56F34F259134913093860391
:10901000209385038458934FFC01859194919093FC
:10902000840380938303E5E3F2E0E491E093860216
:109030002FB7F894E0918303F0918403808190919D
:1090400086029095892380832FBF9FB7F894E09183
:109050008503F0918603208180918602822B808394
:109060009FBFEDEEF1E0849190E0880F991FFC0125
:10907000E055FE4F25913491309385022093840270
:10908000FC01EA56F34F2591349130938A032093E3
:1090900089038458934FFC018591949190938803A0
:1090A00080938703E3E3F2E0E491E09383022FB738
:1090B000F894E0918703F091880380819091830276
:1090C0009095892380832FBF9FB7F894E0918903FF
:1090D000F0918A03208180918302822B80839FBF3D
:1090E000EBEEF1E0849190E0880F991FFC01E055D0
:1090F000FE4F259134913093820220938102FC012E
:10910000EA56F34F2591349130938E0320938D03CB
:109110008458934FFC018591949190938C03809394
:109120008B03E1E3F2E0E491E09380022FB7F8943F
:10913000E0918B03F0918C03808190918002909557
:10914000892380832FBF9FB7F894E0918D03F0911E
:109150008E03208180918002822B80839FBF80912B
:109160000101816080930101809102018E7F8093D3
:109170000201809A8898839A8B98099A11986FE7D0
:1091800070E08DE00E94CE627894D12C60EA262EA9
:10919000312C1092AA041092A7041092AC0480EB18
:1091A00094E09093A9048093A8040E943D654B012C
:1091B0005C010091A8041091A90485E3D8011296DE
:1091C0008C9361E00E948D6261E0F80182810E94CF
:1091D0003D61E091A804F091A90482E580831182A9
:1091E0008091AA04882309F4C9C1E091A804F091F0
:1091F000A90461E082810E943D618AE09FEF9EBDEB
:109200000DB407FEFDCF8150D1F7E091A804F09195
:10921000A90460E082810E943D610AE0ADEFFA2E70
:109220001FEF20E030E0A90160E087EA94E00E94AF
:109230006E65813009F47FC2015071F0FEBC0DB43F
:1092400007FEFDCF88E092E01EBD0DB407FEFDCF06
:109250002EB50197C9F7E5CF80E28093A7048091EE
:10926000AA04882321F087EA94E00E94706130917B
:10927000A7048091970420919804982F921B9F3FF8
:1092800041F1E1E0E80FE0939704A82FB0E0AB567E
:10929000BC4F12961C929E2F921B9F3FD1F092E0E2
:1092A000980F90939704F0E0EB56FC4F49E042830F
:1092B000492F50E05093A00440939F04921B9F3F7E
:1092C00041F08D5F80939704FA01EB56FC4F81E0EB
:1092D000828380919704E82FF0E0F0939E04E0935E
:1092E0009D04982F921B9F3F09F422C28F5F8093A9
:1092F0009704EB56FC4F81E0828380919F0490910C
:10930000A004DC01BB27AB56BC4F12964C911297C0
:109310004F5F12964C93129742814F5F4283E091C8
:1093200097044E2F421B4F3F49F041E04E0F4093B0
:109330009704F0E0EB56FC4F46E0428312964C91C6
:1093400012974F5F12964C93432F50E060E070E00D
:10935000498B5A8B6B8B7C8BE0919704DC01BB278C
:1093600080919D0490919E04AE014F5E5F4FBE01BF
:109370006B5E7F4F3E2F321BAB56BC4FFF24F394E6
:109380008D0122C0EE20E1F1DC01BB27AB56BC4FC2
:109390001296FC911297FF5F1296FC933F3F51F09B
:1093A00031E03E0F30939704F0E0EB56FC4FE28241
:1093B000E32F321BD8011296FC911297FF5F129691
:1093C000FC934617570709F1DA01ED90AD018F3F85
:1093D000BFEF9B07B9F68E2F90E03F3F39F0EF5F6C
:1093E000E0939704FC01EB56FC4FF282F8013281C6
:1093F0003F5F3283E09197043E2F321BE110C4CFD0
:109400008FEF9FEF46175707F9F690939E048093CE
:109410009D043F3F09F47DC18F3FBFEF9B0731F0B3
:109420009927FC01EB56FC4F8FEF828360919B04E0
:109430006F5F60939B0433E0632E712C01E010E0BA
:1094400042E0842E912C54E0A52EB12C44244A9461
:10945000542CE2E7EE2EF12C662381F180919503E6
:10946000909196038B37910509F493C008F415C1C8
:10947000833A910509F4F4C008F43BC1863A91059A
:1094800009F4FCC0893A910509F00FC1615060935D
:109490009B0461110DC090919704809198049817D6
:1094A00039F060E572E08EEA90E00BD560919B04A4
:1094B00010929603109295036111D0CF10929B04E5
:1094C0001092980410929704A89568EB7BE080E0D6
:1094D00090E00E940665D394F5E0DF125ACE80E05A
:1094E0000E940F6E8DE292E00E94F76D81E00E9473
:1094F0000F6E85E392E00E94F76D88E090E00E9495
:10950000866E82E00E940F6E8EE392E00E94F76DFD
:109510008AE692E00E94F76D83E00E940F6E87E476
:1095200092E00E94F76D86E492E00E94F76D68E099
:1095300083E00E94436FBCD10E943D656093890225
:1095400070938A0280938B0290938C0264960FB67C
:10955000F894DEBF0FBECDBFDF91CF911F910F9169
:10956000FF90EF90DF90BF90AF909F908F907F9093
:109570006F905F904F903F902F90089587EA94E00E
:109580000E94876132CEEBE7F0E0F0939603E09320
:1095900095038091C00085FF5FCF20919C042093AC
:1095A000C600E0919804EF5FE093980480919904DD
:1095B00090919A048227082E8295807F8025092E1B
:1095C000982F82958F700826869598278927880F6F
:1095D000880F880F802590939A0480939904209196
:1095E0009704E21761F0F0E0EB56FC4F8281809324
:1095F0009C048111C8CF8091990490919A04492FBD
:1096000055275093A4044093A3049C01332730931F
:10961000A6042093A504892B09F070C0B092A2047F
:10962000A092A1044F5F5F4F5093A4044093A30402
:109630002F5F3F4F3093A6042093A50430929603EA
:10964000209295038091C00085FF06CF8091A104F0
:109650008093C60083EA90E09093960380939503ED
:109660008091C00085FFF8CE8091A5048093C6004C
:10967000A6EAB0E0B0939603A09395038091C00052
:1096800085FFEACE8091A3048093C600E9EAF0E06A
:10969000F0939603E0939503F9CE8C36910551F043
:1096A00082379105B9F0892B29F0509296034092A8
:1096B0009503D2CEE091980481E08E0F80939804B8
:1096C000F0E0EB56FC4F828180939C04F09296036D
:1096D000E09295038091C00085FFBECE80919C04EE
:1096E0008093C60050929A0440929904E0919804A5
:1096F0007ACF803A910509F4A5CFD7CF452B89F4CD
:109700009092A2048092A1041093A4040093A30455
:1097100095CF80919F0482508093970460919B0421
:109720008ACE232BC1F01093A2040093A10486CF0C
:10973000EB56FC4FE2CD21E030E040E050E06BE33F
:1097400087EA94E00E946E65182F813069F088E303
:109750008093A70484CD7092A2046092A104109318
:10976000A6040093A5046ACF2AEA31E040E050E065
:1097700068E087EA94E00E946E65853091F084E0AD
:109780002FEF2EBD0DB407FEFDCF9EB59093AB0419
:109790008150B9F79A3A09F463C085E28093A7042F
:1097A0005ECD1093AC04412C512C320120E030E00E
:1097B000A90167E387EA94E00E946E65A301920124
:1097C00069E287EA94E00E946E65882359F00E945E
:1097D0003D6568197909613D774040F383E48093E2
:1097E000A7043DCD8091AC04823061F18091AA0440
:1097F000882321F087EA94E00E947061E091A80438
:10980000F091A90480E5808381E081838091AC049C
:10981000833009F44AC089E08093AD04BE016F5FD4
:109820007F4F87EA94E00E94D66E8823C1F18B8532
:1098300086FF35C085E08093AE048093AF04D812D4
:109840007BCE4DCE20E030E0A9016AE387EA94E0C8
:109850000E946E65882369F087E38093A704FFCC9C
:1098600082E08093AC04412C512C612CF0E47F2EDB
:109870009DCF8FEF8EBD0DB407FEFDCF8EB5807CE2
:10988000803C19F483E08093AC0483E09FEF9EBD9D
:109890000DB407FEFDCF2EB58150C9F7A7CF6EE5F9
:1098A00072E086E991E00DD3C5CF1092AD04B6CF3A
:1098B0002F923F924F925F926F927F928F929F92E0
:1098C000AF92BF92CF92DF92EF92FF920F931F93CE
:1098D000CF93DF93F8940E94BE660E941F6C109293
:1098E000B2116FE770E08DE00E94CE621092E81135
:1098F0001092E71120919B0439EAE32EF12C46EAFD
:10990000C42ED12C53EA652E712C60EAA62EB12C00
:1099100044244394512CE4E02E2E312CFBE78F2E6F
:10992000912CCFEFDFEF02E710E0222381F180914D
:109930009503909196038B37910509F450C008F474
:1099400055C0833A910509F46EC008F45DC0863AAB
:10995000910509F474C0893A910509F050C021506D
:1099600020939B0421110DC090919704809198043D
:10997000981739F060E572E08EEA90E0A2D220916B
:109980009B0410929603109295032111D0CF109250
:109990009B041092980410929704C8EED3E061E003
:1099A00070E080E090E00E940665A8952197B9F7E5
:1099B000DF91CF911F910F91FF90EF90DF90CF90AB
:1099C000BF90AF909F908F907F906F905F904F90DF
:1099D0003F902F90089590929603809295038091E6
:1099E000C00085FD93C020919B049FCF8C369105CC
:1099F000A9F18237910509F441C0892B79F1D093FF
:109A00009603C093950391CF803A9105C1F7809159
:109A1000C00085FFE8CF8091A1048093C6007092BA
:109A20009603609295038091C00085FFDCCF809102
:109A3000A5048093C600D0929603C09295038091AE
:109A4000C00085FFD0CF8091A3048093C600F09220
:109A50009603E092950320919B0481CFE0919804B6
:109A600081E08E0F80939804F0E0EB56FC4F8281EA
:109A700080939C0410939603009395038091C000FB
:109A800085FF53CF80919C048093C600D0939A04A5
:109A9000C0939904E0919804F0E0EB56FC4F82816A
:109AA00080939C04811197CF8091990490919A049E
:109AB000292F33273093A4042093A304AC01552706
:109AC0005093A6044093A504892BA9F43092A204D4
:109AD0002092A1042F5F3F4F3093A4042093A3044E
:109AE0004F5F5F4F5093A6044093A504B092960336
:109AF000A09295038CCF232B09F42FC0452B09F49A
:109B000037C05092A2044092A104F0CF20919C044F
:109B10002093C600E0919804EF5FE0939804809151
:109B2000990490919A048227082E8295807F80253F
:109B3000092E982F82958F70082686959827892759
:109B4000880F880F880F802590939A04809399043A
:109B500020919704E213A0CFABCF82E090E09093E6
:109B6000A2048093A1045092A4044092A304BECF07
:109B700083E090E09093A2048093A1045092A60405
:109B80004092A504B3CF1F93CF93DF93182FC62F16
:109B9000D42F80E00E940F6E8DE292E00E94F76D5C
:109BA00081E00E940F6E85E392E00E94F76D612FC5
:109BB00070E080E090E04AE00E94236E82E00E9424
:109BC0000F6E8EE392E00E94F76D6C2F70E080E0E4
:109BD00090E04AE00E94236E83E00E940F6E87E4CB
:109BE00092E00E94F76D86E492E00E94F76D60912A
:109BF000970420919804862F821B8F3F09F407C198
:109C0000E1E0E60FE0939704A62FB0E0AB56BC4F1F
:109C100012961C928E2F821B8F3F09F404C182E0A2
:109C2000860F80939704F0E0EB56FC4F93E092830D
:109C3000482F50E05093A00440939F04982F921B0C
:109C40009F3F09F4F8C083E0860F8093970431E0CA
:109C5000FA01EB56FC4F3283A82FB0E0982F921BED
:109C6000B0939E04A0939D049F3F09F428C16C5FAC
:109C700060939704FD01EB56FC4F3283962F921BA5
:109C8000FA01FF27EB56FC4F82818F5F82831123FD
:109C900009F47CC0AB56BC4F12968C9112978F5F23
:109CA00012968C939F3F09F4D5C031E0360F309364
:109CB0009704A62FB0E0AB56BC4F12961C93932F7F
:109CC000921B82818F5F8283CC2309F487C04091ED
:109CD0009D0450919E04DA01BB27AB56BC4F1296EF
:109CE0008C9112978F5F12968C939F3F09F4C6C098
:109CF00081E0830F80939704A32FB0E0AB56BC4F55
:109D00001296CC93982F921B32813F5F32834F3F44
:109D10005F4F09F462C0DD2309F44CC040919D04FB
:109D200050919E04DA01BB27AB56BC4F12963C9172
:109D300012973F5F12963C9312979F3F09F47EC0A3
:109D400091E0980F90939704E82FF0E0EB56FC4FCA
:109D5000D28360919F047091A004FB01FF27EB5612
:109D6000FC4F82818F5F8283921B9F3F79F14F3F2F
:109D70005F4F19F08FEF12968C9380919B048F5F49
:109D800080939B04DF91CF911F9192CD462F50E09D
:109D900050939E0440939D049F3F09F481C031E09D
:109DA000360F30939704DA01AB56BC4F81E0129620
:109DB0008C9385CF2FEF3FEF30939E0420939D042B
:109DC0009F3FD9F660919F047091A0046250609308
:109DD0009704DF91CF911F916BCD382F432F50E027
:109DE00050939E0440939D049F3F09F45BC081E023
:109DF000830F80939704DA01AB56BC4F91E0129623
:109E00009C93982F921B32813F5F328384CFA62F81
:109E1000B0E040919F045091A004B0939E04A093A1
:109E20009D049FEF2DCFAE2FB0E040919F04509145
:109E3000A0046E2FF2CFDA01682FEFCF60919F045C
:109E40007091A004FB01FF27EB56FC4F82818F5FCE
:109E50008283BCCF82818F5F8283CC2329F14091A2
:109E60009D0450919E04DA01BB27AB56BC4F12965D
:109E70008C9112978F5F12968C93362F82818F5F11
:109E800082834F3F8FEF580789F0832F9FEFD111C7
:109E900049CF8FEF9FEF90939E0480939D0492CFC4
:109EA000362F0FCF832FAFCF362F98CF832F90E051
:109EB00090939E0480939D04832F9FEFA4CF682FDF
:109EC000DFCECF92DF92EF92FF920F931F93CF934B
:109ED000DF931F921F92CDB7DEB78C016B01F89410
:109EE0000E94BE660E941F6C80E00E940F6E8DE291
:109EF00092E00E94F76D81E00E940F6E85E392E090
:109F00000E94F76D86E090E00E94866E82E00E94DB
:109F10000F6E8EE392E00E94F76DB80180E090E052
:109F20004AE00E94236E83E00E940F6E87E492E075
:109F30000E94F76DC6010E94F76D10929B0410926B
:109F400098041092970383E08093980322E030E016
:109F50003093A00420939F0423E030E030939E04CC
:109F600020939D0492E090939A0395E09093970438
:109F700096E090939B03809399031A83098383E06F
:109F800090E015E0DE011196BE016D5F7F4F45E068
:109F9000F42E01E04D912F3F3F4F09F4C2C04423FE
:109FA00009F4D2C09C0133272B563C4FF901528152
:109FB0005F5F5283FFEFFF1609F4EFC011E01F0D42
:109FC000EF2DF0E0EB56FC4F4283312FF12E209124
:109FD00099032F5F20939903A617B70709F09BC039
:109FE0004F2D90939E0480939D0410939704D60167
:109FF0000D900020E9F711977D01EC18FD087E2DEA
:10A00000019609F4CCC0772309F4B8C0E0919D040F
:10A01000F0919E04CF0199278B569C4FDC0112963C
:10A020002C9112972F5F12962C933F3F09F4D4C0C6
:10A0300001E0040F00939704842F90E08B569C4F0F
:10A04000DC011296EC9220919F043091A0043327FA
:10A050002B563C4FD90112968C9112978F5F129616
:10A060008C931C2DD601FF24F3944FEF5FEF23C098
:10A07000E0919D04F0919E04FF27EB56FC4F8281F6
:10A080008F5F82830F3F09F477C061E0600F6093B8
:10A090009704E02FF0E0EB56FC4F9283062FF90176
:10A0A00082818F5F82838A2F811B871798F4E091CA
:10A0B0009D04F0919E049D91319609F449C091113F
:10A0C000D7CF50939E0440939D04602F8A2F811B0D
:10A0D000871768F36F3F09F45AC080919D049091EF
:10A0E0009E048F3FFFEF9F0731F09927FC01EB564D
:10A0F000FC4F8FEF828380919B048F5F80939B0442
:10A100000F900F90DF91CF911F910F91FF90EF90E3
:10A11000DF90CF90CDCB9C014D912F3F3F4F09F069
:10A120003ECF8F2D90E0EFEFFE1639F011E01F0DBE
:10A13000FC01EB56FC4F0283F12E209199032F5F17
:10A140002093990341112ECF3F2D8FEF9FEF44CFE6
:10A15000C02ED12CD0929E04C0929D040F3F39F0A6
:10A160000F5F00939704F601EB56FC4FF282F90162
:10A1700082818F5F8283A3CF6FEF91CF8FEF9FEFAD
:10A1800090939E0480939D043F3F09F0B4CF80914B
:10A190009F04825080939704B3CF3FEF18CF842F52
:10A1A00090E090939E0480939D043F3F49F04F5F61
:10A1B00040939704FC01EB56FC4F21E02283342F9F
:10A1C00080919F049091A0049927FC01EB56FC4FCD
:10A1D00022812F5F228317CF042F35CF8F929F923A
:10A1E000AF92BF92CF92DF92EF92FF920F931F93A5
:10A1F000CF93DF93EC018C859D858C3B910509F411
:10A2000051C0893E910509F49CC1892B91F08FEFD3
:10A210009FEF9D878C8780E0DF91CF911F910F91F9
:10A22000FF90EF90DF90CF90BF90AF909F908F9076
:10A230000895FE01E25EF94F8081918181309105A0
:10A2400021F1029709F470C1DE01A05EB94F8C9133
:10A25000811117C0AC50B4404D915D916D917C91CE
:10A260001397AC5FBB4F8D919D910D90BC91A02D2C
:10A27000481759076A077B0721F081E090E0918336
:10A2800080831D861C8681E0C7CF0E943D65FE014C
:10A29000ED5CF94F60837183828393838CEB90E054
:10A2A0009D878C870E943D658E010D5D194FD801F9
:10A2B0006D937D938D939C9313976E01B8EECB1A9B
:10A2C000BDEFDB0AFE01EF5DF94F808191817E01D8
:10A2D0008C159D0509F4B7C3F8EEEF1AF9EFFF0AE4
:10A2E000F70180819181A281B381F9E0B695A795AC
:10A2F00097958795FA95D1F79C01AD012F5F3F4F58
:10A300004F4F5F4F8D81833039F0E9E0220F331FCB
:10A31000441F551FEA95D1F761E1CE010E946E6599
:10A32000882309F4AFC180E388838B818111A6C1A2
:10A330008F8181508F83882309F41FC30E943D655C
:10A34000D8010D911D912D913C91DC01CB01801B19
:10A35000910BA20BB30BFE01E95DF94F0081118156
:10A36000228133810F5F1F4F2F4F3F4F0083118397
:10A370002283338334960081118122813381080F37
:10A38000191F2A1F3B1F00831183228333833496B6
:10A390000081118122813381081719072A073B07A1
:10A3A00020F480839183A283B3834C813881809190
:10A3B000970490919804282F291B2F3F09F4D7C4A4
:10A3C000E1E0E80FE0939704A82FB0E0AB56BC4F54
:10A3D00012961C922E2F291B2F3F09F4EBC222E06C
:10A3E000280F20939704F0E0EB56FC4F19E01283FE
:10A3F000A22FB0E0B093A004A0939F04522F591B4A
:10A400005F3F09F4CBC423E0280F20939704FD019C
:10A41000EB56FC4F01E00283622F70E0522F591B74
:10A4200070939E0460939D045F3F09F4D8C454E088
:10A43000580F509397046B567C4FEB010A8322818F
:10A440002F5F22832A812F5F2A83252F291B2F3FED
:10A4500009F4C3C48B5F80939704C52FD0E0CB561B
:10A46000DC4F1A83582F591B22812F5F22833323FD
:10A4700009F4E8C360919D0470919E04EB01DD270F
:10A48000CB56DC4F2A812F5F2A835F3F09F482C4B9
:10A4900021E0280F20939704C82FD0E0CB56DC4F43
:10A4A0003A83522F591B82818F5F82836F3F7F4F88
:10A4B00009F4C7C3442309F4BAC360919D047091A1
:10A4C0009E04DB01BB27AB56BC4F12968C911297B2
:10A4D0008F5F12968C9312975F3F09F403C481E05B
:10A4E000820F80939704E22FF0E0EB56FC4F4283FB
:10A4F00020919F043091A004F901FF27EB56FC4FF7
:10A5000042814F5F4283891B8F3F09F497C26F3F9F
:10A510007F4F19F08FEF12968C9380919B048F5F81
:10A5200080939B0481E078CE0E943D65FE01ED5A48
:10A53000F94F608371838283938389EE90E09D87D6
:10A540008C870E943D657E012DEBE21A29EFF20A0D
:10A55000D7016D937D938D939C9313978E01005F2C
:10A560001D4FF80180809180A280B3808091930379
:10A5700090919403892B09F440C0CE010E949A6106
:10A58000882309F4DDC10E943D65F7010081118136
:10A5900022813381DC01CB01801B910BA20BB30B19
:10A5A000FE01E95BF94F00811181228133810F5F48
:10A5B0001F4F2F4F3F4F00831183228333833496E5
:10A5C0000081118122813381080F191F2A1F3B1F2F
:10A5D0000083118322833383C15BD94F08811981A2
:10A5E0002A813B81081719072A073B0720F4888333
:10A5F0009983AA83BB8381E00FCECE010E949A612A
:10A600008111C1CFA50194010E8004C0220F331F18
:10A61000441F551F0A94D2F768E1CE010E946E656F
:10A620008111B9C1DE011E969E01225F3D4F80E07F
:10A6300090E04D91E92FFF27E427EE0FFF1FE4582C
:10A64000F54F45915491982F882784279527A21775
:10A65000B30779F74EEF4EBD0DB407FEFDCF4E8523
:10A660004EBD4F85FE0170960DB407FEFDCF4EBD69
:10A67000E217F30709F4A6C04191F6CFCE010E947C
:10A68000706156CE40E052E0B601CE010E94EC650A
:10A69000882309F44ACE8B81811120C385E08F8302
:10A6A0000E943D65D8010D911D912D913C91DC01D9
:10A6B000CB01801B910BA20BB30BFE01E95DF94F9F
:10A6C00000811181228133810F5F1F4F2F4F3F4F38
:10A6D0000083118322833383349600811181228188
:10A6E0003381080F191F2A1F3B1F00831183228308
:10A6F0003383349600811181228133810817190731
:10A700002A073B0720F480839183A283B3830E94AE
:10A710003D65FE01ED5CF94F00811181228133819D
:10A72000DC01CB01801B910BA20BB30B3496008193
:10A730001181228133810F5F1F4F2F4F3F4F0083C5
:10A7400011832283338334960081118122813381E6
:10A75000080F191F2A1F3B1F008311832283338395
:10A7600034960081118122813381081719072A0745
:10A770003B0720F480839183A283B383FE01EC5EC8
:10A78000FD4F80819181A281B381F7014081518188
:10A7900062817381841B950BA60BB70B8115F2E0C8
:10A7A0009F07A105B10510F080E092E0FE01E45E94
:10A7B000F94F9183808332961182108281E0329624
:10A7C00080835FCD0DB407FEFDCF9EBD0DB407FEA7
:10A7D000FDCF8EBD0DB407FEFDCF8FEF8EBD0DB446
:10A7E00007FEFDCF8EB58C838F71853009F4D8C0FC
:10A7F00087E588838B81882319F0CE010E947061E0
:10A80000888581508887882309F45FC2CC24C3944B
:10A81000D12C0E943D65F70180809180A280B38099
:10A82000DC01CB0188199909AA09BB09FE01E95B82
:10A83000F94F80809180A280B3802FEF821A920A14
:10A84000A20AB20A80829182A282B3823496808068
:10A850009180A280B380880E991EAA1EBB1E8082A2
:10A860009182A282B382349680809180A280B3804C
:10A8700088169906AA06BB0620F480839183A283DA
:10A88000B383CA94CD2809F410C10E943D65FE012E
:10A89000ED5AF94FC080D180E280F380DC01CB011A
:10A8A0008C199D09AE09BF093496C080D180E28021
:10A8B000F3802FEFC21AD20AE20AF20AC082D182D2
:10A8C000E282F3823496C080D180E280F380C80EA9
:10A8D000D91EEA1EFB1EC082D182E282F382349628
:10A8E000C080D180E280F380C816D906EA06FB0654
:10A8F00020F480839183A283B383FE01EC5EFD4F3D
:10A9000080819181A281B3819E5FAF4FBF4F8083D1
:10A910009183A283B383369711821082F8018081DC
:10A920009181A281B3810196A11DB11D8083918384
:10A93000A283B383FE01E25EF94F11821082A1CCA3
:10A9400020E030E0A9016DE0CE010E946E65882311
:10A95000C9F04C8169E28CE016D98B81882319F00B
:10A96000CE010E947061109294031092930385E0CF
:10A97000888792E0C92ED12C4CCF4C81688189E028
:10A9800002D9DCCC8FEF8EBD0DB407FEFDCF8EB5A6
:10A990008111DFCFE2CF4C8162E38CE0F4D842CE6C
:10A9A000CE010E94816181E090E0909394038093B6
:10A9B0009303E9CDAE2FB0E060919F047091A004A5
:10A9C0008E2FB0939E04A0939D04FB01FF27EB56AE
:10A9D000FC4F22812F5F2283AB56BC4F12962C91E5
:10A9E00012972F5F12962C9322812F5F228333239D
:10A9F00009F4DEC160919D0470919E04DB01BB27C8
:10AA0000AB56BC4F12962C9112972F5F12962C9337
:10AA100022812F5F2283282F6F3FBFEF7B0709F42E
:10AA2000CBC15FEF41114DCD8FEF9FEF90939E040F
:10AA300080939D0420919F043091A0042250209384
:10AA4000970481E0E9CBE8EEEE1AE9EFFE0AF701A0
:10AA500080819181A281B38129E0B695A7959795D0
:10AA600087952A95D1F79C01AD012F5F3F4F4F4F3E
:10AA70005F4F8D81833039F0A9E0220F331F441FCF
:10AA8000551FAA95D1F761E1CE010E946E65811133
:10AA90004ACC40E052E0BE01685E7B4FCE010E948E
:10AAA000EC65882309F441CCF6CD5C81C8818091A6
:10AAB000970490919804282F291B2F3F09F41EC159
:10AAC000E1E0E80FE0939704A82FB0E0AB56BC4F4D
:10AAD00012961C922E2F291B2F3F09F44FC142E0E2
:10AAE000480F40939704F0E0EB56FC4F29E0228397
:10AAF000242F30E03093A00420939F04642F691B1F
:10AB00006F3F09F44EC143E0480F40939704F901A9
:10AB1000EB56FC4F11E01283642F70E0D42FD91B49
:10AB200070939E0460939D04DF3F09F464C1D4E0F8
:10AB3000D80FD09397046B567C4FDB0112961C9371
:10AB4000129742814F5F428312964C9112974F5F4A
:10AB500012964C934D2F491B4F3F09F44AC18B5F0E
:10AB600080939704AD2FB0E0AB56BC4F4CE01296EB
:10AB70004C93D82FD91B42814F5F4283CC2309F4D9
:10AB800088C060919D0470919E04DB01BB27AB5689
:10AB9000BC4F12964C9112974F5F12964C93DF3F29
:10ABA00009F4F4C041E0480F40939704A82FB0E0A7
:10ABB000AB56BC4F1296CC93D42FD91B82818F5F9A
:10ABC00082836F3F7F4F09F463C0552309F456C059
:10ABD00060919D0470919E04DB01BB27AB56BC4F76
:10ABE00012968C9112978F5F12968C931297DF3F7B
:10ABF00009F478C081E0840F80939704E42FF0E09B
:10AC0000EB56FC4F528320919F043091A004F90130
:10AC1000FF27EB56FC4F42814F5F4283891B8F3FDA
:10AC200009F40CCF6F3F7F4F09F074CC76CC8FEFD7
:10AC30009FEF90939E0480939D045F3F09F06DCC3D
:10AC4000F9CE822FFD01EB56FC4F682F70E0709318
:10AC50009E0460939D045F3F09F4A8C021E0280F83
:10AC600020939704DB01AB56BC4F81E012968C9386
:10AC7000522F591B82818F5F82831CCC8FEF9FEFF5
:10AC800090939E0480939D04DF3F09F046CCD2CE82
:10AC9000842FF901EB56FC4F282F30E030939E04AF
:10ACA00020939D04DF3F09F47FC041E0480F4093AB
:10ACB0009704D901AB56BC4F81E012968C93D42FE8
:10ACC000D91B82818F5F828380CF4C8168818CE029
:10ACD0000E94C34DCC24C394D12C9BCDCE010E94A5
:10ACE0007061DCCC20919F043091A004F901FF2712
:10ACF000EB56FC4F82818F5F8283A0CE282F30E0FD
:10AD000060919F047091A00430939E0420939D0451
:10AD1000FB01FF27EB56FC4F42814F5F4283D90175
:10AD2000AB56BC4F12963C9112973F5F12963C93E4
:10AD300022812F5F2283CC23E9F160919D047091E1
:10AD40009E04DB01BB27AB56BC4F12962C91129789
:10AD50002F5F12962C9322812F5F22836F3FCFEFBC
:10AD60007C0791F1482FDFEF511136CF5DCEA82F30
:10AD7000B0E060919F047091A00423CE2E2F30E0AC
:10AD800060919F047091A0048E2FBECFF901EB5605
:10AD9000FC4FE1CFFD01EB56FC4F3ACEBD01822FB7
:10ADA00010CEB901842FB0CF482F8BCF282F62CF80
:10ADB0005FEF4BCFDFEF70CF30E030939E042093F6
:10ADC0009D04282F5FEF56CF282F30E030939E044C
:10ADD00020939D04482FDFEF74CF852F05CE82E0AE
:10ADE0008283EB01CB56DC4F8A818F5F8A83822F6F
:10ADF0003BCB8D2F9DCF82E08283DB01AB56BC4FD6
:10AE000012968C9112978F5F12968C93842FB3CEEB
:10AE1000EF92FF920F931F93CF93C82F80E00E9471
:10AE20000F6E8DE292E00E94F76D81E00E940F6E3E
:10AE300085E392E00E94F76D4AE065E070E080E013
:10AE400090E00E94236E82E00E940F6E8EE392E0FB
:10AE50000E94F76D6C2F70E080E090E04AE00E9465
:10AE6000236E83E00E940F6E87E492E00E94F76DEC
:10AE700086E492E00E94F76D909197048091980487
:10AE8000292F281B2F3F09F4ADC0E1E0E90FE09323
:10AE90009704A92FB0E0AB56BC4F12961C922E2FF0
:10AEA000281B2F3F09F4BEC022E0290F20939704EE
:10AEB000F0E0EB56FC4F33E03283422F50E05093EA
:10AEC000A00440939F04322F381B3F3F09F4B2C0C7
:10AED00023E0290F20939704FA01EB56FC4F01E081
:10AEE0000283622F70E0322F381B70939E046093B0
:10AEF0009D043F3F09F4AFC014E0190F109397046D
:10AF00009B012B563C4FD90112960C9312976281EC
:10AF10006F5F628312966C9112976F5F12966C93BB
:10AF2000212F281B2F3F09F4A3C09B5F9093970408
:10AF3000A12FB0E0AB56BC4F25E012962C93392FD1
:10AF4000381B22812F5F2283CC23D1F1FA01EB56EB
:10AF5000FC4F60919D0470919E04DB01BB278D0125
:10AF60000B561C4F7801D80112962C9112972F5F27
:10AF700012962C933F3F09F460C021E0290F2093E3
:10AF80009704092F10E00B561C4FD8011296CC9352
:10AF900092819F5F9283281B2F3FD1F06F3F7F4F9D
:10AFA00019F08FEFF701828380919B048F5F80936C
:10AFB0009B04CF911F910F91FF90EF900C94584CF0
:10AFC0008FEF9FEF90939E0480939D043F3F61F726
:10AFD000425040939704CF911F910F91FF90EF90B3
:10AFE0000C94584CA92FB0E040919F045091A004BC
:10AFF000B0939E04A0939D04FA01FF27EB56FC4FEB
:10B0000022812F5F2283AB56BC4F12962C91129750
:10B010002F5F12962C9322812F5F2283CC23A1F0E5
:10B020003FEF97CFAE2FB0E040919F045091A00426
:10B030009E2FDECFDA01922FDBCF82818F5F82835A
:10B04000425040939704C7CF8FEF9FEF90939E0499
:10B0500080939D04BDCF92E09283DB01AB56BC4F41
:10B0600012969C9112979F5F12969C93922F69CF94
:10B07000912FD1CF2F923F924F925F926F927F92FA
:10B080008F929F92AF92BF92CF92DF92EF92FF92F8
:10B090000F931F93CF93DF9310928312109282121B
:10B0A00010928112109280122091C50A3091C60A26
:10B0B000CFEFDFEFAA24AA94BB24B394A9E02A2EF1
:10B0C000B2E03B2E01E010E089EEC82ED12C9CEBC3
:10B0D000E92EF12C21153105B1F08091B304909146
:10B0E000B4048C3B910509F451C0893E910509F4E3
:10B0F000C2C1892B09F430C2D093B404C093B30405
:10B100002115310551F71092BB061092BC06109222
:10B11000BD061092BE061092B6061092B5061092A9
:10B12000BF0A1092C00A1092C10A1092C20A10926D
:10B13000C70A81E090E0A0E0B0E08093B70690936A
:10B14000B806A093B906B093BA06DF91CF911F91CC
:10B150000F91FF90EF90DF90CF90BF90AF909F90B6
:10B160008F907F906F905F904F903F902F900895B9
:10B170000E943D656093DA0A7093DB0A8093DC0AD3
:10B180009093DD0AF092B404E092B3040E943D650E
:10B190006093CA0A7093CB0A8093CC0A9093CD0A2D
:10B1A0008091C80A9091C90A8F5B964009F43DC40A
:10B1B0008091BF0A9091C00AA091C10AB091C20AC1
:10B1C00079E0B695A795979587957A95D1F79C01E3
:10B1D000AD012F5F3F4F4F4F5F4F8091AC048330E5
:10B1E00039F069E0220F331F441F551F6A95D1F7CC
:10B1F00061E187EA94E00E946E65882309F400C249
:10B2000080E38093A7048091AA04882321F087EA31
:10B2100094E00E9470618091AE0481508093AE04EE
:10B22000882309F4FDC40E943D654090CA0A5090ED
:10B23000CB0A6090CC0A7090CD0ADC01CB01841956
:10B240009509A609B7094091CE0A5091CF0A60919D
:10B25000D00A7091D10A4F5F5F4F6F4F7F4F40937D
:10B26000CE0A5093CF0A6093D00A7093D10A4091CE
:10B27000D20A5091D30A6091D40A7091D50A480F2E
:10B28000591F6A1F7B1F4093D20A5093D30A6093C1
:10B29000D40A7093D50A4091D60A5091D70A60918A
:10B2A000D80A7091D90A481759076A077B0740F4F2
:10B2B0008093D60A9093D70AA093D80AB093D90A5C
:10B2C0008090AB049090A7046091970470919804CB
:10B2D000862F871B8F3F09F4AAC5E1E0E60FE093B4
:10B2E0009704A62FB0E0AB56BC4F12961C928E2F3F
:10B2F000871B8F3F09F4ABC442E0460F409397048D
:10B30000F0E0EB56FC4F2282242F30E03093A00473
:10B3100020939F04842F871B8F3F09F4B0C543E01F
:10B32000460F40939704F901EB56FC4FB282842FED
:10B3300090E0742E771A90939E0480939D045FEFA3
:10B34000751609F4BFC544E0460F40939704DC012D
:10B35000AB56BC4F1296BC92129782818F5F82834C
:10B3600012968C9112978F5F12968C93842F871B65
:10B370008F3F09F4A5C56B5F60939704A42FB0E0DD
:10B38000AB56BC4F12962C92762E771A82818F5F25
:10B390008283992009F4EFC480919D0490919E04CA
:10B3A000AC0155274B565C4FDA0112966C90129700
:10B3B000639412966C92BFEF7B1609F4ABC441E024
:10B3C000460F40939704A62FB0E0AB56BC4F1296A1
:10B3D0009C92742E771A52815F5F5283019609F412
:10B3E000C9C4882009F4B6C480919D0490919E043C
:10B3F000FC01FF27EB56FC4F22812F5F22832FEFAA
:10B40000721609F401C561E0640F60939704A42FDC
:10B41000B0E0AB56BC4F12968C9240919F04509175
:10B42000A0049A013327D901AB56BC4F12962C9138
:10B4300012972F5F12962C93671B6F3F09F482C4FB
:10B44000019609F0A28280919B048F5F80939B04F8
:10B450002091C50A3091C60A3DCE0E943D65609399
:10B46000FA0A7093FB0A8093FC0A9093FD0AD0922B
:10B47000B404C092B3040E943D656093EA0A7093DD
:10B48000EB0A8093EC0A9093ED0A4090B706509037
:10B49000B8066090B9067090BA06809193039091B7
:10B4A0009403892B09F084C087EA94E043D788236A
:10B4B00009F47BC10E943D654090EA0A5090EB0A76
:10B4C0006090EC0A7090ED0ADC01CB0184199509BB
:10B4D000A609B7094091EE0A5091EF0A6091F00A6F
:10B4E0007091F10A4F5F5F4F6F4F7F4F4093EE0AAD
:10B4F0005093EF0A6093F00A7093F10A4091F20AB8
:10B500005091F30A6091F40A7091F50A480F591F9F
:10B510006A1F7B1F4093F20A5093F30A6093F40A68
:10B520007093F50A4091F60A5091F70A6091F80A73
:10B530007091F90A481759076A077B0740F480930E
:10B54000F60A9093F70AA093F80AB093F90A2091AB
:10B55000C50A3091C60ABECD2130310509F408CEA6
:10B560002230310509F479CF8091C70A81111BC0BF
:10B570004091BB065091BC066091BD067091BE061D
:10B580008091BF0A9091C00AA091C10AB091C20AED
:10B59000481759076A077B0731F01093C60A0093D2
:10B5A000C50A21E030E01092B4041092B30492CDA9
:10B5B00087EA94E0BFD681117DCF20E030E0A90179
:10B5C0006DE087EA94E00E946E65882309F425C245
:10B5D0004091AB0469E28CE00E94C34D8091AA04C3
:10B5E000882319F087EA94E07BD610929403109296
:10B5F000930355E05093AF0492E0892E912C3EC105
:10B6000040E052E06FEB76E087EA94E00E94EC6560
:10B61000882309F4F8CD8091AA048111F1C345E093
:10B620004093AE040E943D654090CA0A5090CB0AF8
:10B630006090CC0A7090CD0ADC01CB018419950989
:10B64000A609B7094091CE0A5091CF0A6091D00A5D
:10B650007091D10A4F5F5F4F6F4F7F4F4093CE0A7B
:10B660005093CF0A6093D00A7093D10A4091D20AC6
:10B670005091D30A6091D40A7091D50A480F591F8E
:10B680006A1F7B1F4093D20A5093D30A6093D40A57
:10B690007093D50A4091D60A5091D70A6091D80A82
:10B6A0007091D90A481759076A077B0740F48093BD
:10B6B000D60A9093D70AA093D80AB093D90A0E94C9
:10B6C0003D654090DA0A5090DB0A6090DC0A709089
:10B6D000DD0ADC01CB0184199509A609B70940915F
:10B6E000DE0A5091DF0A6091E00A7091E10A4F5F33
:10B6F0005F4F6F4F7F4F4093DE0A5093DF0A609396
:10B70000E00A7093E10A4091E20A5091E30A6091E5
:10B71000E40A7091E50A480F591F6A1F7B1F409386
:10B72000E20A5093E30A6093E40A7093E50A4091B9
:10B73000E60A5091E70A6091E80A7091E90A481711
:10B7400059076A077B0740F48093E60A9093E70A5B
:10B75000A093E80AB093E90A8091BB069091BC06D9
:10B76000A091BD06B091BE064091BF0A5091C00A9B
:10B770006091C10A7091C20A841B950BA60BB70B8E
:10B78000811552E09507A105B10510F080E092E027
:10B790009093C40A8093C30A1092C60A1092C50AF5
:10B7A000B092C70A20E030E0FECEA30192010090E3
:10B7B000AD0404C0220F331F441F551F0A94D2F753
:10B7C00068E187EA94E00E946E65811131C2A5EBC1
:10B7D000B4E080E090E02D91E92FFF27E227EE0F03
:10B7E000FF1FE458F54F25913491982F8827822721
:10B7F000932726E0A53BB20771F72EEF2EBD0DB4BF
:10B8000007FEFDCF2091B5042EBD2091B604E7EBD5
:10B81000F4E00DB407FEFDCF2EBD46E0E53BF40796
:10B8200011F02191F6CF0DB407FEFDCF9EBD0DB4F2
:10B8300007FEFDCF8EBD0DB407FEFDCFAEBC0DB42F
:10B8400007FEFDCF8EB58093AB048F71853009F470
:10B85000F6C187E58093A7048091AA04882319F094
:10B8600087EA94E03DD58091AF0481508093AF0486
:10B87000882309F4BAC288248394912C0E943D65E0
:10B880004090EA0A5090EB0A6090EC0A7090ED0A42
:10B89000DC01CB0184199509A609B7094091EE0A8C
:10B8A0005091EF0A6091F00A7091F10A4F5F5F4F7B
:10B8B0006F4F7F4F4093EE0A5093EF0A6093F00A68
:10B8C0007093F10A4091F20A5091F30A6091F40AE0
:10B8D0007091F50A480F591F6A1F7B1F4093F20AA7
:10B8E0005093F30A6093F40A7093F50A4091F60AB4
:10B8F0005091F70A6091F80A7091F90A48175907B0
:10B900006A077B0740F48093F60A9093F70AA093A6
:10B91000F80AB093F90A8A94892809F4B9C00E94F8
:10B920003D654090FA0A5090FB0A6090FC0A7090C6
:10B93000FD0ADC01CB0184199509A609B7094091DC
:10B94000FE0A5091FF0A6091000B7091010B4F5F4E
:10B950005F4F6F4F7F4F4093FE0A5093FF0A6093F3
:10B96000000B7093010B4091020B5091030B6091FF
:10B97000040B7091050B480F591F6A1F7B1F4093E2
:10B98000020B5093030B6093040B7093050B4091D3
:10B99000060B5091070B6091080B7091090B48172B
:10B9A00059076A077B0740F48093060B9093070BB7
:10B9B000A093080BB093090B8091BB069091BC0635
:10B9C000A091BD06B091BE069E5FAF4FBF4F809362
:10B9D000BB069093BC06A093BD06B093BE06109222
:10B9E000B6061092B5068091B7069091B806A09160
:10B9F000B906B091BA060196A11DB11D8093B70694
:10BA00009093B806A093B906B093BA061092C60AEE
:10BA10001092C50A20E030E0C6CDAEBC0DB407FEE2
:10BA2000FDCF8EB58111D4CDD9CD8091BF0A909133
:10BA3000C00AA091C10AB091C20AF9E0B695A795D3
:10BA400097958795FA95D1F79C01AD012F5F3F4FF0
:10BA50004F4F5F4F8091AC04833039F0E9E0220F03
:10BA6000331F441F551FEA95D1F761E187EA94E03F
:10BA70000E946E658111C4CB40E052E06FEB78E02C
:10BA800087EA94E00E94EC65882309F4BCCBC3CD1F
:10BA90004090AB048090A704709197046091980443
:10BAA000872F861B8F3F09F4C9C1E1E0E70FE093C0
:10BAB0009704A72FB0E0AB56BC4F12961C928E2F66
:10BAC000861B8F3F09F4F4C082E0870F80939704B0
:10BAD000F0E0EB56FC4F2282282F30E03093A00498
:10BAE00020939F04982F961B9F3F09F4CFC143E0FA
:10BAF000470F40939704D901AB56BC4F1296BC92A6
:10BB00001297842F90E0942E961A90939E0480931F
:10BB10009D045FEF951609F4C8C144E0470F4093B8
:10BB20009704FC01EB56FC4FB28212968C9112974F
:10BB30008F5F12968C93129782818F5F8283842FFE
:10BB4000861B8F3F09F4AFC17B5F70939704E42F8E
:10BB5000F0E0EB56FC4F8CE08283972E961A1296FB
:10BB60008C9112978F5F12968C931297882009F40C
:10BB70001FC180919D0490919E04AC015527FA014C
:10BB8000EB56FC4F42814F5F42834FEF941609F40E
:10BB90005CC141E0470F40939704E72FF0E0EB567C
:10BBA000FC4F8282942E961A12965C9112975F5FD8
:10BBB00012965C93019609F4FAC0442009F4D2C0AD
:10BBC00080919D0490919E04FC01FF27EB56FC4F51
:10BBD00022812F5F2283BFEF9B1609F415C171E00C
:10BBE000740F70939704A42FB0E0AB56BC4F12961D
:10BBF0004C9240919F045091A0049A013327D9019F
:10BC0000AB56BC4F12962C9112972F5F12962C9325
:10BC1000761B7F3F09F496C0019609F013CC13CC34
:10BC20004091AB046091A70489E00E94C34DFBCA18
:10BC30004091AB0462E38CE00E94C34DC8CD87EA1B
:10BC400094E05FD3109394030093930333CC8E2F2F
:10BC500090E020919F043091A0046E2F90939E0459
:10BC600080939D043327F901EB56FC4F22812F5F0F
:10BC70002283DC01AB56BC4F12968C9112978F5FDA
:10BC800012968C9382818F5F8283992009F4F4C08D
:10BC900080919D0490919E049C013327D901AB565D
:10BCA000BC4F12962C9112972F5F12962C9335C091
:10BCB0002E2F30E0A0919F04B091A0047E2F3093EE
:10BCC0009E0420939D04BB27AB56BC4F12968C91CB
:10BCD00012978F5F12968C931297F901EB56FC4FD7
:10BCE00082818F5F828312968C9112978F5F12965A
:10BCF0008C931297882009F4BCC080919D04909188
:10BD00009E049C013327F901EB56FC4F22812F5FE3
:10BD100022839EC0F901EB56FC4F22812F5F2283C4
:10BD20008F3FBFEF9B0709F4D9C0462F77247A9441
:10BD300081105ECBD0939E04C0939D0440919F04DC
:10BD40005091A0044250409397042091C50A30912D
:10BD5000C60AC0C9D0939E04C0939D04BFEF7B1256
:10BD600072CBECCFD0939E04C0939D04AFEF9A1298
:10BD70006ACBE4CF642FF901EB56FC4F862F90E09D
:10BD800090939E0480939D04AFEF7A1609F47AC0D5
:10BD900041E0460F40939704DC01AB56BC4F12962E
:10BDA000BC92742E771A82818F5F82831ACB742F94
:10BDB000D901AB56BC4FE72FF0E0F0939E04E0931F
:10BDC0009D048FEF981609F45FC041E0470F409340
:10BDD0009704EB56FC4FB282942E961A12968C91D1
:10BDE00012978F5F12968C93E8CE4091AB046091CE
:10BDF000A7048CE00E94C34D88248394912C3ECDEF
:10BE000087EA94E06DD20BCC40919F045091A0043E
:10BE1000FA01FF27EB56FC4F82818F5F82834250ED
:10BE2000409397042091C50A3091C60A53C9862FC2
:10BE300090E020919F043091A00410CF272F30E094
:10BE4000A0919F04B091A0043ACFD901AB56BC4F4A
:10BE500012962C9112972F5F12962C9312978F3F68
:10BE60002FEF9207B1F0472F99249A944110ACCE4E
:10BE700061CF99249A949FCF77247A947FCFC90178
:10BE8000642FECCE462F8FCF472FA8CFD901782F24
:10BE900016CF872F90E090939E0480939D04472FA8
:10BEA00099249A949BCF742F1ECF12963C9212978E
:10BEB000FC01EB56FC4F82818F5F8283742F4FCE43
:10BEC000642FE0CE32828B569C4FDC0112965C913F
:10BED00012975F5F12965C93642F58CA862F90E08A
:10BEE00090939E0480939D04462F77247A945BCF91
:10BEF00080917C1290917D12863A21E0920709F49C
:10BF00004DC0873B21E0920709F4B1C0009741F092
:10BF10008FEF9FEF90937D1280937C1280E00895C5
:10BF2000209182123091831260918012709181125F
:10BF3000621B730B70938A12609389125091841262
:10BF4000E52FF0E06E177F0708F0DCC06115710582
:10BF500009F487C0E0917E12F0917F1240E0E20F79
:10BF6000F31F20E030E05150DF01A80FB91F8C9182
:10BF7000D901A458BD4E19968C93852F841B8093AC
:10BF800084124F5F242F30E0C9012617370760F372
:10BF900086EA91E090937D1280937C128091C70A8B
:10BFA000882309F4ADC08091C80A9091C90A8F5BBB
:10BFB000964009F4BFC08FEB96E09093C90A809336
:10BFC000C80ADC018091C30A9091C40A4091BF0A5B
:10BFD0005091C00A6091C10A7091C20A480F591F5E
:10BFE000611D711D4093BF0A5093C00A6093C10A3E
:10BFF0007093C20A1092C70A9093811280938012A4
:10C00000B0937F12A0937E1290918412992309F429
:10C01000A1C02091891230918A12F901EB57FD4E8F
:10C02000265F3F4F8FEF890F280F311D24583D4E5B
:10C030008D918193E217F307D9F7892F90E025E8D6
:10C0400032E130938C1220938B1290938312809361
:10C0500082128FEF9FEF90937D1280937C1280E08D
:10C06000089587EB91E090937D1280937C128091EC
:10C07000C70A882309F444C08091C80A9091C90A6C
:10C080008F5B964009F45EC08FEB96E09093C90AEF
:10C090008093C80AAC012091C30A3091C40A8091F0
:10C0A000BF0A9091C00AA091C10AB091C20A820F42
:10C0B000931FA11DB11D8093BF0A9093C00AA09346
:10C0C000C10AB093C20A1092C70A3093811220931A
:10C0D000801250937F1240937E1250938C124093A3
:10C0E0008B128091841290E090938312809382123D
:10C0F0008FEF9FEF90937D1280937C1280E00895E4
:10C1000081E0089580917E1290917F12820F931F9B
:10C1100090938C1280938B122E0F3F1F30938312BB
:10C12000209382128FEF9FEF90937D1280937C1269
:10C1300080E008958FEB98E09093C90A8093C80A35
:10C14000DC0140CF8FEB98E09093C90A8093C80A36
:10C15000AC01A1CF80E090E072CF3FB7F89480911E
:10C16000BF129091C012A091C112B091C21226B517
:10C17000A89B05C02F3F19F00196A11DB11D3FBF1F
:10C18000BA2FA92F982F8827820F911DA11DB11DAD
:10C19000BC01CD01660F771F881F991F660F771F9F
:10C1A000881F991F08950E94298790E0FC0131970C
:10C1B000E231F10558F48827EC54FF4F8F4F0C946F
:10C1C000088780912001877F80932001089584B59E
:10C1D0008F7784BD089584B58F7D84BD0895809147
:10C1E00080008F77809380000895809180008F7DFC
:10C1F00080938000089580918000877F80938000E5
:10C2000008958091B0008F778093B0000895809159
:10C21000B0008F7D8093B0000895809190008F775B
:10C22000809390000895809190008F7D809390007E
:10C23000089580919000877F809390000895809169
:10C24000A0008F778093A00008958091A0008F7D3B
:10C250008093A00008958091A000877F8093A00024
:10C260000895809120018F77809320010895809117
:10C2700020018F7D8093200108951F93CF93DF933A
:10C28000282F30E0F901EA5AFD4F8491F901E05F6F
:10C29000FD4FD491F901E653FE4FC491CC23A9F090
:10C2A000162F81111BC0EC2FF0E0EE0FFF1FEA5696
:10C2B000F34FA591B4918FB7F89411110AC09C91D6
:10C2C000ED2FE095E923EC938FBFDF91CF911F9184
:10C2D0000895EC91ED2BEC938FBFF7CF66DFE3CFA2
:10C2E000CF93DF93EC01E981FA8161E08281C5DFC0
:10C2F0008FEF8EBD0DB407FEFDCF1B82DF91CF9176
:10C300000895FC012381211101C00895E9CFCF9345
:10C31000DF93EC01E981FA8180818CBD81818DBD43
:10C32000E981FA8160E08281A8DF81E08B83DF917F
:10C33000CF9108950F931F93CF93DF938C01FC014E
:10C34000C381C11101C0E3DF98E03FEF3EBD0DB4F2
:10C3500007FEFDCF2EB52F3FB9F09150B9F7D1E0D0
:10C36000C11104C0F8018381811106C08D2FDF91B6
:10C37000CF911F910F910895C801B2DF8D2FDF91EA
:10C38000CF911F910F910895D0E0EACFCF93DF9323
:10C39000EC0160E08E8171DF61E08E816EDF60E034
:10C3A0008E816BDF8BE891E00197F1F7DF91CF9100
:10C3B0000895CF92DF92EF92FF920F931F93CF9346
:10C3C000DF936C01E62EF12C8C01095F1F4FC0E05A
:10C3D000D0E0B7010C2E02C0759567950A94E2F77C
:10C3E0006170F80181918F0148DF2196C430D10539
:10C3F00081F7C601DF91CF911F910F91FF90EF90D0
:10C40000DF90CF90C3CFCF92DF92EF92FF920F9346
:10C410001F93CF93DF936C01E62E642FFC01848180
:10C420002CDFF60185818F3F11F060E026DFF601F9
:10C43000878584FD17C06E2D70E07595679575959D
:10C4400067957595679575956795C601B2DF6E2DF1
:10C45000C601DF91CF911F910F91FF90EF90DF9078
:10C46000CF90A7CFF12C8601095F1F4FC0E0D0E02D
:10C47000B7010C2E02C0759567950A94E2F76170BA
:10C48000F80181918F01F9DE2196C830D10581F73D
:10C49000C601DF91CF911F910F91FF90EF90DF9038
:10C4A000CF9074CF41E0AFDF81E090E00895CF926C
:10C4B000DF92EF92FF920F931F93CF93DF9341157B
:10C4C000510541F16A018C017B01C0E0D0E007C059
:10C4D00041E0C80198DF2196CC16DD0689F0D8012D
:10C4E000ED91FC910190F081E02DD7016D917D01DE
:10C4F000B2E6E235FB0761F3C8011995892B59F7BC
:10C50000CE01DF91CF911F910F91FF90EF90DF90BF
:10C51000CF900895C0E0D0E0F3CFCF93DF9390E0C9
:10C52000FC01E05FFD4F2491FC01E653FE4F849136
:10C530008823B9F090E0880F991FFC01E458F34F6D
:10C54000A591B491FC01EA56F34FC591D4916623AD
:10C5500059F06230B9F08FB7F894EC91E22BEC937C
:10C560008FBFDF91CF9108959FB7F8948C91E22F00
:10C57000E0958E238C932881E223E8839FBFDF918F
:10C58000CF9108959FB7F8943C91822F8095832393
:10C590008C93E881E22BE8839FBFE3CF1F93CF9377
:10C5A000DF93182FEB0161E0B8DF2097D1F0CF3F88
:10C5B000D10579F0E12FF0E0EA5AFD4FE4914E2FDA
:10C5C00050E0FA013197E231F10528F0C038D10589
:10C5D00044F061E007C08827EA53FF4F8F4F0C9467
:10C5E000088760E0812FDF91CF911F9146CE84B5FF
:10C5F000806884BDC7BDDF91CF911F91089584B538
:10C60000806284BDC8BDF7CF809180008068809330
:10C610008000D0938900C0938800EDCF8091800086
:10C62000806280938000D0938B00C0938A00E3CF18
:10C6300080918000886080938000D0938D00C093AB
:10C640008C00D9CF8091B00080688093B000C093F7
:10C65000B300D1CF8091B00080628093B000C093CE
:10C66000B400C9CF80919000806880939000D093EF
:10C670009900C0939800BFCF809190008062809312
:10C680009000D0939B00C0939A00B5CF809190000A
:10C69000886080939000D0939D00C0939C00ABCFA6
:10C6A0008091A00080688093A0008091A0008F7B83
:10C6B0008093A000D093A900C093A8009CCF809144
:10C6C000A00080628093A000D093AB00C093AA002A
:10C6D00092CF8091A00088608093A000D093AD009D
:10C6E000C093AC0088CF80912001806880932001A6
:10C6F000D0932901C09328017ECF809120018062D0
:10C7000080932001D0932B01C0932A0174CF809194
:10C710002001886080932001D0932D01C0932C01CB
:10C720006ACF4F925F926F927F928F929F92AF9259
:10C73000BF92CF92DF92EF92FF920F931F93CF930E
:10C74000DF93EC01FB0149015A0157FD36C16881B5
:10C7500079818A819B810E94D7862B013C010C80C4
:10C7600004C076946794579447940A94D2F7209122
:10C770009B1030919C1040919D1050919E1057FD40
:10C78000FDC060817181828193810E94D7869B0167
:10C79000AC01048004C056954795379527950A94B7
:10C7A000D2F720939B1030939C1040939D10509390
:10C7B0009E108091A91081110CC0280D391D4A1DB1
:10C7C0005B1D20939B1030939C1040939D105093C1
:10C7D0009E1057FDB4C06D817E818F8198850E9427
:10C7E000D7866B017C01098404C0F694E794D79442
:10C7F000C7940A94D2F7C40CD51CE61CF71C809190
:10C800009F109091A010A091A110B091A210A5012D
:10C810009401281B390B4A0B5B0B57FD71C06E85C9
:10C820007F85888999890E94D786DC01CB010A8897
:10C8300004C0B695A795979587950A94D2F740902E
:10C84000A3105090A4106090A5107090A610840DB5
:10C85000951DA61DB71D8093A3109093A410A093BF
:10C86000A510B093A610B7FC0AC08091DA1090E032
:10C87000A0E0B0E0C816D906EA06FB0684F18FEF07
:10C88000C816D104E104F10494F51C141D041E041F
:10C890001F040CF0B3C0C092A7101092A910B601EB
:10C8A00082E07CDE80929F109092A010A092A11056
:10C8B000B092A210D0939A10C0939910DF91CF91AB
:10C8C0001F910F91FF90EF90DF90CF90BF90AF90AE
:10C8D0009F908F907F906F905F904F9008956C0124
:10C8E0007D018FEFC816D104E104F10474F28FEFDB
:10C8F0008093A71081E08093A9106FEF70E0D0CFF4
:10C9000050954095309521953F4F4F4F5F4F6E8525
:10C910007F85888999890E94D786DC01CB010A88A6
:10C9200004C0B695A795979587950A94D2F7B095C8
:10C93000A095909581959F4FAF4FBF4F80CF509559
:10C940004095309521953F4F4F4F5F4F6D817E81D0
:10C950008F8198850E94D786DC01CB01098404C0B1
:10C96000B695A795979587950A94D2F7CC24DD24A0
:10C970007601C81AD90AEA0AFB0A3DCF50954095BC
:10C98000309521953F4F4F4F5F4F6081718182817C
:10C9900093810E94D786DC01CB01048004C0B69548
:10C9A000A795979587950A94D2F722273327A9014F
:10C9B000281B390B4A0B5B0BF4CE0027112798017B
:10C9C000081919092A093B09688179818A819B81A3
:10C9D000A90198010E94D786DC01CB010C8004C01C
:10C9E000B695A795979587950A94D2F74424552430
:10C9F0003201481A590A6A0A7B0AB9CE1092A71066
:10CA000081E08093A91060E070E04ACF8F929F92FE
:10CA1000AF92BF92CF92DF92EF92FF924B015C01F7
:10CA20009CDB6B017C0181149104A104B104E1F051
:10CA300094DBDC01CB018C199D09AE09BF09883E4E
:10CA40009340A105B105A0F321E0821A9108A10845
:10CA5000B10888EEC80E83E0D81EE11CF11C8114D9
:10CA60009104A104B10421F7FF90EF90DF90CF90E3
:10CA7000BF90AF909F908F9008952FB7F8946091DA
:10CA8000BB127091BC128091BD129091BE122FBF4B
:10CA90000895FF920F931F93CF93DF938B01EDDFE8
:10CAA000EB01FF24FA94FEBC0DB407FEFDCF8EB55A
:10CAB0008F3F69F0E2DF6C1B7D0B0617170798F7B5
:10CAC00080E0DF91CF911F910F91FF90089581E059
:10CAD000DF91CF911F910F91FF900895FF920F93D7
:10CAE0001F93CF93DF93CDB7DEB72A970FB6F89495
:10CAF000DEBF0FBECDBF8C01F62EFC0183818111FC
:10CB00000AC0C8012F83388749875A8700DC5A85B5
:10CB1000498538852F81F11052C06F2D606469837B
:10CB20005A834B833C832D83FE013296DE01169699
:10CB3000262F90E059E038E0990F422F492747FD12
:10CB40009527220F3150C1F7EA17FB0711F0219109
:10CB5000F2CF990F91609E836EBD8A81FE0133965C
:10CB60009E01295F3F4F0DB407FEFDCF8EBDE2173A
:10CB7000F30711F08191F7CF0DB407FEFDCF8FEFD2
:10CB80008EBD0DB407FEFDCF8EB52BE09FEF9EBD91
:10CB90000DB407FEFDCF8EB5F801848387FD0CC070
:10CBA0002A960FB6F894DEBF0FBECDBFDF91CF91AE
:10CBB0001F910F91FF900895215049F7F1CF6CE23A
:10CBC00071E0C8012F83388749875A8762DF5A8509
:10CBD000498538852F81A1CFBF92CF92DF92EF9206
:10CBE000FF920F931F93CF93DF93EC017B016A01B8
:10CBF00044DF8B01BB24BA94BEBC0DB407FEFDCF4D
:10CC00008EB58C838F3FC1F438DF601B710B693E9A
:10CC1000734090F385E588838B81882319F0CE01DA
:10CC20005FDB80E0DF91CF911F910F91FF90EF903C
:10CC3000DF90CF90BF9008958E3F19F080E58883F4
:10CC4000EBCFC114D104C9F0D60111978FEF8EBD7F
:10CC5000109709F447C0F701AE0DBF1D9FEF0DB44B
:10CC600007FEFDCF8EB59EBD8193EA17FB07B9F78E
:10CC70000DB407FEFDCF8EB58C931C828FEF8EBD59
:10CC80000DB407FEFDCF2EB530E0322F22278FEFF7
:10CC90008EBD0DB407FEFDCF8EB5282BC114D10477
:10CCA000F1F0D701CE0CDF1C80E090E04D91E92F30
:10CCB000FF27E427EE0FFF1FE458F54F45915491ED
:10CCC000982F882784279527AC15BD0579F7281755
:10CCD000390719F081E588839FCF81E0A3CF80E0F9
:10CCE00090E0F5CFD701C4CF1F920F920FB60F92ED
:10CCF00011242F933F938F939F93AF93BF93809172
:10CD0000BB129091BC12A091BD12B091BE12309195
:10CD1000BA1223E0230F2D3768F126E8230F02967D
:10CD2000A11DB11D2093BA128093BB129093BC1227
:10CD3000A093BD12B093BE128091BF129091C01209
:10CD4000A091C112B091C2120196A11DB11D809394
:10CD5000BF129093C012A093C112B093C212BF91A0
:10CD6000AF919F918F913F912F910F900FBE0F9098
:10CD70001F9018950196A11DB11DD4CF1092DC1201
:10CD80001092DB121092DE121092DD12E3EDF1E050
:10CD9000849190E0880F991FFC01E055FE4F25918A
:10CDA00034913093AB122093AA12FC01EA56F34F50
:10CDB000259134913093A9122093A812FC01E458D4
:10CDC000F34F859194919093A7128093A612E9E175
:10CDD000F2E0E491E093A5122FB7F894E091A61247
:10CDE000F091A71290818091A5128095892380836C
:10CDF0002FBF2FB7F894E091A812F091A91290815B
:10CE00008091A5128095892380832FBFECECF1E0FF
:10CE1000849190E0880F991FFC01E055FE4F259109
:10CE200034913093B2122093B112FC01EA56F34FC1
:10CE3000259134913093B0122093AF12FC01E45845
:10CE4000F34F859194919093AE128093AD12E2E1ED
:10CE5000F2E0E491E093AC122FB7F894E091AD12B8
:10CE6000F091AE1290818091AC12809589238083DD
:10CE70002FBF2FB7F894E091AF12F091B0129081CC
:10CE80008091AC128095892380832FBFEDECF1E077
:10CE9000849190E0880F991FFC01E055FE4F259189
:10CEA00034913093B9122093B812FC01EA56F34F33
:10CEB000259134913093B7122093B612FC01E458B7
:10CEC000F34F859194919093B5128093B412E3E15E
:10CED000F2E0E491E093B3122FB7F894E091B4122A
:10CEE000F091B51290818091B3128095892380834F
:10CEF0002FBF2FB7F894E091B612F091B71290813E
:10CF00008091B3128095892380832FBF08951F924B
:10CF10000F920FB60F9211240BB60F922F933F93DF
:10CF20004F935F936F937F938F939F93AF93BF9331
:10CF3000EF93FF9380910C0F90910D0F892B09F4C3
:10CF40008EC080910E0F90910F0F90938B00809365
:10CF50008A0090938900809388008091100F80FF51
:10CF600019C09091020191609093020140911903C0
:10CF700050911A0360911B0370911C034F5F5F4F28
:10CF80006F4F7F4F4093190350931A0360931B0315
:10CF900070931C0381FF5EC0889A40911D035091DD
:10CFA0001E0360911F03709120034F5F5F4F6F4F0F
:10CFB0007F4F40931D0350931E0360931F03709394
:10CFC000200382FF15C08B9A4091210350912203C8
:10CFD00060912303709124034F5F5F4F6F4F7F4F2A
:10CFE00040932103509322036093230370932403FF
:10CFF00083FF15C0119A409125035091260360913B
:10D000002703709128034F5F5F4F6F4F7F4F40930F
:10D01000250350932603609327037093280380FD14
:10D02000F0C081FDF5C082FDF6C083FD16C0FF9102
:10D03000EF91BF91AF919F918F917F916F915F9190
:10D040004F913F912F910F900BBE0F900FBE0F90FD
:10D050001F90189582FDB7CFCBCF1198E8CF809164
:10D060000B0F90910A0F981709F4F4C091E0980FF4
:10D0700090930B0F90E0880F991F880F991FFC0168
:10D08000E65FF44F2281338130938B0020938A0036
:10D090003093890020938800208127FDC0C0FC01C7
:10D0A000E65FF44F318130FF36C021703091D111ED
:10D0B000E0918702F09188024081231709F482C130
:10D0C00030918602342309F4D0C04091D912509196
:10D0D000DA124F5F5F4F5093DA124093D91260918A
:10D0E000BF117091C0116630710508F0E8C162E0AF
:10D0F00070E04617570708F4BCC01092DA1210927D
:10D10000D91220916F002B7F20936F00FC01E65F06
:10D11000F44F2081318131FF3BC026952170622F71
:10D1200070E04091D21150E0E0918402F0918502CC
:10D130006417750709F46EC140813091830234236E
:10D1400009F4DCC04091D5125091D6124F5F5F4F69
:10D150005093D6124093D5126091C1117091C211B3
:10D160006630710508F0AEC162E070E046175707FF
:10D1700008F4C8C01092D6121092D51220916F00F8
:10D180002B7F20936F00FC01E65FF44F20813181FB
:10D1900032FF4DCF22FB222720F9422F50E0809111
:10D1A000D31190E0E0918102F09182024817590773
:10D1B00009F459C1908180918002892309F482C0C9
:10D1C0008091D1129091D21201969093D2128093B5
:10D1D000D1124091C3115091C4114630510508F04D
:10D1E00074C142E050E08417950708F46FC01092B4
:10D1F000D2121092D11280916F008B7F80936F00BA
:10D2000016CF909102019E7F9093020181FF0BCF78
:10D21000889882FF0ACF8B9883FF09CF1ECF20FD0D
:10D220006FC120910201226020930201FC01E65FA0
:10D23000F44F208121FD5EC120910B0124602093D9
:10D240000B01FC01E65FF44F208122FD50C18A9A58
:10D25000208125CF80ED97E090938B0080938A000A
:10D260009093890080938800E2CE1092DA12109297
:10D27000D91230910201316030930201222309F466
:10D2800077C04091190350911A0360911B0370916C
:10D290001C034F5F5F4F6F4F7F4F409319035093B5
:10D2A0001A0360931B0370931C03209102012E7FCD
:10D2B00020930201FC01E65FF44F2081318131FDB2
:10D2C0002CCF66CF1092D2121092D1128B9A2223B9
:10D2D000D1F18091210390912203A0912303B09179
:10D2E00024030196A11DB11D809321039093220375
:10D2F000A0932303B09324038B9899CE1092D61257
:10D300001092D512889A222309F447C040911D0338
:10D3100050911E0360911F03709120034F5F5F4F78
:10D320006F4F7F4F40931D0350931E0360931F0365
:10D33000709320038898FC01E65FF44F20813181CF
:10D3400032FD28CF74CE8091210390912203A091C9
:10D350002303B09124030197A109B109809321030C
:10D3600090932203A0932303B09324038B985FCE62
:10D370004091190350911A0360911B0370911C0393
:10D3800041505109610971094093190350931A03DF
:10D3900060931B0370931C0388CF40911D03509131
:10D3A0001E0360911F0370912003415051096109D0
:10D3B000710940931D0350931E0360931F037093E4
:10D3C0002003B8CF30918602342309F086C0409103
:10D3D000D7125091D8124F5F5F4F5093D81240939D
:10D3E000D7126091BF117091C0116036710508F4B9
:10D3F00090C076956795729562956F7067277F707C
:10D4000067274617570708F434CF1092D8121092A6
:10D41000D71277CE408130918302342309F062C065
:10D420004091D3125091D4124F5F5F4F5093D4125A
:10D430004093D3126091C1117091C2116036710591
:10D4400008F464C076956795729562956F7067274A
:10D450007F7067274617570708F454CF1092D412ED
:10D460001092D3128BCE908180918002892381F516
:10D470008091CF129091D01201969093D012809308
:10D48000CF124091C3115091C4114036510508F498
:10D4900043C056954795529542954F7045275F700A
:10D4A00045278417950708F411CF1092D0121092D7
:10D4B000CF1280916F008B7F80936F00B8CD7695EF
:10D4C000679517CE7695679551CE569547958BCE35
:10D4D0001092D0121092CF12F9CE1092D812109250
:10D4E000D712C7CE1092D4121092D3120BCF8A98B3
:10D4F0002081D5CD20910B012B7F20930B01A1CE54
:10D50000209102012D7F2093020190CE62E070E015
:10D51000A1CF62E070E075CF42E050E0C2CF1F9231
:10D520000F920FB60F9211240BB60F92CF92DF928B
:10D53000EF92FF920F931F932F933F934F935F931D
:10D540006F938F939F93AF93BF93EF93FF938091CC
:10D550000B0F90910A0F981709F42AC191E0980FC8
:10D5600090930B0F90E0880F991F880F991FFC0173
:10D57000E65FF44F22813381309389002093880045
:10D58000208127FDA6C0FC01E65FF44F2181211117
:10D5900018C0FF91EF91BF91AF919F918F916F91C3
:10D5A0005F914F913F912F911F910F91FF90EF90BD
:10D5B000DF90CF900F900BBE0F900FBE0F901F907B
:10D5C00018953081622F617020FF1DC040910201CB
:10D5D000416040930201C0901903D0901A03E0907B
:10D5E0001B03F0901C0330FDB9C031E0C31AD10811
:10D5F000E108F108C0921903D0921A03E0921B03CC
:10D60000F0921C033081522F527021FF1CC0889A67
:10D61000C0901D03D0901E03E0901F03F0902003E4
:10D6200031FD8AC031E0C31AD108E108F108C09287
:10D630001D03D0921E03E0921F03F0922003FC0111
:10D64000E65FF44F3081422F447022FF1CC08B9A5A
:10D65000C0902103D0902203E0902303F090240394
:10D6600032FD58C031E0C31AD108E108F108C09278
:10D670002103D0922203E0922303F0922403FC01C1
:10D68000E65FF44F3081822F887023FF17C0119A14
:10D6900033FD73C0009125031091260320912703C9
:10D6A0003091280301501109210931090093250304
:10D6B00010932603209327033093280361118CC015
:10D6C000511192C041118EC0882309F462CF119884
:10D6D00060CF20FD67C020910201226020930201EB
:10D6E000FC01E65FF44F208121FD84C020910B01F5
:10D6F000246020930B01FC01E65FF44F208122FDA2
:10D7000077C08A9AFC01E65FF44F208123FD6EC04A
:10D71000109A39CF3FEFC31AD30AE30AF30AC09233
:10D720002103D0922203E0922303F0922403FC0110
:10D73000E65FF44F3081A7CF3FEFC31AD30AE30A65
:10D74000F30AC0921D03D0921E03E0921F03F092D1
:10D750002003FC01E65FF44F308175CF3FEFC31A21
:10D76000D30AE30AF30AC0921903D0921A03E09293
:10D770001B03F0921C03308146CF009125031091CA
:10D78000260320912703309128030F5F1F4F2F4F4F
:10D790003F4F0093250310932603209327033093D4
:10D7A00028038CCF209102012D7F2093020198CF76
:10D7B0008091801290918112209182123091831277
:10D7C000821B930B81309240D8F480ED97E09093C8
:10D7D000890080938800DDCE909102019E7F909316
:10D7E00002016ECF8B9870CF88986CCF1098CBCEFB
:10D7F0008A9888CF20910B012B7F20930B017BCF40
:10D8000089E190E090938900809388008091EB11EA
:10D810009091EC11092E000CAA0BBB0B0196A11DD7
:10D82000B11D009731E0A307B10520F08FEF9FEF06
:10D83000A0E0B0E09093EC118093EB11AACE9FB7DB
:10D84000F894E091CD12F091CE1220818091CC120B
:10D85000822B80839FBF9FB7F894E091CA12F0910A
:10D86000CB1220818091C912822B80839FBF9FB7EA
:10D87000F894E091C712F091C81220818091C612ED
:10D88000822B80839FBF9FB7F894E091C412F091E0
:10D89000C51220818091C312822B80839FBF08957F
:10D8A000CF92DF92EF92FF920F931F93CF93DF936C
:10D8B00081110EC0613D87E078070CF44AC0DF910A
:10D8C000CF911F910F91FF90EF90DF90CF9008952F
:10D8D000D42F8B01C82F613272410CF03FC08C2FC6
:10D8E00090E00197880F991FFC01E552FD4E2081C1
:10D8F0003181232B31F510929B1010929C101092C5
:10D900009D1010929E10C090DB12D090DC122091DE
:10D910008F0330919003C21AD30A0D2C000CEE082D
:10D92000FF08C0929F10D092A010E092A110F09238
:10D93000A2101092A3101092A4101092A510109291
:10D94000A610FC01E552FD4E11830083D093DA103E
:10D95000B6CF7093DE126093DD12B1CF65E772E04F
:10D9600083E590E00E94614FBACF20919D043091F1
:10D970009E042F3F3F4F71F1882329F1E0919D04D0
:10D98000F0919E04FF27EB56FC4F92819F5F92839C
:10D99000E0919704909198042E2F291B2F3F41F07E
:10D9A00091E09E0F90939704F0E0EB56FC4F82833A
:10D9B000E0919F04F091A004FF27EB56FC4F828179
:10D9C0008F5F828308958FEF9FEF90939E048093E3
:10D9D0009D04089590919704292F30E030939E0480
:10D9E00020939D0440919804592F541B5F3F41F0B0
:10D9F0009F5F90939704F901EB56FC4F91E092835F
:10DA0000E0919F04F091A004FF27EB56FC4F928118
:10DA10009F5F9283B1CF1F93CF93DF9320919D049B
:10DA200030919E042F3F3F4F09F48AC0662309F4CA
:10DA30007DC0E0919D04F0919E04DF01BB27AB56B1
:10DA4000BC4F12962C9112972F5F12962C93A09197
:10DA50009704709198042A2F271B2F3F49F021E04B
:10DA60002A0F20939704B0E0AB56BC4F12966C93EC
:10DA7000C0919F04D091A004DD27CB56DC4F2A81B2
:10DA80002F5F2A83DC016150262F30E02F5F3F4F4C
:10DA9000280F391F61E04FEF5FEF22C0E0919D0436
:10DAA000F0919E04FF27EB56FC4F82818F5F8283AB
:10DAB000E09197048E2F871B8F3F41F081E08E0FFE
:10DAC00080939704F0E0EB56FC4F92838A818F5F3E
:10DAD0008A83A217B30781F0E0919D04F0919E0420
:10DAE0009D91319669F09111D9CF50939E04409346
:10DAF0009D04A217B30781F7DF91CF911F9108957D
:10DB000080919704E82FF0E0F0939E04E0939D0449
:10DB1000182F171B1F3F31F08F5F80939704EB5630
:10DB2000FC4F62838A818F5F8A83DDCF8FEF9FEF07
:10DB300090939E0480939D04DF91CF911F9108954F
:10DB400020919704422F50E050939E0440939D04EF
:10DB500030919804722F731B7F3F41F02F5F209309
:10DB60009704FA01EB56FC4F21E02283E0919F04D9
:10DB7000F091A004FF27EB56FC4F22812F5F2283F8
:10DB800055CF2FEF3FEF30939E0420939D0490914B
:10DB9000970420919804392F321B3F3F39F1E1E07F
:10DBA000E90FE0939704A92FB0E0AB56BC4F129653
:10DBB0001C923E2F321B3F3FC9F032E0390F3093A9
:10DBC0009704F0E0EB56FC4F8283432F50E05093D4
:10DBD000A00440939F04321B3F3F41F09D5F909310
:10DBE0009704FA01EB56FC4F81E082830895009779
:10DBF00099F0FC0101900020E9F73197AF01481B33
:10DC0000590BE0918D12F0918E120280F381E02D7C
:10DC1000BC018DE892E1199480E090E00895843091
:10DC200008F083E09091A012891710F08FEF890F10
:10DC3000E82FF0E0E357FD4E6489606840E08DE82E
:10DC400092E10C940362CF92DF92EF92FF920F93D6
:10DC50001F93CF93DF93CDB7DEB7A1970FB6F8949C
:10DC6000DEBF0FBECDBF19A2423008F446C0C42E9D
:10DC7000D12CE12CF12C8E010F5D1F4F07C0E05D10
:10DC8000D801EC93232B242B252B91F0A70196018F
:10DC90000E94E686E62FB901CA0101501109EA3057
:10DCA00074F3E95CD801EC93232B242B252B71F71B
:10DCB0000115110541F1F80101900020E9F73197B4
:10DCC000AF01401B510BE0918D12F0918E1202803A
:10DCD000F381E02DB8018DE892E11995A1960FB678
:10DCE000F894DEBF0FBECDBFDF91CF911F910F9192
:10DCF000FF90EF90DF90CF9008952AE0C22ED12CB4
:10DD0000E12CF12CB8CF80E090E0E8CFCF92DF9209
:10DD1000EF92FF92CF93DF936C01990FEE08FF080B
:10DD2000F7FC0AC04AE0C701B601DF91CF91FF902E
:10DD3000EF90DF90CF9087CFE0918D12F0918E120F
:10DD40000190F081E02D82E6E235F807D1F441E060
:10DD50006DE28DE892E10E940362C1E0D0E06627A7
:10DD60007727CB016C197D098E099F094AE06BDF8B
:10DD70008C0F9D1FDF91CF91FF90EF90DF90CF90A0
:10DD800008956DE28DE892E11995EC01E8CF6333D7
:10DD900071050CF485CDE82FF0E0EE0FFF1FEE5477
:10DDA000FE4E21813281620F731F7ACD0F931F9334
:10DDB000CF93DF93EC018B0120E030E0A90169E013
:10DDC0000E946E65882371F083E588838B818823A8
:10DDD00021F0CE010E94706180E0DF91CF911F9110
:10DDE0000F91089540E150E0B801CE010E94EC652A
:10DDF000882361F31B81112381F3CE010E9470619E
:10DE0000812FEBCF8FEF9FEF90939E0480939D0423
:10DE10008091970490919804282F291B2F3F69F136
:10DE2000E1E0E80FA82FB0E0AB56BC4F12961C9271
:10DE30002E2F291B2F3F09F1F0E0EB56FC4F26E077
:10DE4000228322E0280F422F50E05093A0044093F9
:10DE50009F04291B2F3F89F08D5F80939704FA015F
:10DE6000EB56FC4F21E02283891B8F3F31F08091DC
:10DE70009B048F5F80939B04089580919F04825040
:10DE8000809397040895CF93DF93CFEFDFEF9091C6
:10DE9000970420919804392F321B3F3F09F474C036
:10DEA000E1E0E90FE0939704A92FB0E0AB56BC4F37
:10DEB00012961C923E2F321B3F3F09F47CC032E089
:10DEC000390F30939704F0E0EB56FC4F8283432FD9
:10DED00050E05093A00440939F04832F821B8F3FF8
:10DEE00009F471C083E0890F80939704FA01EB561F
:10DEF000FC4F31E03283A82FB0E0B0939E04A09392
:10DF00009D04821B8F3F09F461C09C5F909397042E
:10DF1000AB56BC4F12963C931297392F321B82811D
:10DF20008F5F8283662321F112968C9112978F5F07
:10DF300012968C9312973F3F09F454C081E0890FE9
:10DF400080939704C92FD0E0CB56DC4F6A8392812F
:10DF50009F5F9283821B8F3F89F08FEF12968C9385
:10DF600080919B048F5F80939B04DF91CF910895F4
:10DF7000D0939E04C0939D043F3F91F7425040933D
:10DF80009704DF91CF910895A92FB0E040919F04AD
:10DF90005091A004B0939E04A0939D04FA01FF2722
:10DFA000EB56FC4F82818F5F8283662311F13FEF36
:10DFB000AB56BC4FB9CFAE2FB0E040919F0450910B
:10DFC000A0049E2FE7CFDA01932FE4CF82E0828373
:10DFD0006623B1F0AB56BC4F12968C9112978F5FAF
:10DFE00012968C9382818F5F828342504093970474
:10DFF000C8CF8FEF9FEF90939E0480939D04BECF78
:10E00000D0939E04C0939D04B9CF809114108111C8
:10E0100011C080911310815080931310E091121061
:10E0200081E08E0F80931210F0E0EF5EF04F808160
:10E03000809314108F3FA9F08130C9F09091131094
:10E04000915090931310815080931410E09112100E
:10E0500081E08E0F80931210F0E0EF5EF04F808130
:10E06000089580911310815080931310EFCF109278
:10E07000141080E008950F931F93909108129093CD
:10E08000791280910712882309F494C040912312D9
:10E0900050912412609125127091261277FDB1C023
:10E0A00000914B1210914C1220914D1230914E1252
:10E0B000400F511F621F731F40932312509324126D
:10E0C000609325127093261291609093791281309B
:10E0D00009F070C040912B1250912C1260912D12BA
:10E0E00070912E1277FDB7C0009153121091541207
:10E0F0002091551230915612400F511F621F731F0D
:10E1000040932B1250932C1260932D1270932E1269
:10E1100090917912946090937912833029F1409113
:10E120002F1250913012609131127091321277FD9E
:10E13000A7C0009157121091581220915912309196
:10E140005A12400F511F621F731F40932F1250939A
:10E15000301260933112709332129091791298605C
:10E1600090937912843019F1809133129091341286
:10E17000A0913512B0913612B7FD97C040915B1255
:10E1800050915C1260915D1270915E12840F951F28
:10E19000A61FB71F8093331290933412A0933512A9
:10E1A000B0933612809179128061809379121F9119
:10E1B0000F910895409127125091281260912912D1
:10E1C00070912A1277FD32C000914F1210915012B7
:10E1D0002091511230915212400F511F621F731F34
:10E1E00040932712509328126093291270932A1299
:10E1F00090917912926090937912823009F06ACFEF
:10E200008ECF00913712109138122091391230912F
:10E210003A12400F511F621F731F409323125093F5
:10E220002412609325127093261251CF00913B1255
:10E2300010913C1220913D1230913E12400F511F1F
:10E24000621F731F40932712509328126093291264
:10E2500070932A12D2CF00913F1210914012209158
:10E26000411230914212400F511F621F731F4093A1
:10E270002B1250932C1260932D1270932E124DCFAF
:10E280000091431210914412209145123091461290
:10E29000400F511F621F731F40932F125093301273
:10E2A00060933112709332125DCF409147125091BA
:10E2B00048126091491270914A12840F951FA61F4F
:10E2C000B71F8093331290933412A0933512B093FA
:10E2D00036121F910F9108951F920F920FB60F9251
:10E2E00011240BB60F928F939F93AF93BF93EF932D
:10E2F000FF938091C600A1E1B0E1EC9191E09E0F07
:10E300009C93F0E0EF5EF04F8083FF91EF91BF911F
:10E31000AF919F918F910F900BBE0F900FBE0F90FA
:10E320001F901895CF93DF93CDB7DEB764970FB6E4
:10E33000F894DEBF0FBECDBF789484B5826084BDF3
:10E3400084B5816084BD85B5826085BD85B58160F9
:10E3500085BD80916E00816080936E001092810077
:10E360008091810082608093810080918100816032
:10E3700080938100809180008160809380008091F3
:10E38000B10084608093B1008091B000816080937F
:10E39000B000809191008260809391008091910003
:10E3A00081608093910080919000816080939000C3
:10E3B0008091A10082608093A1008091A100816082
:10E3C0008093A1008091A00081608093A000809143
:10E3D00021018260809321018091210181608093DD
:10E3E00021018091200181608093200180917A0039
:10E3F000846080937A0080917A00826080937A00B2
:10E4000080917A00816080937A0080917A008068A0
:10E4100080937A001092C1000E94A84377247A94D6
:10E4200055245A9499EA292E312CF2C2809039034E
:10E4300090903A03A0903B03B0903C03809131034D
:10E44000811111C0D701C6018C599F4FAF4FBF4FEB
:10E4500080932D0390932E03A0932F03B09330034A
:10E4600081E0809331030E943D65609309037093BE
:10E470000A0380930B0390930C03C814D904EA0495
:10E48000FB0408F4CBC0D701C6010A96A11DB11D3B
:10E490008093390390933A03A0933B03B0933C03DA
:10E4A0008091E9119091EA11029709F4A0C50E94A8
:10E4B0003D656093990270939A0280939B029093BA
:10E4C0009C028091151090911610863F910509F4D9
:10E4D000A8C48C3051E0950709F4FAC4892B09F4DB
:10E4E0008FC470921510509216100E943D650091D5
:10E4F000990210919A0220919B0230919C02DC01BA
:10E50000CB01801B910BA20BB30B00919D021091CC
:10E510009E0220919F023091A0020F5F1F4F2F4F4C
:10E520003F4F00939D0210939E0220939F023093D1
:10E53000A0020091A1021091A2022091A3023091A9
:10E54000A402080F191F2A1F3B1F0093A10210935A
:10E55000A2022093A3023093A4020091A50210917D
:10E56000A6022091A7023091A802081719072A07CE
:10E570003B0740F48093A5029093A602A093A702C4
:10E58000B093A8028091EE119091EF11A091F0113B
:10E59000B091F1110097A105B10539F0C816D9065F
:10E5A000EA06FB0610F00C94817D8091F31188231C
:10E5B00041F09091970480919804981711F40C946D
:10E5C000E37F8091F4119091F511A091F611B09133
:10E5D000F711B7FD15C04091F8115091F9116091F4
:10E5E000FA117091FB11C416D506E606F70640F045
:10E5F0003091970420919804321711F40C94537EB3
:10E600008091E7119091E811039711F40C945C7BD1
:10E61000AFEFB0E0B093E211A093E1110E943D652D
:10E6200000912D0310912E0320912F033091300380
:10E63000601771078207930708F0EFC20E943D65DB
:10E640006093F9027093FA028093FB029093FC02AC
:10E650000E948B060E943D650091F9021091FA021A
:10E660002091FB023091FC02DC01CB01801B910B5D
:10E67000A20BB30B0091FD021091FE022091FF024C
:10E68000309100030F5F1F4F2F4F3F4F0093FD024C
:10E690001093FE022093FF023093000300910103C8
:10E6A000109102032091030330910403080F191FF6
:10E6B0002A1F3B1F009301031093020320930303BF
:10E6C0003093040300910503109106032091070382
:10E6D00030910803081719072A073B0740F4809375
:10E6E000050390930603A0930703B09308030E94C9
:10E6F0003D656093D9027093DA028093DB029093B8
:10E70000DC0280919503909196038B37910509F473
:10E71000EDC108F472C2833A910509F453C208F4BA
:10E72000DFC7863A910509F45BC2893A910509F081
:10E730006FC280919B04815080939B0481110CC017
:10E740009091970480919804981731F060E572E0F9
:10E750008EEA90E00E94614F10929603109295030A
:10E760000E943D650091D9021091DA022091DB02EE
:10E770003091DC02DC01CB01801B910BA20BB30BAF
:10E780000091DD021091DE022091DF023091E00263
:10E790000F5F1F4F2F4F3F4F0093DD021093DE029C
:10E7A0002093DF023093E0020091E1021091E20237
:10E7B0002091E3023091E402080F191F2A1F3B1F2A
:10E7C0000093E1021093E2022093E3023093E4020B
:10E7D0000091E5021091E6022091E7023091E802F3
:10E7E000081719072A073B0740F48093E502909326
:10E7F000E602A093E702B093E8020E943D656093B1
:10E80000C9027093CA028093CB029093CC020E94FB
:10E81000932F0E943D650091C9021091CA02209178
:10E82000CB023091CC02DC01CB01801B910BA20BFF
:10E83000B30B0091CD021091CE022091CF02309106
:10E84000D0020F5F1F4F2F4F3F4F0093CD02109309
:10E85000CE022093CF023093D0020091D1021091CA
:10E86000D2022091D3023091D402080F191F2A1F1F
:10E870003B1F0093D1021093D2022093D302309316
:10E88000D4020091D5021091D6022091D702309186
:10E89000D802081719072A073B0740F48093D502CE
:10E8A0009093D602A093D702B093D8020E943D6500
:10E8B0006093E9027093EA028093EB029093EC027A
:10E8C00087EA94E00E94EE500E943D650091E902C3
:10E8D0001091EA022091EB023091EC02DC01CB01B5
:10E8E000801B910BA20BB30B0091ED021091EE0275
:10E8F0002091EF023091F0020F5F1F4F2F4F3F4FDB
:10E900000093ED021093EE022093EF023093F00299
:10E910000091F1021091F2022091F3023091F40281
:10E92000080F191F2A1F3B1F0093F1021093F202D8
:10E930002093F3023093F4020091F5021091F60255
:10E940002091F7023091F802081719072A073B07B0
:10E9500040F48093F5029093F602A093F702B093EF
:10E96000F8020E943D650091090310910A0320916D
:10E970000B0330910C03DC01CB01801B910BA20B2C
:10E98000B30B00910D0310910E0320910F033091F2
:10E9900010030F5F1F4F2F4F3F4F00930D03109336
:10E9A0000E0320930F033093100300911103109175
:10E9B00012032091130330911403080F191F2A1F0B
:10E9C0003B1F009311031093120320931303309302
:10E9D0001403009115031091160320911703309131
:10E9E0001803081719072A073B0740F480931503FB
:10E9F00090931603A0931703B09318030E943D65EC
:10EA00006093890270938A0280938B0290938C02A8
:10EA10000E943D650091890210918A0220918B022B
:10EA200030918C02DC01CB01801B910BA20BB30B4C
:10EA300000918D0210918E0220918F0230919002F0
:10EA40000F5F1F4F2F4F3F4F00938D0210938E0289
:10EA500020938F02309390020091910210919202C4
:10EA60002091930230919402080F191F2A1F3B1F17
:10EA70000093910210939202209393023093940298
:10EA80000091950210919602209197023091980280
:10EA9000081719072A073B0740F4809395029093C3
:10EAA0009602A0939702B09398020E943D656B0175
:10EAB0007C0180913D038111B9CC460157012AE0C8
:10EAC000820E911CA11CB11C8092390390923A03D2
:10EAD000A0923B03B0923C0381E080933D03AECC17
:10EAE0008BE790E090939603809395038091C0000C
:10EAF00085FF36CE20919C042093C600E0919804B7
:10EB0000EF5FE09398048091990490919A04822792
:10EB1000082E8295807F8025092E982F82958F70F0
:10EB20000826869598278927880F880F880F8025C3
:10EB300090939A048093990420919704E21761F0CE
:10EB4000F0E0EB56FC4F828180939C048111C8CF8A
:10EB50008091990490919A04292F33273093A4042B
:10EB60002093A304AC0155275093A6044093A50419
:10EB7000892B11F00C94947E84E090E09093A20491
:10EB80008093A1042F5F3F4F3093A4042093A304EC
:10EB90004F5F5F4F5093A6044093A50480EA90E036
:10EBA00090939603809395038091C00085FFD8CD04
:10EBB0008091A1048093C60083EA90E0909396032D
:10EBC000809395038091C00085FFCACD8091A504F4
:10EBD0008093C60086EA90E0909396038093950315
:10EBE0008091C00085FFBCCD8091A3048093C600B6
:10EBF00030929603209295039CCD8C36910509F4B2
:10EC0000B8C18237910509F4CBC1892B09F4ABC196
:10EC10007092950350929603A3CDDC01CB018C59E1
:10EC20009F4FAF4FBF4F80932D0390932E03A09320
:10EC30002F03B09330030E943D656093A902709347
:10EC4000AA028093AB029093AC0280918F039091C3
:10EC50009003803591050CF4D5C58132F2E19F0710
:10EC60000CF05FC76091A81061110C94A27EC09057
:10EC7000DB12D090DC12C81AD90A0D2C000CEE0859
:10EC8000FF08E0919910F0919A10F7FE02C00C94E1
:10EC9000DE8020E1EA3AF20711F40C944680A701E5
:10ECA000960160ED70E18AEA90E10E9491630E9412
:10ECB0003D650091A9021091AA022091AB0230910A
:10ECC000AC02DC01CB01801B910BA20BB30B0091BA
:10ECD000AD021091AE022091AF023091B0020F5FF1
:10ECE0001F4F2F4F3F4F0093AD021093AE02209362
:10ECF000AF023093B0020091B1021091B2022091A4
:10ED0000B3023091B402080F191F2A1F3B1F009352
:10ED1000B1021093B2022093B3023093B402009177
:10ED2000B5021091B6022091B7023091B8020817CF
:10ED300019072A073B0740F48093B5029093B60267
:10ED4000A093B702B093B8020E943D6500910903F9
:10ED500010910A0320910B0330910C03DC01CB01CD
:10ED6000801B910BA20BB30B8093090390930A03B2
:10ED7000A0930B03B0930C038091E7119091E811DD
:10ED8000029711F40C94817F0E943D650091090364
:10ED900010910A0320910B0330910C03DC01CB018D
:10EDA000801B910BA20BB30B8093090390930A0372
:10EDB000A0930B03B0930C038091E7119091E8119D
:10EDC000039709F492C48091BA11882309F4F7C01B
:10EDD00080918F0390919003813392400CF02ECC60
:10EDE0002FB7F894E0912B03F0912C039081809140
:10EDF0002A038095892380832FBF1092BA111ECCDD
:10EE000088E080937B0087E480937C0080917A0087
:10EE1000806480937A0086EF90E090931610809340
:10EE2000151080917A0086FD60CB809178009091DA
:10EE30007900039797FF02C00C940E82803FA3E0F5
:10EE40009A0714F00C944080FC01EE0FFF1FE4566B
:10EE5000FD4F85919491E091981021E02E0F209321
:10EE60009810EF71F0E0EE0FFF1FE85AFF4E91830C
:10EE70008083E8E9F0E140E050E0BA0192918291AC
:10EE8000092E000CAA0BBB0B480F591F6A1F7B1FD2
:10EE9000B0E1E835FB0791F715E075956795579553
:10EEA00047951A95D1F75093900340938F0388E0CC
:10EEB00080937B0083E480937C0080917A0080645F
:10EEC00080937A00ECE0F1E0F0931610E0931510D7
:10EED00080917A0086FD09CB80917800909179002D
:10EEE000039797FF02C00C941F82803FF3E09F07B7
:10EEF00014F00C940A81FC01EE0FFF1FE456FD4F45
:10EF000085919491E091571021E02E0F2093571096
:10EF1000EF71F0E0EE0FFF1FEB5EFF4E93838283F5
:10EF2000E7E5F0E140E050E0BA0192918291092ECC
:10EF3000000CAA0BBB0B480F591F6A1F7B1F20E157
:10EF4000E731F20791F7E5E0759567955795479595
:10EF5000EA95D1F7509392034093910310921610C3
:10EF600010921510C2CA8CE690E09093960380939D
:10EF7000950380919B04882309F4F2CBE0919804D7
:10EF800081E08E0F80939804F0E0EB56FC4F828175
:10EF900080939C0482E790E090939603809395037E
:10EFA0008091C00085FFDCCB80919C048093C600DB
:10EFB0007092990450929A04E0919804C1CD809186
:10EFC0008F0390919003803892400CF437CB9FB719
:10EFD000F894E0912B03F0912C03208180912A0377
:10EFE000822B80839FBF81E08093BA1127CBE09171
:10EFF0008702F0918802908180918602892309F42A
:10F00000FCC1E0918402F09185029081809183029D
:10F01000892309F4F2C1E0918102F091820290818A
:10F0200080918002892309F4E8C14091190350912D
:10F030001A0360911B0370911C0377FD3CC0809103
:10F04000C5119091C611A091C711B091C811841734
:10F050009507A607B7077CF180911D0390911E03C9
:10F06000A0911F03B0912003B7FD25C04091C911A5
:10F070005091CA116091CB117091CC11481759076A
:10F080006A077B07C4F08091210390912203A0912D
:10F090002303B0912403B7FD0EC04091CD115091D0
:10F0A000CE116091CF117091D011481759076A079E
:10F0B0007B070CF0FCC980E00E940F6E8DE292E0AD
:10F0C0000E94F76D81E00E940F6E85E392E00E943E
:10F0D000F76D84E090E00E94866E82E00E940F6EE1
:10F0E0008EE392E00E94F76D86E492E00E94F76D55
:10F0F00083E00E940F6E87E492E00E94F76D86E441
:10F1000092E00E94F76D9091970480919804292FC6
:10F11000281B2F3F41F1E1E0E90FE0939704A92F6D
:10F12000B0E0AB56BC4F12961C922E2F281B2F3FDF
:10F13000D1F022E0290F20939704F0E0EB56FC4F2A
:10F1400033E03283422F50E05093A00440939F0459
:10F15000281B2F3F41F09D5F90939704FA01EB56D7
:10F16000FC4F91E0928390919704292F30E03093E7
:10F170009E0420939D04492F481B4F3F11F40C948B
:10F18000AB839F5F90939704F901EB56FC4F91E09E
:10F19000928300919F041091A004D801BB27AB5625
:10F1A000BC4F12969C9112979F5F12969C93129758
:10F1B00092819F5F9283E09197049E2F981B9F3FBF
:10F1C00049F091E09E0F90939704F0E0EB56FC4FCE
:10F1D00094E0928312969C9112979F5F12969C9353
:10F1E00060909704662D40919D0450919E04E9E142
:10F1F000F3E0D801BB27AB56BC4F71E04601570185
:10F2000068018F01E62D7D0123C0DA01BB27AB56D3
:10F21000BC4F12963C9112973F5F12963C93F22F8F
:10F220002F3F49F061E06E0FF0E0EB56FC4F928308
:10F23000F62FF81BE62FD70112969C9112979F5F2D
:10F2400012969C939A01A901B3E005321B07A1F025
:10F25000D8019D918D012F3F3F4F11F40C94EC820A
:10F260002E2F281B9111D1CFF22F2FEF3FEFA901A5
:10F27000B3E005321B0761F76E2E8601750164014C
:10F2800030939E0420939D0460939704409119034A
:10F2900050911A0360911B0370911C0377FF02C009
:10F2A0000C9404838090C5119090C611A090C71152
:10F2B000B090C81184169506A606B70614F40C94EF
:10F2C00004832F3F3F4F11F40C94EF8340911D03B3
:10F2D00050911E0360911F037091200377FF02C0BD
:10F2E0000C9486838090C9119090CA11A090CB1184
:10F2F000B090CC1184169506A606B70614F40C94AB
:10F300008683272D352D2F3F3F4F11F40C94ED832D
:10F3100040912103509122036091230370912403B3
:10F3200077FF02C00C9483838090CD119090CE1112
:10F33000A090CF11B090D01184169506A606B706FE
:10F3400014F40C948383272D352D2F3F3F4F11F05C
:10F350000C94EF8140E090919704292F30E0309396
:10F360009E0420939D04592F581B5F3F41F09F5FDF
:10F3700090939704F901EB56FC4F91E09283F801CA
:10F38000FF27EB56FC4F92819F5F9283442311F439
:10F390000C94EF8120919D0430919E04F901FF2788
:10F3A000EB56FC4F92819F5F928390919704492F77
:10F3B000481B4F3F61F041E0490F40939704A92F4C
:10F3C000B0E0AB56BC4F91E012969C93942F11275E
:10F3D000D801AB56BC4F12964C9112974F5F1296C4
:10F3E0004C93981B9F3F11F40C94F9812F3F3F4F92
:10F3F00009F459C18FEF828356C180E00E940F6EDD
:10F400008DE292E00E94F76D81E00E940F6E85E32D
:10F4100092E00E94F76D83E090E00E94866E82E0A9
:10F420000E940F6E8EE392E00E94F76D86E492E0F8
:10F430000E94F76D83E00E940F6E87E492E00E94C5
:10F44000F76D86E492E00E94F76D909197048091A9
:10F450009804292F281B2F3F41F1E1E0E90FE093A9
:10F460009704A92FB0E0AB56BC4F12961C922E2FDA
:10F47000281B2F3FD1F022E0290F20939704F0E0C2
:10F48000EB56FC4F33E03283422F50E05093A00400
:10F4900040939F04281B2F3F41F09D5F909397045A
:10F4A000FA01EB56FC4F91E0928390919704692FFB
:10F4B00070E070939E0460939D04292F281B2F3FBA
:10F4C00011F40C94BE829F5F90939704FB01EB565E
:10F4D000FC4F91E0928300919F041091A004D80109
:10F4E000BB27AB56BC4F12969C9112979F5F12960A
:10F4F0009C93129792819F5F9283E09197049E2F35
:10F50000981B9F3F49F091E09E0F90939704F0E085
:10F51000EB56FC4F93E0928312969C9112979F5F5B
:10F5200012969C9320919D0430919E04A9E1B3E032
:10F53000A80155274B565C4FBB24B3941FC0F9015B
:10F54000FF27EB56FC4F62816F5F6283E091970467
:10F550006E2F681B6F3F41F061E06E0F6093970460
:10F56000F0E0EB56FC4F9283FA0192819F5F928309
:10F57000B9019B01F3E0A532BF0771F09D916F3F88
:10F580007F4F09F418C79111DACF6FEF7FEF9B011E
:10F59000F3E0A532BF0791F770939E0460939D043A
:10F5A000E0918702F0918802208190918602922357
:10F5B0006F3F7F4F09F4A5C7911147C7E0919D04A4
:10F5C000F0919E04FF27EB56FC4F92819F5F928340
:10F5D000E09197043E2F381B3F3F49F081E08E0FAA
:10F5E00080939704F0E0EB56FC4F81E08283112773
:10F5F000F801EB56FC4F82818F5F8283E091840299
:10F60000F0918502908180918302982381E009F036
:10F6100080E00E94B56CE0918102F09182029081BD
:10F6200080918002982320919D0430919E042F3F69
:10F630003F4F09F482C7809198049111D0C6209160
:10F640009D0430919E04D901BB27AB56BC4F129646
:10F650009C9112979F5F12969C931297909197049A
:10F66000492F481B4F3F59F041E0490F4093970401
:10F67000E92FF0E0EB56FC4F91E09283942FE0915C
:10F680009F04F091A004FF27EB56FC4F42814F5F8F
:10F690004283981B9F3F09F4ACC62F3F3F4F19F0A0
:10F6A0008FEF12968C9380919B048F5F80939B04C5
:10F6B0000E94584C0C94577280910A0F90910B0F36
:10F6C000891B2091E1113091E21190E02817390750
:10F6D00008F4C9019093E2118093E1110C940E7328
:10F6E000803A910509F460CA93CA8091E91190911A
:10F6F000EA118130910509F46AC48091C50A90919C
:10F70000C60A892B09F05FCB4091BB065091BC061D
:10F710006091BD067091BE068091BF0A9091C00AAB
:10F72000A091C10AB091C20A481759076A077B071E
:10F7300009F049CB2091821230918312809180127E
:10F74000909181122817390709F03DCB90910A0F4B
:10F7500080910B0F981337CB80916F008D7F809332
:10F760006F0080916F008B7F80936F00AA24A39419
:10F77000B12CB092E811A092E7111092EA11109208
:10F78000E911B0926812A092671221E030E040E0E7
:10F7900050E02093631230936412409365125093AB
:10F7A000661210926D121092FD111092FC111092BF
:10F7B0008312109282121092811210928012109273
:10F7C000BB061092BC061092BD061092BE061092A7
:10F7D000B6061092B5061092BF0A1092C00A109297
:10F7E000C10A1092C20A1092C70A2093B70630933A
:10F7F000B8064093B9065093BA0610920B0F1092B8
:10F800000A0FE1CA80E00E940F6E8DE292E00E9432
:10F81000F76D81E00E940F6E85E392E00E94F76D24
:10F820008AE090E00E94866E82E00E940F6E8EE376
:10F8300092E00E94F76D81E090E00E94866E83E086
:10F840000E940F6E87E492E00E94F76D80918F0313
:10F850009091900395958795959587959595879522
:10F86000959587950E94866E909197048091980453
:10F87000292F281B2F3F41F1E1E0E90FE093970486
:10F88000A92FB0E0AB56BC4F12961C922E2F281B0E
:10F890002F3FD1F022E0290F20939704F0E0EB56A0
:10F8A000FC4F33E03283422F50E05093A00440934A
:10F8B0009F04281B2F3F41F09D5F90939704FA010E
:10F8C000EB56FC4F91E0928390919704A92FB0E002
:10F8D000B0939E04A0939D04292F281B2F3F09F469
:10F8E00096C59F5F90939704AB56BC4F91E01296DC
:10F8F0009C93129760919F047091A004AB015527CF
:10F900004B565C4FFA0192819F5F928312969C91B5
:10F9100012979F5F12969C93129720919704922FB3
:10F92000981B9F3F09F422C711E0120F1093970410
:10F9300030E02B563C4F9AE0F9019283FA01928114
:10F940009F5F928312969C9112979F5F12969C9351
:10F950001297912F981B9F3F09F451C591E0910F89
:10F9600090939704E12FF0E0EB56FC4F21E02283C7
:10F97000FA0122812F5F2283981B9F3F09F48FC1D8
:10F980008FEF12968C9380919B048F5F80939B04E2
:10F990000E94584C8091910390919203803591057B
:10F9A0000CF0DCC180E00E940F6E8DE292E00E94BC
:10F9B000F76D81E00E940F6E85E392E00E94F76D83
:10F9C0008AE090E00E94866E82E00E940F6E8EE3D5
:10F9D00092E00E94F76D80E090E00E94866E83E0E6
:10F9E0000E940F6E87E492E00E94F76D8091910370
:10F9F000909192039595879595958795959587957F
:10FA0000959587950E94866E809197043091980411
:10FA1000982F931B9F3F41F1E1E0E80FE09397049B
:10FA2000A82FB0E0AB56BC4F12961C929E2F931B92
:10FA30009F3FD1F092E0980F90939704F0E0EB563F
:10FA4000FC4F23E02283492F50E05093A0044093C1
:10FA50009F04931B9F3F41F08D5F80939704FA01B1
:10FA6000EB56FC4F81E0828320919704822F90E037
:10FA700090939E0480939D04422F431B4F3F09F4B3
:10FA8000C9C42F5F20939704FC01EB56FC4F81E023
:10FA9000828340919F045091A004DA01BB27AB56AA
:10FAA000BC4F12968C9112978F5F12968C9312977F
:10FAB00082818F5F8283E09197048E2F831B8F3F1B
:10FAC00009F45AC681E08E0F80939704F0E0EB565C
:10FAD000FC4F9AE0928312969C9112979F5F129628
:10FAE0009C9370929D0450929E04831B8F3F09F457
:10FAF00004C280919B048F5F80939B040E94584CAA
:10FB000045C16091ED1170E087E00E94CE621092D5
:10FB1000EE111092EF111092F0111092F1110C945D
:10FB2000D57280E00E940F6E8DE292E00E94F76D28
:10FB300081E00E940F6E85E392E00E94F76D8BE0FA
:10FB400090E00E94866E82E00E940F6E8EE392E04B
:10FB50000E94F76D81E090E00E94866E83E00E9433
:10FB60000F6E87E492E00E94F76D80918F03909171
:10FB700090039595879595958795959587959595F6
:10FB800087950E94866E9091970480919804292F02
:10FB9000281B2F3F41F1E1E0E90FE0939704A92FE3
:10FBA000B0E0AB56BC4F12961C922E2F281B2F3F55
:10FBB000D1F022E0290F20939704F0E0EB56FC4FA0
:10FBC00033E03283422F50E05093A00440939F04CF
:10FBD000281B2F3F41F09D5F90939704FA01EB564D
:10FBE000FC4F91E0928390919704A92FB0E0B093DD
:10FBF0009E04A0939D04292F281B2F3F09F414C4B1
:10FC00009F5F90939704AB56BC4F91E012969C93E4
:10FC1000129760919F047091A0049B0133272B568B
:10FC20003C4FF90192819F5F928312969C911297AB
:10FC30009F5F12969C93129740919704942F981B64
:10FC40009F3F09F4C4C511E0140F1093970450E0CE
:10FC50004B565C4F9BE0FA019283F90192819F5FC2
:10FC6000928312969C9112979F5F12969C93129783
:10FC7000912F981B9F3F09F4DAC391E0910F909365
:10FC80009704E12FF0E0EB56FC4F41E04283F9018D
:10FC900042814F5F4283981B9F3F09F071CE6250B3
:10FCA0006093970475CE1092C5006C017D0130E819
:10FCB000C30E34E8D31E3EE1E31EF11CCC0CDD1C68
:10FCC000EE1CFF1CCC0CDD1CEE1CFF1CCC0CDD1C48
:10FCD000EE1CFF1C880F991FAA1FBB1F880F991FBE
:10FCE000AA1FBB1F9C01AD01220F331F441F551FCC
:10FCF000220F331F441F551FC701B6010E94E6861D
:10FD0000DA01C9010197A109B1098093C4008FEFFD
:10FD10009FEFDC018093F4119093F511A093F611FD
:10FD2000B093F7110C940073232B09F479C2452B7F
:10FD300009F4D9C381E090E09093A2048093A104D8
:10FD40000C94CE7570E082E00E94CE6280919103A7
:10FD500090919203803591050CF424CE813DA7E06B
:10FD60009A0724F52091DD123091DE128217930755
:10FD700084F02FB7F894E091A812F091A912908125
:10FD80008091A5128095892380832FBFA8950C941C
:10FD900057769FB7F894E091A812F091A9122081AC
:10FDA0008091A512822B80839FBFF0CF80E00E94BC
:10FDB0000F6E8DE292E00E94F76D81E00E940F6E5F
:10FDC00085E392E00E94F76D8BE090E00E94866EE2
:10FDD00082E00E940F6E8EE392E00E94F76D80E059
:10FDE00090E00E94866E83E00E940F6E87E492E0AE
:10FDF0000E94F76D8091910390919203959587955C
:10FE00009595879595958795959587950E94866E8A
:10FE10009091970480919804292F281B2F3F41F13E
:10FE2000E1E0E90FE0939704A92FB0E0AB56BC4F97
:10FE300012961C922E2F281B2F3FD1F022E0290F63
:10FE400020939704F0E0EB56FC4F33E03283422FCF
:10FE500050E05093A00440939F04281B2F3F41F093
:10FE60009D5F90939704FA01EB56FC4F91E09283CB
:10FE700090919704292F30E030939E0420939D04A5
:10FE8000492F481B4F3F09F42AC39F5F9093970463
:10FE9000F901EB56FC4F91E0928340919F04509101
:10FEA000A004DA01BB27AB56BC4F12969C91129767
:10FEB0009F5F12969C93129792819F5F9283E0912D
:10FEC00097049E2F981B9F3F09F45DC391E09E0FFE
:10FED00090939704F0E0EB56FC4F2BE022831296B0
:10FEE0002C9112972F5F12962C9370929D04509232
:10FEF0009E04981B9F3F09F0FCCD4250409397040D
:10FF0000FDCDC090DD11D090DE11E090DF11F090BA
:10FF1000E011B1E0CB16B0E9DB06B1E0EB06F1048D
:10FF200008F0B4C18090D9119090DA11A090DB1143
:10FF3000B090DC11BE016F5F7F4F87EA94E00E94B2
:10FF4000D66E81117BC18091AA048111E6C160E166
:10FF500072E086E096E00E94614F8091D911909105
:10FF6000DA11A091DB11B091DC118C0D9D1DAE1D3D
:10FF7000BF1D8093D9119093DA11A093DB11B09338
:10FF8000DC118091DD119091DE11A091DF11B09113
:10FF9000E0118C199D09AE09BF098093DD11909382
:10FFA000DE11A093DF11B093E011892B8A2B8B2BEC
:10FFB00011F00C94C47641E050E05093E811409366
:10FFC000E7110C94C4760C9400000C94E17220911B
:10FFD0006F0022FD92CB9093681280936712812C60
:10FFE000912C540183948092631290926412A09297
:10FFF0006512B092661210926D121092FD1110925D
:020000021000EC
:10000000FC1110928312109282121092811210929F
:1000100080128091C50A9091C60A009751F087EA34
:1000200094E00E94EE508091C50A9091C60A009714
:10003000B1F71092BB061092BC061092BD0610924A
:10004000BE061092B6061092B5061092BF0A109224
:10005000C00A1092C10A1092C20A1092C70A812CDB
:10006000912C540183948092B7069092B806A09286
:10007000B906B092BA0610920B0F10920A0F41CB3C
:10008000EAE7FAE0859194910C942B776091AA109D
:100090007091AB108091AC109091AD10A7019601BA
:1000A00086D64B015C010090AE1004C0B694A794B4
:1000B000979487940A94D2F78091A91020919B106D
:1000C00030919C1040919D1050919E1081110CC058
:1000D0002C0D3D1D4E1D5F1D20939B1030939C10D9
:1000E00040939D1050939E1057FDB4C16581768159
:1000F000878190855CD6DC01CB01018404C0B69574
:10010000A795979587950A94D2F7880E991EAA1EEF
:10011000BB1E80919F109091A010A091A110B09152
:10012000A210A7019601281B390B4A0B5B0B57FD48
:10013000B8C1668577858089918939D6DC01CB0184
:10014000028804C0B695A795979587950A94D2F72B
:100150000091A3101091A4102091A5103091A61029
:10016000800F911FA21FB31F8093A3109093A41020
:10017000A093A510B093A610181619061A061B0610
:100180000CF086C14FEF84169104A104B1040CF465
:1001900084C08FEF8093A71081E08093A9106091B5
:1001A000A71070E082E00E94CE62C0929F10D092B1
:1001B000A010E092A110F092A210C8CD30E1ED3B6A
:1001C000F30741F0D701C6018E7F892B8A2B8B2B39
:1001D00009F0F3C20027112798010C191D092E09F7
:1001E0003F096081718182819381A9019801DFD5E6
:1001F000DC01CB01048004C0B695A795979587953F
:100200000A94D2F7882499245401881A990AAA0AD0
:10021000BB0A52CFEAE7FAE0859194910C94827779
:1002200082E090E09093A2048093A10441E050E02A
:100230005093A4044093A3040C94CE75B701A60177
:10024000480D591D6A1D7B1D8B8586FD6BC08F7304
:10025000880F9C8597FB992790F9892B082E000C15
:10026000990BAA0BBB0B8A019B01082919292A2982
:100270003B2980239123A223B323892B8A2B8B2B09
:1002800009F450C082E68093A7045DCEC12C70E9CA
:10029000D72EEE24E394F12C45CE0FEF10E020E0B2
:1002A00030E0081919092A093B09AC01BD010817FA
:1002B00019072A073B070CF47BC0840E951EA61E67
:1002C000B71E841B950BA60BB70B8093A3109093BE
:1002D000A410A093A510B093A610F7FC0CC08091B9
:1002E000DA1090E0A0E0B0E088169906AA06BB06F6
:1002F00014F44C015D015FEF85169104A104B10473
:100300000CF047CF181419041A041B040CF028C26F
:100310008092A7101092A91042CF87EA94E00E9421
:10032000706115CEDB01CA010197A109B109898B62
:100330009A8BAB8BBC8B8091AC048330B1F049E0DD
:10034000880C991CAA1CBB1C4A95D1F729893A89AB
:100350004B895C8969E0220F331F441F551F6A9542
:10036000D1F7298B3A8B4B8B5C8BA501940160E212
:1003700087EA94E00E946E65882309F40CC181E647
:100380008093A704E0CD181419041A041B040CF080
:1003900084C0002711279801081919092A093B0967
:1003A000AC01BD0180179107A207B3070CF085CF00
:1003B000B901A80182CF60919704262F30E0762FF3
:1003C000781B7F3F39F06F5F60939704F901EB561C
:1003D000FC4FB282FA0162816F5F6283D4C870926F
:1003E0009D0450929E0490919704981B9F3F09F0A2
:1003F0005AC980919F0482508093970459C9DA01A9
:1004000012968C9112978F5F12968C9348CCAB56B4
:10041000BC4F70CAFC01EB56FC4F3BCBECE9F2E061
:10042000859194910C942B77AB56BC4FF2CBD901AC
:1004300012968C9112978F5F12968C9330CCECE9C8
:10044000F2E0859194910C94827770929D04509281
:100450009E04D4C850954095309521953F4F4F4FFD
:100460005F4F6581768187819085A1D4DC01CB01C6
:10047000018404C0B695A795979587950A94D2F7FD
:10048000B095A095909581959F4FAF4FBF4F3DCEB2
:100490000097A105B10509F076CF40E050E0BA0120
:1004A0000CCF50954095309521953F4F4F4F5F4F62
:1004B00066857785808991897AD4DC01CB010288B1
:1004C00004C0B695A795979587950A94D2F7B095ED
:1004D000A095909581959F4FAF4FBF4F39CEF901B1
:1004E000EB56FC4FDACC83E090E09093A20480932B
:1004F000A104A1E0B0E0B093A604A093A5040C94DD
:10050000CE7520919704422F50E050939E04409363
:100510009D04322F381B3F3F41F02F5F20939704FB
:10052000FA01EB56FC4F21E02283F801FF27EB563E
:10053000FC4F22812F5F22833FC820919704422FD6
:1005400050E050939E0440939D0480919804322F74
:10055000381B3F3F41F02F5F20939704FA01EB5681
:10056000FC4F21E02283E0919F04F091A004FF273B
:10057000EB56FC4F22812F5F22835FC8FB01EB56B5
:10058000FC4F0C946B7A12969C9112979F5F129677
:100590009C939E2FAACC29893A894B895C8961E278
:1005A00087EA94E00E946E658111E9CE20E030E098
:1005B000A90166E287EA94E00E946E658111DFCEB0
:1005C00060E177E287EA94E00E944965811121C1E8
:1005D00083E68093A704B7CC4E2F50E02E2F281B24
:1005E0002F3F49F061E06E0FFA01EB56FC4F72832A
:1005F000E62F262F281BD70112963C9112973F5FBA
:1006000012963C930C9432792F3F3F4F09F4BCC0B3
:1006100020919D0430919E04F901FF27EB56FC4F79
:1006200092819F5F9283E09197049E2F981B9F3F3A
:1006300049F091E09E0F90939704F0E0EB56FC4F49
:1006400091E09283F801FF27EB56FC4F92819F5F68
:10065000928340911D0350911E0360911F0370917E
:10066000200377FD0FC08090C9119090CA11A0900F
:10067000CB11B090CC1184169506A606B70614F0DF
:100680000C9483792F3F4FEF340709F43FC0F901F1
:10069000FF27EB56FC4F92819F5F9283E091970476
:1006A0009E2F981B9F3F49F091E09E0F90939704D7
:1006B000F0E0EB56FC4F91E09283F801FF27EB56F8
:1006C000FC4F92819F5F92834091210350912203BE
:1006D000609123037091240377FD0FC08090CD11AA
:1006E0009090CE11A090CF11B090D01184169506A5
:1006F000A606B70614F00C94A5792F3F9FEF390793
:1007000011F00C94CE7941E00C94AB7941E09091DA
:100710009704292F30E030939E0420939D04592F95
:10072000581B5F3F41F09F5F90939704F901EB5690
:10073000FC4F91E09283F801FF27EB56FC4F92812A
:100740009F5F9283442311F40C94887920919D0437
:1007500030919E049CCFF901EB56FC4F0C94C97864
:100760001092A71081E08093A91019CDFA0192810F
:100770009F5F9283122FE6C812968C9112978F5F1B
:1007800012968C938E2FADC9462D50E050939E0447
:1007900040939D04FF3F49F021E0260D20939704EC
:1007A000FA01EB56FC4F91E09283F801FF27EB56DC
:1007B000FC4F92819F5F92832BCFA701960165ED3D
:1007C00070E18DEB90E10E9491630C945776F901F2
:1007D00092819F5F9283142F44CA40E098CF462DA8
:1007E00050E050939E0440939D04FF3F49F021E068
:1007F000260D20939704FA01EB56FC4F91E092836B
:10080000F801FF27EB56FC4F92819F5F92830C9477
:1008100066798091AA04882309F49FCB87EA94E043
:100820000E9470619ACB0F931F93CF93DF93109226
:1008300096031092950310929804109297041092C8
:100840009B0480E590E090939203809391039093B2
:10085000900380938F0384E68093A7041092AC04E6
:1008600080E58093B0041092B1041092B404109209
:10087000B3041092C60A1092C50A1092C40A1092CC
:10088000C30A8FEB96E09093C90A8093C80A10922E
:10089000BB061092BC061092BD061092BE061092C6
:1008A000B6061092B5061092BF0A1092C00A1092B6
:1008B000C10A1092C20A1092C70A81E090E0A0E03B
:1008C000B0E08093B7069093B806A093B906B093B2
:1008D000BA0610920B0F10920A0F10920D0F109281
:1008E0000C0F1092121010921110109216101092FC
:1008F000151010925710E7E5F0E180E590E0929333
:10090000829320E1E731F207D1F710929810E8E9DD
:10091000F0E180E590E092938293A0E1E835FA0758
:10092000D1F7EAEAF0E1F0939A10E093991010926F
:10093000A8101092A91033E1EF01232F19922A95E4
:10094000E9F781E090E0A0E0B0E08093AA109093F6
:10095000AB10A093AC10B093AD1021E02093AE107B
:100960008093AF109093B010A093B110B093B210D9
:10097000EDEBF0E1EF0119923A95E9F78093BD10A4
:100980009093BE10A093BF10B093C0102093C110DD
:100990008093C2109093C310A093C410B093C5105D
:1009A0001092DA1010927D1210927C121092811225
:1009B0001092801210928312109282121092FD11E6
:1009C0001092FC111092781210926D121092EE118A
:1009D0001092EF111092F0111092F1111092F21189
:1009E0001092F3118FEF9FEFDC018093F41190933D
:1009F000F511A093F611B093F7111092E81110922F
:100A0000E7111092EA111092E9111092B2111092AE
:100A1000B4111092B3111092B6111092B511109238
:100A2000BB111092BC111092BD111092BE11109208
:100A3000EC111092EB11EAEEF0E180E590E0819389
:100A40009193D1E1E23BFD07D1F71092DC101092B7
:100A5000DB1081E08093E1101092901210928F12BF
:100A60002CE032E030938E1220938D1293E190931C
:100A700091129FEF909392129AE29093931292E1C7
:100A80009093941296E29093951299E29093961215
:100A900098E29093971210929812109299121092D5
:100AA0009A1210929B1210929C128093A012109294
:100AB000A11280E48093A21280E18093A31280E5CA
:100AC0008093A41261E083E10E948D628091921272
:100AD0008F3F19F061E00E948D6261E08091931276
:100AE0000E948D6204E912E1C0E0D0E00CC084E015
:100AF00090E0C817D90784F461E0F80181918F0173
:100B00000E948D62219680919C1284FFF0CF88E034
:100B100090E0C817D90784F38BE39DE00197F1F7C4
:100B200060E0809191120E943D6160E0809193129B
:100B30000E943D61809192128F3F19F060E00E9407
:100B40003D6160919C1264FF46C0606240E08DE8A8
:100B500092E10E9403628BE496E40197F1F76091C1
:100B60009C12606240E08DE892E10E94036283E59E
:100B700092E00197F1F760919C12606240E08DE88D
:100B800092E10E94036260919C12606240E08DE8F5
:100B900092E10E94036284E080939D1240E06CE049
:100BA0008DE892E10E94036240E061E08DE892E10D
:100BB0000E9403628BE39FE10197F1F782E080934B
:100BC0009E1240E066E08DE892E1DF91CF911F91A7
:100BD0000F910C94036263E08DE892E10E94D96169
:100BE000CBE4D6E4CE010197F1F763E08DE892E122
:100BF0000E94D9612197F1F763E08DE892E10E94AC
:100C0000D96183E592E00197F1F762E08DE892E126
:100C10000E94D961B8CFCF930E940570C82F0E945F
:100C20000570282F30E0922F88278C0F911DCF91CF
:100C3000089580FF0DC03FB7F894E091CD12F09178
:100C4000CE1220819091CC129095922390833FBF39
:100C500081FF0DC03FB7F894E091CA12F091CB121A
:100C600020819091C9129095922390833FBF82FF7B
:100C70000DC03FB7F894E091C712F091C8122081DF
:100C80009091C6129095922390833FBF83FF0DC031
:100C90002FB7F894E091C412F091C5129081809121
:100CA000C3128095892380832FBF08950F931F93CC
:100CB000CF93DF930E940570C82F0E940570082F04
:100CC0000E940570D82F0E9405704D2F50E060E003
:100CD00070E0BA015527442710E020E030E0322FC1
:100CE000212F102F0027400F511F621F731F4C0F21
:100CF000511D611D711D90E0A0E0B0E0B82FAA2742
:100D0000992788278A019B01080F191F2A1F3B1F5B
:100D1000C901B801DF91CF911F910F9108950F93F1
:100D20001F93CF93DF930E940570D82F0E94057008
:100D3000C82F0E940570082F0E940570482F50E0B0
:100D400060E070E0742F66275527442710E020E00C
:100D500030E0980111270027400F511F621F731FB9
:100D60004D0F511D611D711D8C2F90E0A0E0B0E072
:100D7000BA2FA92F982F88278A019B01080F191FC6
:100D80002A1F3B1FC901B801DF91CF911F910F911D
:100D90000895CF93DF93EC01C2DF688379838A8360
:100DA0009B830E9405708C83DF91CF910895DB01B6
:100DB0008F939F9335D0BF91AF91A29F800D911DCE
:100DC000A39F900DB29F900D11240895A1E21A2EB9
:100DD000AA1BBB1BFD010DC0AA1FBB1FEE1FFF1FDF
:100DE000A217B307E407F50720F0A21BB30BE40B2F
:100DF000F50B661F771F881F991F1A9469F7609576
:100E00007095809590959B01AC01BD01CF0108952F
:100E1000EE0FFF1F881F8BBF0790F691E02D1994EE
:100E200009D0A59F900DB49F900DA49F800D911D9A
:100E300011240895A29FB001B39FC001A39F700D1C
:100E4000811D1124911DB29F700D811D1124911DD2
:100E5000089581E090E0F8941CC0FB01DC01415052
:100E6000504048F001900D920020C9F701C01D923A
:100E700041505040E0F70895F8940BC0FC016150D8
:100E8000704001900110D8F7809590958E0F9F1FAC
:060E90000895F894FFCF65
:100E9600AA000000E31280000000000052625762C0
:100EA60064647072696E742E6370700037383038FF
:100EB6003100323032362D30342D3038004B494C2B
:100EC6004C45443A00526561736F6E3A200050619A
:100ED60072616D313A2000506172616D323A2000C4
:100EE60074786275666665722E68004F4B0068619D
:100EF6006C5F6176722E6370700073776170496EF5
:100F06006974282900646474656D702E63707000BE
:00000001FF
