{
  "material_diameter" : 1.75,
  "hotendStartTemp"   : 200,
  "hotendMaxTemp"     : 250,
  "bedTemp"           : 65,
  "bedTempReduced"    : 60,
  "kAdvance"          : 2.0,
  # Default parameters for measureTempFlowrateCurve
  "mtfStartTemp": 210,
  "mtfEndTemp": 260,
  "mtfTempStep": 5,
  # Generic temp-flowrate table, this could/should be overridden
  # by a specific material profile with a measured temp-flowrate curve.
  # This table is used by the "auto-temp" algorithm to detemine the
  # needed hotend temperature for a given flowrate.
  # It is used by the firmware part to limit the printing speed if
  # the temperature is to low.
  # This is the temp-flowrate curve for a 0.8mm nozzle.
  "tempFlowrateCurve_80" : {
      "version": 3,
      "slippage": 0.05,
      "data": [
          [210.000000, 6.0],
          [215.000000, 6.25],
          [220.000000, 6.5],
          [225.000000, 6.75],
          [230.000000, 7.0],
          [235.000000, 7.25],
          [240.000000, 7.5],
          [245.000000, 7.75],
          [250.000000, 8.0],
          [255.000000, 8.25],
          [260.000000, 8.5]
    ]
  },

  # This is the generic temp-flowrate curve for a 0.4mm nozzle.
  "tempFlowrateCurve_40" : {
      "version": 3,
      "slippage": 0.05,
      "data": [
          [210.000000, 4.000000],
          [215.000000, 4.250000],
          [220.000000, 4.500000],
          [225.000000, 4.750000],
          [230.000000, 5.000000],
          [235.000000, 5.250000],
          [240.000000, 5.500000],
          [245.000000, 5.750000],
          [250.000000, 6.000000],
          [255.000000, 6.250000],
          [260.000000, 6.500000]
    ]
  }
}


