{
  "machinenames" : ["UM2"],
  # Single feeder motor
  # "hwVersion": 1,
  # Dual feeder motor
  "hwVersion": 2,
  "axes"  : {
    "X" : {
      "platform_length" : 230,
      "max_feedrate"  : 300,
      "steps_per_mm"  : 80,
      "jerk"          : 20
    },
    "Y" : {
      "platform_length":  230,
      "max_feedrate"  : 300,
      "steps_per_mm"  : 80,
      "jerk"          : 20
    },
    "Z" : {
      "platform_length": 230,
      "max_feedrate"  : 40,
      "steps_per_mm"  : 200,
      "jerk"          : 0.5
    },
    "Aorig" : {
      "max_feedrate"  : 45,
      "steps_per_mm"  : 282,
      "jerk"          : 5
    },
    "A" : {
      "max_feedrate"  : 45,
      "steps_per_mm"  : 141,
      # "jerk"          : 5
      "jerk"          : 7.5
    },
    "Abulldog" : {
      "max_feedrate"  : 45,
      "steps_per_mm"  : 495,
      "jerk"          : 5
    },
    "B" : {
      "max_feedrate"  : 45,
      "steps_per_mm"  : 141,
      "jerk"          : 7.5
    }
  },
  # 3 mm filament, [mm/s]
  # "RetractFeedrate"  : 40,
  # "RetractLength"  : 4.5,
  # 1.75 mm filament [mm/s]
  # "RetractFeedrate"  : 50,
  # "RetractLength"  : 5.0
  # 1.75 mm filament, with advance [mm/s]
  "RetractFeedrate"  : 50,
  # "RetractLength"  : 1.0,
  "RetractLength"  : 2.0,
  # Maximum acceleration of each axis X, Y, Z, A, B [mm/s²]
  "MaxAxisAcceleration": [9000, 9000, 100, 10000, 10000],
  # Filamentsensor calibration data. This is the ratio of
  # filamentsensor steps to e-stepper steps:
  "filSensorCalibration": [
        [0.250000, 1.352941],
        [0.500000, 1.612813],
        [0.750000, 1.679418],
        [1.000000, 1.770331],
        [1.250000, 1.701769],
        [1.500000, 1.825974],
        [1.750000, 1.747586],
        [2.000000, 1.809160],
        [2.250000, 1.849475],
        [2.500000, 1.830849],
        [2.750000, 1.921773],
        [3.000000, 1.884950],
        [3.250000, 1.903342],
        [3.500000, 1.848799],
        [3.750000, 1.875777],
        [4.000000, 1.891645],
        [4.250000, 1.899160],
        [4.500000, 1.886221],
        [4.750000, 1.887608],
        [5.000000, 1.878118],
        [5.250000, 1.893097],
        [5.500000, 1.886515],
        [5.750000, 1.896903],
        [6.000000, 1.877345],
        [6.250000, 1.881102],
        [6.500000, 1.904951],
        [6.750000, 1.882091],
        [7.000000, 1.905633],
        [7.250000, 1.891291],
        [7.500000, 1.900309],
        [7.750000, 1.893599],
        [8.000000, 1.896616],
        [8.250000, 1.893077],
        [8.500000, 1.900136],
        [8.750000, 1.889184],
        [9.000000, 1.891020],
        [9.250000, 1.893207],
        [9.500000, 1.898567],
        [9.750000, 1.899326],
        [10.000000, 1.900814],
        [10.250000, 1.902579],
        [10.500000, 1.898798],
        [10.750000, 1.901320],
        [11.000000, 1.898721],
        [11.250000, 1.896739],
        [11.500000, 1.899092],
        [11.750000, 1.905391],
        [12.000000, 1.894495],
        [12.250000, 1.900616],
        [12.500000, 1.911575],
        [12.750000, 1.896576],
        [13.000000, 1.901797],
        [13.250000, 1.908106],
        [13.500000, 1.905327],
        [13.750000, 1.901421],
        [14.000000, 1.903541],
        [14.250000, 1.904031],
        [14.500000, 1.901099],
        [14.750000, 1.910934],
        [15.000000, 1.898067]
    ]
}



