{
  "machinenames" : ["UM2"],
  "axes"  : {
    "X" : {
      "platform_length" : 230,
      "max_feedrate"  : 300,
      "steps_per_mm"  : 80,
      "jerk"          : 20
    },
    "Y" : {
      "platform_length":  230,
      "max_feedrate"  : 300,
      "steps_per_mm"  : 80,
      "jerk"          : 20
    },
    "Z" : {
      "platform_length": 230,
      "max_feedrate"  : 40,
      "steps_per_mm"  : 200,
      "jerk"          : 0.5
    },
    "Aorig" : {
      "max_feedrate"  : 45,
      "steps_per_mm"  : 282,
      "jerk"          : 5
    },
    "A" : {
      "max_feedrate"  : 45,
      "steps_per_mm"  : 141,
      # "jerk"          : 5
      "jerk"          : 7.5
    },
    "Abulldog" : {
      "max_feedrate"  : 45,
      "steps_per_mm"  : 495,
      "jerk"          : 5
    },
    "B" : {
      "max_feedrate"  : 45,
      "steps_per_mm"  : 141,
      "jerk"          : 7.5
    }
  },
  # 3 mm filament, [mm/s]
  # "RetractFeedrate"  : 40,
  # "RetractLength"  : 4.5,
  # 1.75 mm filament [mm/s]
  # "RetractFeedrate"  : 50,
  # "RetractLength"  : 5.0
  # 1.75 mm filament, with advance [mm/s]
  "RetractFeedrate"  : 50,
  "RetractLength"  : 1.0,
  # Maximum acceleration of each axis X, Y, Z, A, B [mm/s²]
  "MaxAxisAcceleration": [9000, 9000, 100, 10000, 10000],
  # Filamentsensor calibration data:
  "filSensorCalibration": [
        [0.500000, 1.496712],
        [1.000000, 1.325795],
        [1.500000, 1.265322],
        [2.000000, 1.256364],
        [2.500000, 1.228875],
        [3.000000, 1.216635],
        [3.500000, 1.203867],
        [4.000000, 1.203703],
        [4.500000, 1.197849],
        [5.000000, 1.203608],
        [5.500000, 1.191040],
        [6.000000, 1.182547],
        [6.500000, 1.185205],
        [7.000000, 1.186119],
        [7.500000, 1.194935],
        [8.000000, 1.193197],
        [8.500000, 1.184716],
        [9.000000, 1.174107],
        [9.500000, 1.179017],
        [10.000000, 1.182635],
        [10.500000, 1.187751],
        [11.000000, 1.182342],
        [11.500000, 1.182130],
        [12.000000, 1.175746],
        [12.500000, 1.171927],
        [13.000000, 1.172668],
        [13.500000, 1.171556],
        [14.000000, 1.170998],
        [14.500000, 1.173150],
        [15.000000, 1.174238],
        [15.500000, 1.174324],
        [16.000000, 1.175272],
        [16.500000, 1.170955],
        [17.000000, 1.167015],
        [17.500000, 1.165428],
        [18.000000, 1.167451],
        [18.500000, 1.168263],
        [19.000000, 1.167132],
        [19.500000, 1.165952],
        [20.000000, 1.166851]
    ]
}



