:100000000C944B0A0C947C0A0C947C0A0C947C0A89
:100010000C947C0A0C947C0A0C947C0A0C947C0A48
:100020000C947C0A0C947C0A0C947C0A0C947C0A38
:100030000C947C0A0C947C0A0C947C0A0C947C0A28
:100040000C947C0A0C94F64D0C94FC490C947C0A9C
:100050000C947C0A0C947C0A0C947C0A0C9408582E
:100060000C947C0A0C94CE4F0C947C0A0C947C0A61
:100070000C947C0A0C947C0A0C947C0A0C947C0AE8
:100080000C947C0A0C947C0A0C947C0A0C947C0AD8
:100090000C947C0A0C947C0A0C947C0A0C947C0AC8
:1000A0000C947C0A0C947C0A0C947C0A0C947C0AB8
:1000B0000C947C0A0C947C0A0C947C0A0C947C0AA8
:1000C0000C947C0A0C947C0A0C947C0A0C947C0A98
:1000D0000C947C0A0C947C0A0C947C0A0C947C0A88
:1000E0000C947C0A6B722C722F702F702F70FB7126
:1000F000EE71EB71BE71AC7122742F702F702F7086
:100100002F702F702F702F702F702F702F702F70F7
:100110002F701F741D742F702F702F701274107435
:100120000E740C742F700A7407742F700474F173BA
:10013000E573DA73C573B7739B7398731C732F7071
:10014000087305730373F5722F702F70EF722F70A1
:10015000EA72D972D472BD728872827280727E72B3
:10016000777290717A71297238563C5640564656CD
:100170004C563756525658565E5664566A56705606
:1001800076567C5637568256885632562B573357FA
:10019000385742574C571A5756575E57665770573D
:1001A0007A57845793579D571A57A757B157BB573C
:1001B000441F041D671B2A1A2B195718A21706176C
:1001C0007B16001692152D15D1147C142E14E513F0
:1001D000A11362132613ED12B812851255122712BD
:1001E000FC11D211AA1184115F113B111911F810E1
:1001F000D910BA109C108010641049102F101510DF
:10020000FC0FE40FCD0FB60FA00F8A0F750F610F13
:100210004C0F390F250F130F000FEE0EDD0ECB0E16
:10022000BA0EAA0E990E890E7A0E6A0E5B0E4C0E4D
:100230003E0E2F0E210E130E060EF80DEB0DDE0DE9
:10024000D10DC50DB80DAC0DA00D940D880D7D0D13
:10025000710D660D5B0D500D450D3B0D300D260DDE
:100260001B0D110D070DFD0CF30CEA0CE00CD70C67
:10027000CD0CC40CBB0CB20CA90CA00C980C8F0CB0
:10028000860C7E0C760C6D0C650C5D0C550C4D0CC3
:10029000450C3D0C350C2E0C260C1F0C170C100CAD
:1002A000080C010CFA0BF30BEC0BE50BDE0BD70B78
:1002B000D00BC90BC20BBC0BB50BAE0BA80BA10B23
:1002C0009B0B950B8E0B880B820B7B0B750B6F0BAF
:1002D000690B630B5D0B570B510B4C0B460B400B23
:1002E0003A0B350B2F0B290B240B1E0B190B130B81
:1002F0000E0B080B030BFE0AF80AF30AEE0AE90AD2
:10030000E40ADE0AD90AD40ACF0ACA0AC50AC00A10
:10031000BB0AB60AB10AAD0AA80AA30A9E0A990A3C
:10032000950A900A8B0A870A820A7E0A790A740A59
:10033000700A6B0A670A620A5E0A5A0A550A510A6B
:100340004C0A480A440A400A3B0A370A330A2F0A71
:100350002A0A260A220A1E0A1A0A160A120A0E0A6D
:100360000A0A060A020AFE09FA09F609F209EE0962
:10037000EA09E609E209DE09DA09D709D309CF0952
:10038000CB09C809C409C009BC09B909B509B10933
:10039000AE09AA09A609A3099F099B09980994090E
:1003A00091098D098A09860983097F097C097809E1
:1003B000750971096E096B096709640960095D09AE
:1003C0005A095609530950094C0949094609420975
:1003D0003F093C093909350932092F092C09290936
:1003E000250922091F091C091909160912090F09F3
:1003F0000C090909060903090009FD08FA08F708AC
:10040000F408F108ED08EA08E708E408E108DE0866
:10041000DB08D908D608D308D008CD08CA08C70811
:10042000C408C108BE08BB08B808B508B308B008BE
:10043000AD08AA08A708A408A1089F089C08990865
:100440009608930891088E088B0888088608830808
:1004500080087D087B0878087508720870086D08A8
:100460006A086808650862085F085D085A08570846
:10047000550852084F084D084A08480845084208E0
:1004800040083D083A0838083508330830082E0877
:100490002B0828082608230821081E081C0819080C
:1004A0001708140811080F080C080A08070805089F
:1004B00002080008FD07FB07F807F607F307F10736
:1004C000EE07EC07EA07E707E507E207E007DD07C5
:1004D000DB07D807D607D407D107CF07CC07CA0751
:1004E000C707C507C307C007BE07BB07B907B707DC
:1004F000B407B207B007AD07AB07A807A607A40764
:10050000A1079F079D079A079807960793079107EA
:100510008F078C078A0788078507830781077E076F
:100520007C077A0778077507730771076E076C07F2
:100530006A0767076507630761075E075C075A0775
:1005400058075507530751074F074C074A074807F5
:100550004607430741073F073D073A073807360775
:10056000340731072F072D072B07290726072407F4
:10057000220720071D071B07190717071507120772
:1005800010070E070C070A070707050703070107EF
:10059000FF06FC06FA06F806F606F406F206EF0673
:1005A000ED06EB06E906E706E506E206E006DE06EE
:1005B000DC06DA06D806D506D306D106CF06CD0668
:1005C000CB06C806C606C406C206C006BE06BC06E2
:1005D000B906B706B506B306B106AF06AD06AA065C
:1005E000A806A606A406A206A0069E069C069906D4
:1005F00097069506930691068F068D068B0688064C
:1006000086068406820680067E067C067A067706C3
:100610007506730671066F066D066B06690666063B
:100620006406620660065E065C065A0658065606B2
:10063000530651064F064D064B064906470645062A
:10064000430640063E063C063A06380636063406A1
:10065000320630062D062B06290627062506230618
:1006600021061F061D061A0618061606140612068F
:1006700010060E060C060A06070605060306010606
:10068000FF05FD05FB05F905F605F405F205F00586
:10069000EE05EC05EA05E805E505E305E105DF05FE
:1006A000DD05DB05D905D705D405D205D005CE0576
:1006B000CC05CA05C805C605C305C105BF05BD05EE
:1006C000BB05B905B705B405B205B005AE05AC0567
:1006D000AA05A705A505A305A1059F059D059B05E1
:1006E000980596059405920590058E058B0589055C
:1006F00087058505830581057E057C057A057805D6
:100700007605730571056F056D056B056805660552
:100710006405620560055D055B05590557055505CE
:10072000520550054E054C0549054705450543054D
:1007300041053E053C053A053805350533053105CB
:100740002F052C052A0528052605230521051F054B
:100750001C051A0518051605130511050F050C05CE
:100760000A050805060503050105FF04FC04FA0453
:10077000F804F504F304F104EE04EC04EA04E704DD
:10078000E504E304E004DE04DB04D904D704D40464
:10079000D204D004CD04CB04C804C604C404C104EC
:1007A000BF04BC04BA04B804B504B304B004AE0476
:1007B000AB04A904A604A404A1049F049D049A0404
:1007C00098049504930490048E048B048904860491
:1007D000830481047E047C04790477047404720425
:1007E0006F046C046A046704650462045F045D04BA
:1007F0005A0458045504520450044D044A04480451
:100800004504420440043D043A04370435043204EC
:100810002F042D042A042704240421041F041C048B
:1008200019041604130411040E040B04080405042F
:1008300002040004FD03FA03F703F403F103EE03DB
:10084000EB03E803E503E203DF03DC03D903D6038C
:10085000D303D003CD03CA03C703C403C103BE033C
:10086000BB03B703B403B103AE03AB03A803A403F4
:10087000A1039E039B039703940391038E038A03B2
:100880008703840380037D037903760373036F0377
:100890006C036803650361035E035A035703530344
:1008A0004F034C034803440341033D03390336031C
:1008B00032032E032A03260323031F031B031703FC
:1008C00013030F030B0307030303FF02FB02F702EB
:1008D000F302EE02EA02E602E202DD02D902D502EA
:1008E000D002CC02C702C302BE02BA02B502B102F4
:1008F000AC02A702A3029E02990294028F028A020E
:10090000850280027B02760271026C02660261023D
:100910005C02560251024B02460240023A02340285
:100920002F02290223021D02160210020A020402EB
:10093000FD01F701F001E901E201DC01D501CD0182
:10094000C601BF01B701B001A801A0019801900143
:100950008801800177016E0165015C0153014A0144
:10096000400136012C01220117010C010101F500A3
:10097000EA00DD00D100C400B600A9009A008B0097
:100980007C006C005B004900370023000F00F9FF7A
:100990000F20E91CE81A77195A187417B5161116A2
:1009A0008315061596143114D51382133413ED12E2
:1009B000AA126C123212FB11C811971168113C1166
:1009C0001211EA10C4109F107C105A1039101A101E
:1009D000FC0FDE0FC20FA70F8C0F730F5A0F420FC1
:1009E0002A0F130FFD0EE80ED30EBE0EAA0E970EA1
:1009F000840E710E5F0E4D0E3C0E2B0E1A0E0A0E5B
:100A0000FA0DEA0DDA0DCB0DBD0DAE0DA00D920D58
:100A1000840D760D690D5C0D4F0D430D360D2A0DBD
:100A20001E0D120D060DFB0CEF0CE40CD90CCE0CB8
:100A3000C40CB90CAF0CA40C9A0C900C860C7C0C5A
:100A4000730C690C600C560C4D0C440C3B0C320CB6
:100A50002A0C210C180C100C070CFF0BF70BEF0BDA
:100A6000E70BDF0BD70BCF0BC70BC00BB80BB10BD2
:100A7000A90BA20B9B0B930B8C0B850B7E0B770B9F
:100A8000700B6A0B630B5C0B550B4F0B480B420B47
:100A90003B0B350B2F0B280B220B1C0B160B100BD3
:100AA0000A0B040BFE0AF80AF20AEC0AE60AE10A4B
:100AB000DB0AD50AD00ACA0AC50ABF0ABA0AB40AAA
:100AC000AF0AAA0AA40A9F0A9A0A950A8F0A8A0AF2
:100AD000850A800A7B0A760A710A6C0A670A620A2A
:100AE0005D0A590A540A4F0A4A0A460A410A3C0A50
:100AF000380A330A2E0A2A0A250A210A1C0A180A69
:100B0000140A0F0A0B0A060A020AFE09F909F50976
:100B1000F109ED09E809E409E009DC09D809D4097B
:100B2000D009CC09C809C409C009BC09B809B4096D
:100B3000B009AC09A809A409A0099C09980995095C
:100B400091098D098909860982097E097A0977093F
:100B500073096F096C096809650961095D095A091A
:100B6000560953094F094C094809450941093E09ED
:100B70003B093709340930092D092A0926092309B7
:100B80001F091C091909160912090F090C0908097E
:100B900005090209FF08FC08F808F508F208EF0843
:100BA000EC08E908E508E208DF08DC08D908D608FF
:100BB000D308D008CD08CA08C708C408C108BE08B1
:100BC000BB08B808B508B208AF08AC08A908A60861
:100BD000A308A0089D089A089708940891088F0810
:100BE0008C0889088608830880087E087B087808B6
:100BF0007508720870086D086A0867086508620859
:100C00005F085C085A085708540851084F084C08F8
:100C100049084708440841083F083C083908370894
:100C2000340831082F082C082A082708240822082D
:100C30001F081D081A0817081508120810080D08C3
:100C40000B080808060803080108FE07FC07F90757
:100C5000F707F407F207EF07ED07EA07E807E507EC
:100C6000E307E007DE07DB07D907D607D407D2077B
:100C7000CF07CD07CA07C807C607C307C107BE0706
:100C8000BC07BA07B707B507B207B007AE07AB078F
:100C9000A907A707A407A207A0079D079B07990715
:100CA0009607940792078F078D078B07880786079B
:100CB000840782077F077D077B077807760774071D
:100CC00072076F076D076B0769076607640762079E
:100CD00060075D075B07590757075507520750071D
:100CE0004E074C07490747074507430741073E079B
:100CF0003C073A0738073607340731072F072D0717
:100D00002B07290726072407220720071E071C0791
:100D10001A0717071507130711070F070D070B070A
:100D200008070607040702070007FE06FC06FA0686
:100D3000F706F506F306F106EF06ED06EB06E90603
:100D4000E706E406E206E006DE06DC06DA06D8067A
:100D5000D606D406D206D006CE06CB06C906C706EE
:100D6000C506C306C106BF06BD06BB06B906B70663
:100D7000B506B306B106AF06AD06AA06A806A606D6
:100D8000A406A206A0069E069C069A06980696064B
:100D90009406920690068E068C068A0688068606BB
:100DA0008406820680067E067C067A06780676062B
:100DB0007406720670066E066B066906670665069F
:100DC000630661065F065D065B0659065706550613
:100DD000530651064F064D064B0649064706450683
:100DE000430641063F063D063B06390637063506F3
:100DF000330631062F062D062B0629062706250663
:100E0000230621061F061D061B06190617061506D2
:100E10001306120610060E060C060A06080606063B
:100E2000040602060006FE05FC05FA05F805F605AF
:100E3000F405F205F005EE05EC05EA05E805E60522
:100E4000E405E205E005DE05DC05DA05D805D60592
:100E5000D405D205D005CE05CC05CA05C805C60502
:100E6000C405C205C005BE05BC05BA05B805B60572
:100E7000B405B205B005AE05AC05AA05A805A605E2
:100E8000A405A205A0059E059C059A059805960552
:100E90009405920590058E058C058A0588058605C2
:100EA0008405820580057E057C057A057805760532
:100EB000730571056F056D056B05690567056505AA
:100EC000630561055F055D055B055905570555051A
:100ED000530551054F054D054B054905470545058A
:100EE000420540053E053C053A0538053605340502
:100EF000320530052E052C052A0528052505230574
:100F000021051F051D051B051905170515051305E9
:100F100010050E050C050A05080506050405020561
:100F20000005FD04FB04F904F704F504F304F104DF
:100F3000EE04EC04EA04E804E604E404E104DF045B
:100F4000DD04DB04D904D704D404D204D004CE04D5
:100F5000CC04CA04C704C504C304C104BE04BC0451
:100F6000BA04B804B604B304B104AF04AD04AA04CF
:100F7000A804A604A404A1049F049D049B0498044F
:100F80009604940492048F048D048B0488048604D0
:100F9000840481047F047D047A0478047604730455
:100FA00071046F046C046A046804650463046104DA
:100FB0005E045C04590457045504520450044D0463
:100FC0004B0448044604440441043F043C043A04EE
:100FD00037043504320430042D042B04280426047D
:100FE000230421041E041C0419041604140411040F
:100FF0000F040C040A04070404040204FF03FC03A6
:10100000FA03F703F503F203EF03ED03EA03E70343
:10101000E403E203DF03DC03DA03D703D403D103E1
:10102000CE03CC03C903C603C303C003BE03BB0383
:10103000B803B503B203AF03AC03AA03A703A40329
:10104000A1039E039B039803950392038F038C03D4
:1010500089038603830380037C0379037603730388
:1010600070036D036A036603630360035D035A0341
:101070005603530350034C034903460342033F0303
:101080003C033803350331032E032A0327032303CC
:1010900020031C031903150312030E030A0307039D
:1010A0000303FF02FB02F802F402F002EC02E80282
:1010B000E402E002DC02D802D402D002CC02C80270
:1010C000C402C002BC02B802B302AF02AB02A60265
:1010D000A2029E029902950290028C02870282026D
:1010E0007E02790274026F026A02650261025C028A
:1010F000560251024C02470242023C0237023202BF
:101100002C02270221021B02150210020A0204020D
:10111000FE01F801F101EB01E501DE01D801D10189
:10112000CA01C301BC01B501AE01A7019F0198012D
:101130009001880180017801700168015F0156010A
:101140004D0144013B01310127011D01130108013B
:10115000FD00F200E600DA00CE00C100B400A600F7
:1011600098008A007A006A00590048003500220081
:101170000D00F7FF00002110422063308440A5508D
:10118000C660E770088129914AA16BB18CC1ADD1CD
:10119000CEE1EFF13112100273325222B552944275
:1011A000F772D662399318837BB35AA3BDD39CC31D
:1011B000FFF3DEE36224433420040114E664C774C1
:1011C000A44485546AA54BB528850995EEE5CFF56D
:1011D000ACC58DD55336722611163006D776F66615
:1011E0009556B4465BB77AA719973887DFF7FEE7BD
:1011F0009DD7BCC7C448E5588668A77840086118E1
:1012000002282338CCC9EDD98EE9AFF9488969990C
:101210000AA92BB9F55AD44AB77A966A711A500AB4
:10122000333A122AFDDBDCCBBFFB9EEB799B588B5C
:101230003BBB1AABA66C877CE44CC55C222C033C00
:10124000600C411CAEED8FFDECCDCDDD2AAD0BBDAC
:10125000688D499D977EB66ED55EF44E133E322E54
:10126000511E700E9FFFBEEFDDDFFCCF1BBF3AAFFC
:10127000599F788F8891A981CAB1EBA10CD12DC15A
:101280004EF16FE18010A100C230E32004502540F0
:1012900046706760B9839893FBA3DAB33DC31CD350
:1012A0007FE35EF3B1029012F322D2323542145240
:1012B00077625672EAB5CBA5A89589856EF54FE59C
:1012C0002CD50DC5E234C324A01481046674476490
:1012D00024540544DBA7FAB79987B8975FE77EF7F0
:1012E0001DC73CD7D326F2369106B01657667676E0
:1012F000154634564CD96DC90EF92FE9C899E989BC
:101300008AB9ABA94458654806782768C018E1082F
:101310008238A3287DCB5CDB3FEB1EFBF98BD89B8F
:10132000BBAB9ABB754A545A376A167AF10AD01A7F
:10133000B32A923A2EFD0FED6CDD4DCDAABD8BADDB
:10134000E89DC98D267C076C645C454CA23C832CCF
:10135000E01CC10C1FEF3EFF5DCF7CDF9BAFBABF2F
:10136000D98FF89F176E367E554E745E932EB23E1F
:10137000D10EF01E000020002300260029002C00C2
:101380002F003200000100000301060109010505DC
:101390000505070508080808020202020A0A0808EB
:1013A0000404040401010101010101010303030319
:1013B00003030303040707070C0C0C0C0C0C0C0CA8
:1013C0000202020206060606060606060B0B0B0BB9
:1013D0000B0B0B0B010210202008081020401020DE
:1013E00040800201020108040201010204081020E9
:1013F00040808040201008040201800402018040E7
:10140000201008040201080402010102040810204F
:101410004080010204081020408000000A0B0209ED
:101420000C0D0E080703040100000000000000007E
:1014300000000000000000000000000000000000AC
:101440000000000000001211100000000000000069
:10145000000000000000000000000000000000008C
:1014600000002100240027002A002D003000330056
:1014700001010000040107010A010000220025000B
:1014800028002B002E00310034000201000005016D
:1014900008010B01717411241FBECFEFD1E2DEBF32
:1014A000CDBF00E00CBF12E0A0E0B2E0E2EDF9E059
:1014B00001E00BBF02C007900D92A835B107D9F724
:1014C00023E1A8E5B2E001C01D92AF32B207E1F717
:1014D0001AE0CBE4DAE000E006C021970109802F92
:1014E000FE010E949E84CA34D10780E00807A9F754
:1014F0000E94415B0C94DA840C940000CF92DF923E
:10150000EF92FF920F931F93CF93DF93809160111F
:10151000909161118A3A23E0920711F40C946B1CAC
:1015200008F44FC18839E4E09E0711F40C940314C9
:1015300008F09CC3813024E0920711F40C94C11987
:1015400008F0A2C7823DF3E09F0709F453C010F4EE
:101550000C944D1F8B3E23E0920711F40C944E190E
:10156000883FE3E09E0711F40C947D198F3D934072
:1015700011F00C942D198091CF119091D0110097FA
:1015800009F411C101979093D0118093CF11E0918C
:10159000EF0D81E08E0F8093EF0DF0E0EE0FFF1F57
:1015A000EE0FFF1FE151F64F8091DC119091DD119C
:1015B000A091DE11B091DF1180839183A283B38368
:1015C0008091711190917211019790937211809393
:1015D0007111892B11F40C9435191092E1111092AC
:1015E000E01181E08093E81182ED93E09093611126
:1015F000809360110E94DB5881110C9497148091A4
:10160000DB11E091EF11F091F011882311F40C94AB
:101610008024A0812091D2113091D3114091D41116
:101620005091D511B0E00E94B284DC01CB012AE0D8
:10163000B695A795979587952A95D1F79093DF1141
:101640008093DE1190916C119093DD1180916B115C
:10165000882311F40C9477224091871150918811BE
:101660006091891170918A1177FF02C00C94372A1A
:101670000091AF111091B0112091B1113091B211C0
:10168000400F511F621F731F4093871150938811A1
:101690006093891170938A1191609093DD1181306C
:1016A00011F00C94772240918F115091901160911C
:1016B00091117091921177FF02C00C944C28009107
:1016C000B7111091B8112091B9113091BA11400F92
:1016D000511F621F731F40938F115093901160939D
:1016E0009111709392119091DD1194609093DD119E
:1016F000833039F14091931150919411609195117B
:101700007091961177FF02C00C94F6270091BB11DF
:101710001091BC112091BD113091BE11400F511F8D
:10172000621F731F4093931150939411609395110E
:10173000709396119091DD1198609093DD11843033
:1017400029F18091971190919811A0919911B091E0
:101750009A11B7FF02C00C94B2294091BF11509169
:10176000C0116091C1117091C211840F951FA61F05
:10177000B71F8093971190939811A0939911B093EC
:101780009A118091DD1180618093DD118FED93E0DE
:1017900090936111809360118091CF119091D0113D
:1017A000009709F0EFCE8091EF0D9091F00D891B1D
:1017B000809590E09093D0118093CF1181E00C94AC
:1017C0009814843AF2E09F0709F484C008F09BC3A0
:1017D0008138E2E09E0711F40C94071810F40C9481
:1017E000DB168D38F2E09F0711F40C94011910F408
:1017F0000C942C1F853922E0920761F18939E2E0CF
:101800009E0709F443C08139924011F00C942D19C0
:101810000E94DB5881110C949714E091EF11F09124
:10182000F01180819181A281B38180938311909383
:101830008411A0938511B09386111092E11110923A
:10184000E01182E08093E81185E992E090936111C4
:10185000809360110E94DB5881110C949714E091E1
:10186000EF11F091F0118081918190936811809334
:1018700067111092E1111092E01182E08093E8115B
:1018800089E992E090936111809360110E94DB5886
:1018900081110C949714E091EF11F091F011808177
:1018A000918190936A11809369111092DB1180915C
:1018B00062119091631190FFDFC01092E1111092BC
:1018C000E01184E08093E81184EA92E09093611142
:1018D000809360110E94DB5881110C949714E09161
:1018E000EF11F091F01180819181A281B3818093F9
:1018F000D6119093D711A093D811B093D91110920B
:10190000E1111092E01181E08093E81188EA92E001
:1019100090936111809360110E94DB5881110C94A7
:101920009714E091EF11F091F011C081C093DA119A
:101930006091D6117091D7118091D8119091D911E1
:10194000611571058105910511F40C943D232091D9
:10195000740230917502A9015595479555954795A3
:101960005595479555954795209102023091030270
:10197000FA01E21BF30B9F01F7FF02C00C944E2902
:10198000E436F10514F40C946C2720911411309175
:10199000151140E050E00E9451849B01AC0104C04D
:1019A0005695479537952795CA95D2F72130F0E19E
:1019B0003F074105510520F020E030E140E050E0D4
:1019C0002093D2113093D3114093D4115093D51159
:1019D000213084E038074105510510F40C947A2633
:1019E0008091090F882331F1A0910A0FB0910B0F5C
:1019F0000E94B284DC01CB01DAE0B695A7959795F9
:101A00008795DA95D1F78093D2119093D311A09353
:101A1000D411B093D5118091491190914A118E3F04
:101A2000EFEF9E0711F40C94862B019690934A11C8
:101A30008093491181E08093DB118091471190914F
:101A400048118E3FFFEF9F0711F40C94112B019664
:101A500090934811809347118091D2119091D311A6
:101A6000A091D411B091D5118F3F9105A105B10579
:101A700009F010F40C94CC261092E1111092E011B0
:101A800082E08093E8118EEF92E090936111809351
:101A900060110E94DB5881114AC78091DB11E091EF
:101AA000EF11F091F011882311F40C947921A081A9
:101AB000B1812091D2113091D3114091D411509124
:101AC000D5110E94B284DC01CB01CAE0B695A7957E
:101AD00097958795CA95D1F790936E1180936D1164
:101AE0001092E1111092E01182E08093E81188E0F9
:101AF00093E090936111809360110E94DB588111F3
:101B000016C7E091EF11F091F011808191819093CF
:101B10007211809371111092E1111092E01182E024
:101B20008093E8118CE093E09093611180936011B1
:101B30008091E6119091E7116091E4117091E511A7
:101B4000681B790B7093EE116093ED11A091E81171
:101B50002A2F30E06217730710F00C94602661158D
:101B6000710511F40C94AE21E091E211F091E311B2
:101B700040E050E020E0E80FF91F80E090E0A15045
:101B8000EF01C40FD51F3881EC01C052DE4E3987FA
:101B90008A2F821B8093E8112F5F822F90E0AC0187
:101BA0008617970768F386EA91E09093E111809396
:101BB000E0118091AC09882309F4B9C68091AD0980
:101BC0009091AE09845A954011F40C941C2B84EA30
:101BD00095E09093AE098093AD09DC018091A8094E
:101BE0009091A9094091A4095091A5096091A60975
:101BF0007091A709480F591F611D711D4093A409D9
:101C00005093A5096093A6097093A7091092AC0997
:101C10009093E5118093E411B093E311A093E21146
:101C20009091E8119923A1F02091ED113091EE11DE
:101C3000F901E751FE4E265F3F4F8FEF890F280FC6
:101C4000311D20523E4E8D918193E217F307D9F753
:101C500029EE31E13093F0112093EF11892F90E0BC
:101C60009093E7118093E611F90181C18D3DE4E085
:101C70009E0711F40C94312008F063C6853B24E0E4
:101C8000920711F40C944A2110F40C94571F853CD0
:101C9000E4E09E07E1F0813DF4E09F0711F40C942D
:101CA0006321823C944011F00C942D190E94DB5862
:101CB00081113DC6E091EF11F091F0118081809388
:101CC000DD1185EC94E09093611180936011809117
:101CD000CF119091D011009709F465CD01979093A1
:101CE000D0118093CF11E091EF0D81E08E0F8093A2
:101CF000EF0DF0E0EE0FFF1FEE0FFF1FE151F64F6B
:101D00008091DC119091DD11A091DE11B091DF1175
:101D100080839183A283B3838091CB119091CC1166
:101D200001979093CC118093CB11892B11F40C94D3
:101D3000BD201092E1111092E01181E08093E81132
:101D400085EB94E090936111809360118091E6118E
:101D50009091E7116091E4117091E511681B790B86
:101D60007093EE116093ED11A091E8112A2F30E0ED
:101D70006217730710F00C9422296115710511F494
:101D80000C94CC24E091E211F091E31140E050E09A
:101D900020E0E80FF91F80E090E0A150EF01C40FB0
:101DA000D51F3881EC01C052DE4E39878A2F821B45
:101DB0008093E8112F5F822F90E0AC018617970780
:101DC00068F386EA91E09093E1118093E0118091AD
:101DD000AC09882309F4ABC58091AD099091AE0997
:101DE000845A954011F40C948F2B84EA95E09093DB
:101DF000AE098093AD09DC018091A8099091A909F1
:101E00004091A4095091A5096091A6097091A70974
:101E1000480F591F611D711D4093A4095093A509D6
:101E20006093A6097093A7091092AC099093E511ED
:101E30008093E411B093E311A093E2114091E81173
:101E40004423A9F08091ED119091EE11FC01E7512E
:101E5000FE4E9C01265F3F4F8FEF840F280F311DF0
:101E600020523E4E8D918193E217F307D9F789EE08
:101E700091E19093F0118093EF11842F90E0909373
:101E8000E7118093E611E9EEF1E18FEF9FEF909378
:101E9000E1118093E0118081A0916511B0916611EC
:101EA000A80FB11D87FDBA95B0936611A093651177
:101EB0008091DB11882311F40C945F252091D211BD
:101EC0003091D3114091D4115091D5110E94B28418
:101ED000DC01CB014AE0B695A795979587954A9581
:101EE000D1F79093DF118093DE111092E1111092DF
:101EF000E01181E08093E81182EC94E0909361110D
:101F000080936011D3CE8B3423E0920709F4C5C1CE
:101F100008F076C58830F3E09F0709F4EECD10F4A1
:101F20000C94361F853323E0920709F4A1C0823454
:101F3000E3E09E0709F46DC18C30934011F00C94DE
:101F40002D198091E0119091E111863AF1E09F07FF
:101F500009F42FCE873B21E0920711F40C94B421B1
:101F6000892B09F4E5CDE091EF11F091F0118FEF9D
:101F70009FEF9093E1118093E011208131813093A4
:101F8000701120936F1100916B11E02FF0E0EE0FB4
:101F9000FF1FEE0FFF1FE05AFE4EC388D488E5886E
:101FA000F688C092C311D092C411E092C511F0928C
:101FB000C611C3E7D1E1EBE9F1E110E00117F1F05F
:101FC000488159816A817B81440F551F661F771FA5
:101FD000DB01CA018C199D09AE09BF098C8B9D8B51
:101FE000AE8BBF8B40835183628373838C199D09B1
:101FF000AE09BF09848B958BA68BB78B1F5F249688
:1020000034961530D9F660916711709168118091FE
:10201000691190916A11FC01E60FF71F409171114F
:10202000509172114E0F5F1F240F351FC21AD30A31
:10203000E108F108C092C711D092C811E092C9110D
:10204000F092CA11672B11F40C94311D8091DC11B0
:102050008F7B8093DC111092E1111092E01182E0ED
:102060008093E81185E393E0909361118093601170
:102070000E94DB5881115BC48091DB11E091EF116C
:10208000F091F011882311F40C941224A081B181F5
:102090002091D2113091D3114091D4115091D5118A
:1020A0000E94B284DC01CB012AE0B695A7959795F2
:1020B00087952A95D1F79093DF118093DE11909147
:1020C0006C119093DD1180916B11882311F40C94A5
:1020D000252240918711509188116091891170914A
:1020E0008A1177FF02C00C94DE290091AF11109184
:1020F000B0112091B1113091B211400F511F621FE8
:10210000731F4093871150938811609389117093C6
:102110008A1191609093DD11813011F00C94252289
:1021200040918F1150919011609191117091921185
:1021300077FF02C00C948D270091B7111091B81150
:102140002091B9113091BA11400F511F621F731FB6
:1021500040938F115093901160939111709392114D
:102160009091DD1194609093DD11833039F14091AD
:10217000931150919411609195117091961177FF80
:1021800002C00C94A3270091BB111091BC112091A7
:10219000BD113091BE11400F511F621F731F40933C
:1021A000931150939411609395117093961190919F
:1021B000DD1198609093DD11843029F180919711A1
:1021C00090919811A0919911B0919A11B7FF02C006
:1021D0000C9434294091BF115091C0116091C111EC
:1021E0007091C211840F951FA61FB71F809397117E
:1021F00090939811A0939911B0939A118091DD1149
:1022000080618093DD1182E493E09093611180936B
:1022100060118091CF119091D011009709F4C3CA39
:1022200001979093D0118093CF11E091EF0D81E051
:102230008E0F8093EF0DF0E0EE0FFF1FEE0FFF1FEC
:10224000E151F64F8091DC119091DD11A091DE11EA
:10225000B091DF1180839183A283B3838091DC11DD
:102260008F778093DC1180916711909168110197AD
:102270009093681180936711892B11F40C942D1D94
:102280001092E1111092E01182E08093E8118BE44A
:1022900093E090936111809360110E94DB5881114B
:1022A00046C38091DB11E091EF11F091F01188238A
:1022B00011F40C949024A081B1812091D21130911D
:1022C000D3114091D4115091D5110E94B284DC01F8
:1022D000CB011AE0B695A795979587951A95D1F7F2
:1022E0009093DF118093DE1190916C119093DD112A
:1022F00080916B11882311F40C9414234091871161
:10230000509188116091891170918A1177FF02C0F4
:102310000C94752A0091AF111091B0112091B11158
:102320003091B211400F511F621F731F40938711EC
:10233000509388116093891170938A1191609093E2
:10234000DD11813011F00C94142340918F115091C4
:102350009011609191117091921177FF02C00C94CD
:1023600062280091B7111091B8112091B9113091E4
:10237000BA11400F511F621F731F40938F1150936A
:10238000901160939111709392119091DD1194606E
:102390009093DD11833039F1409193115091941154
:1023A000609195117091961177FF02C00C948D2861
:1023B0000091BB111091BC112091BD113091BE1143
:1023C000400F511F621F731F40939311509394113C
:1023D00060939511709396119091DD119860909390
:1023E000DD11843029F18091971190919811A0917D
:1023F0009911B0919A11B7FF02C00C940B2A409129
:10240000BF115091C0116091C1117091C211840F20
:10241000951FA61FB71F8093971190939811A093B3
:102420009911B0939A118091DD1180618093DD1133
:1024300088E593E090936111809360118091CF11B2
:102440009091D011009709F4AEC901979093D011E3
:102450008093CF11E091EF0D81E08E0F8093EF0D0F
:10246000F0E0EE0FFF1FEE0FFF1FE151F64F8091DE
:10247000DC119091DD11A091DE11B091DF1180830C
:102480009183A283B383EFCE873224E0920711F4C5
:102490000C94681E10F40C94421E8634E4E09E07EF
:1024A00009F441C08A34F4E09F0711F40C94092127
:1024B0008B33944009F0D1C68091E0119091E111E5
:1024C000863AE1E09E0711F40C94CB1E873BF1E0C5
:1024D0009F0711F40C945923892B11F40C948B1E33
:1024E000E091EF11F091F0118FEF9FEF9093E111D8
:1024F0008093E011808191819093CC118093CB11D6
:102500001092DB118091621185FF70C11092E11170
:102510001092E01184E08093E81186E494E09093B7
:102520006111809360110E94DB58811100C2E0911B
:10253000EF11F091F01180819181A281B38180939C
:10254000D6119093D711A093D811B093D9111092AE
:10255000E1111092E01181E08093E8118AE494E0A7
:102560009093611180936011A091E611B091E711F1
:102570006091E4117091E5116A1B7B0B7093EE1171
:102580006093ED115091E811852F90E0681779075D
:1025900010F00C94EE266115710511F40C94A4232F
:1025A000C091E211D091E31120E030E040E080E002
:1025B00090E051502C0F3D1FF901EA0FFB1F2081C5
:1025C000FC01E052FE4E2187852F841B8093E81189
:1025D0004F5F842F90E09C018617970758F386EA97
:1025E00091E09093E1118093E0118091AC098823F0
:1025F00009F49DC18091AD099091AE09845A95402E
:1026000011F40C94692B84EA95E09093AE098093C1
:10261000AD09DC018091A8099091A9094091A40914
:102620005091A5096091A6097091A709480F591FFB
:10263000611D711D4093A4095093A5096093A609DB
:102640007093A7091092AC099093E5118093E4115F
:10265000B093E311A093E2114091E8114423A9F053
:102660008091ED119091EE11FC01E751FE4E9C011D
:10267000265F3F4F8FEF840F280F311D20523E4EB3
:102680008D918193E217F307D9F789EE91E1909349
:10269000F0118093EF11842F90E09093E7118093D5
:1026A000E611E9EEF1E18FEF9FEF9093E111809356
:1026B000E011C081C093DA1180917402909175028B
:1026C00095958795959587959595879595958795F2
:1026D0002091020230910302821B930B97FF02C0EC
:1026E0000C9472268436910514F40C94C124209124
:1026F00014113091151140E050E06091D6117091A5
:10270000D7118091D8119091D9110E9451849B01C9
:10271000AC0104C05695479537952795CA95D2F7D1
:10272000213080E138074105510520F020E030E1FB
:1027300040E050E02093D2113093D3114093D41154
:102740005093D5118091090F213094E0390741054C
:10275000510510F40C94EE23882331F1A0910A0F57
:10276000B0910B0F0E94B284DC01CB017AE0B695E8
:10277000A795979587957A95D1F78093D2119093E5
:10278000D311A093D411B093D51180914911909198
:102790004A118E3FEFEF9E0711F40C94182B01960F
:1027A00090934A118093491181E08093DB118091CD
:1027B0004711909148118E3FFFEF9F0711F40C9441
:1027C0004A29019690934811809347118091D21124
:1027D0009091D311A091D411B091D5118F3F910553
:1027E000A105B10509F010F40C94D4261092E11162
:1027F0001092E01182E08093E81188E994E09093D0
:102800006111809360110E94DB58811190C0E091AA
:10281000EF11F091F011A081B181B0936611A093F6
:1028200065118091DB11882311F40C94A82120916B
:10283000D2113091D3114091D4115091D5110E94F1
:10284000B284DC01CB016AE0B695A7959795879590
:102850006A95D1F79093DF118093DE111092E11108
:102860001092E01181E08093E81185EA94E0909362
:102870006111809360110E94DB58811158C0E09172
:10288000EF11F091F01180818093DD1188EA94E0DE
:1028900090936111809360118091CF119091D0112C
:1028A000009711F40C94D30B01979093D01180935F
:1028B000CF11E091EF0D81E08E0F8093EF0DF0E0EE
:1028C000EE0FFF1FEE0FFF1FE151F64F8091DC115D
:1028D0009091DD11A091DE11B091DF118083918381
:1028E000A283B3838091DC118F778093DC11809178
:1028F0006211909163112091CB113091CC11215034
:1029000031093093CC112093CB1186FD02C00C9479
:102910002022232B09F00DCA91FF05C08091D1110F
:1029200081110E94C133109261111092601181E0F7
:10293000DF91CF911F910F91FF90EF90DF90CF909B
:1029400008958115E5E09E0711F40C94F32010F42E
:102950000C94631F8931F5E09F0709F448C0823267
:1029600025E0920711F40C94D0208031954009F0B5
:1029700074C40E94DB588111DACFE091EF11F0911D
:10298000F011808191811092DD1120E533EC3093BC
:10299000DF112093DE111BC081E08E0F8093EF0DBD
:1029A000F0E0EE0FFF1FEE0FFF1FE151F64F809199
:1029B000DC119091DD11A091DE11B091DF118083C7
:1029C0009183A283B3838091CD119091CE119C010C
:1029D000215031093093CE112093CD11892B09F468
:1029E000A2CF89E195E09093611180936011E0910D
:1029F000EF0D8091F00D9E2F981B9F3F69F697CFAA
:102A0000813723E0920711F40C94151E10F40C94F6
:102A1000421F8738E3E09E0709F4EEC0813AF3E0F5
:102A20009F0709F46AC68A37934009F016C480915B
:102A3000E0119091E111863A21E0920709F45CC11E
:102A4000873BE1E09E0711F40C943A24892B09F4AA
:102A500012C1E091EF11F091F0118FEF9FEF909381
:102A6000E1118093E0118091DB11882311F40C9423
:102A70008824A0812091D2113091D3114091D4119A
:102A80005091D511B0E00E94B284DC01CB01EAE0A4
:102A9000B695A79597958795EA95D1F79093DF110D
:102AA0008093DE1190916C119093DD1180916B11E8
:102AB000882311F40C94EB224091871150918811D6
:102AC0006091891170918A1177FF02C00C945F2A7E
:102AD0000091AF111091B0112091B1113091B2114C
:102AE000400F511F621F731F40938711509388112D
:102AF0006093891170938A1191609093DD118130F8
:102B000011F00C94EB2240918F1150919011609133
:102B100091117091921177FF02C00C94A32800913B
:102B2000B7111091B8112091B9113091BA11400F1D
:102B3000511F621F731F40938F1150939011609328
:102B40009111709392119091DD1194609093DD1129
:102B5000833039F140919311509194116091951106
:102B60007091961177FF02C00C94B9280091BB11A7
:102B70001091BC112091BD113091BE11400F511F19
:102B8000621F731F4093931150939411609395119A
:102B9000709396119091DD1198609093DD118430BF
:102BA00029F18091971190919811A0919911B0916C
:102BB0009A11B7FF02C00C946C294091BF1150913B
:102BC000C0116091C1117091C211840F951FA61F91
:102BD000B71F8093971190939811A0939911B09378
:102BE0009A118091DD1180618093DD1187E893E077
:102BF00090936111809360118091CF119091D011C9
:102C0000009711F40C94D30B01979093D0118093FB
:102C1000CF11E091EF0D81E08E0F8093EF0DF0E08A
:102C2000EE0FFF1FEE0FFF1FE151F64F8091DC11F9
:102C30009091DD11A091DE11B091DF11808391831D
:102C4000A283B3838091691190916A110197909347
:102C50006A1180936911892B09F48BC41092E111D8
:102C60001092E01181E08093E8118AE793E090935D
:102C70006111809360118091E6119091E71160914C
:102C8000E4117091E511681B790B7093EE1160935C
:102C9000ED11A091E8112A2F30E06217730710F0B0
:102CA0000C94CE276115710511F40C943424E09135
:102CB000E211F091E31140E050E020E0E80FF91F4D
:102CC00080E090E0A150EF01C40FD51F3881EC01E6
:102CD000C052DE4E39878A2F821B8093E8112F5F06
:102CE000822F90E0AC018617970768F386EA91E09F
:102CF0009093E1118093E0118091AC09882309F44D
:102D000016CE8091AD099091AE09845A954011F488
:102D10000C94722B84EA95E09093AE098093AD09F0
:102D2000DC018091A8099091A9094091A4095091D2
:102D3000A5096091A6097091A709480F591F611D47
:102D4000711D4093A4095093A5096093A60970933F
:102D5000A7091092AC099093E5118093E411B09308
:102D6000E311A093E2114091E8114423A9F080916E
:102D7000ED119091EE11FC01E751FE4E9C01265F92
:102D80003F4F8FEF840F280F311D20523E4E8D9103
:102D90008193E217F307D9F789EE91E19093F0114F
:102DA0008093EF11842F90E09093E7118093E611C8
:102DB000E9EEF1E152CE823622E0920709F4CCC06E
:102DC00008F042C2009711F40C943B2180349240E9
:102DD00009F043C20E94DB588111A9CDE091EF11A7
:102DE000F091F01180818C3011F40C94FC2910F0DA
:102DF0000C941A24873009F4A9C08B3011F40C9478
:102E0000E620833011F40C94B52590917C03209139
:102E10007D03392F321B3F3F41F1E1E0E90FE093A1
:102E20007C03A92FB0E0A658BD4F12961C923E2FEE
:102E3000321B3F3FD1F032E0390F30937C03F0E09A
:102E4000E658FD4F43E04283432F50E05093850303
:102E500040938403321B3F3F41F09D5F90937C037E
:102E6000FA01E658FD4F91E0928390917C03492F3F
:102E700050E05093830340938203392F321B3F3F2E
:102E800011F40C948A2B9F5F90937C03DA01A6586F
:102E9000BD4F91E012969C931297409184035091FC
:102EA0008503FA01FF27E658FD4F92819F5F9283C9
:102EB00012969C9112979F5F12969C93A0917C030F
:102EC0009A2F921B9F3F11F40C94C52B91E09A0FFF
:102ED00090937C03B0E0A658BD4F35E012963C932A
:102EE00032813F5F3283882311F40C94512B60911F
:102EF000820370918303EB01DD27C658DD4F3A81D1
:102F00003F5F3A83392F321B3F3F11F40C94C12BA2
:102F100031E0390F30937C03A92FB0E0A658BD4FA4
:102F200012968C9382818F5F8283321B3F3F11F414
:102F30000C945C2B6F3F7F4F11F08FEF8A83809151
:102F400080038F5F809380030E94D34082E692E0EB
:102F500090936111809360118091EF0D9091F00D2D
:102F6000891B8095282F30E03093D0112093CF110A
:102F7000882309F4DCCC1092E1111092E01182E078
:102F80008093E81186E692E090936111809360113E
:102F90000E94DB588111CBCCE091EF11F091F01140
:102FA00080819181809362119093631187FF03C0A8
:102FB0008F798093DC111092E1111092E01181E081
:102FC0008093E81188E792E09093611180936011FB
:102FD0000E94DB588111ABCCE091EF11F091F01120
:102FE000908190936B1181E001C0880F9A95EAF768
:102FF00080936C111092E1111092E01184E08093A3
:10300000E81181E892E090936111809360110E9431
:10301000DB5881118CCCE091EF11F091F01180819F
:103020009181A281B3818093731190937411A093C5
:103030007511B09376111092E1111092E01184E0B5
:103040008093E81185E892E090936111809360117C
:103050008091E6119091E7116091E4117091E51172
:10306000681B790B7093EE116093ED11A091E8113C
:103070002A2F30E06217730710F00C94BA266115FE
:10308000710511F40C94A022E091E211F091E3118A
:1030900040E050E020E0E80FF91F80E090E0A15010
:1030A000EF01C40FD51F3881EC01C052DE4E3987C5
:1030B0008A2F821B8093E8112F5F822F90E0AC0152
:1030C0008617970768F386EA91E09093E111809361
:1030D000E0118091AC09882309F429CC8091AD09D5
:1030E0009091AE09845A954011F40C94372B84EAE0
:1030F00095E09093AE098093AD09DC018091A80919
:103100009091A9094091A4095091A5096091A6093F
:103110007091A709480F591F611D711D4093A409A3
:103120005093A5096093A6097093A7091092AC0962
:103130009093E5118093E411B093E311A093E21111
:103140004091E8114423A9F08091ED119091EE1186
:10315000FC01E751FE4E9C01265F3F4F8FEF840F2D
:10316000280F311D20523E4E8D918193E217F307B7
:10317000D9F789EE91E19093F0118093EF11842FAC
:1031800090E09093E7118093E611E9EEF1E1808100
:103190009181A281B3818093771190937811A0934C
:1031A0007911B0937A111092E1111092E01184E03C
:1031B0008093E81189E892E0909361118093601107
:1031C0000E94DB588111B3CBE091EF11F091F01127
:1031D00080819181A281B38180937B1190937C1136
:1031E000A0937D11B0937E111092E1111092E01125
:1031F00084E08093E8118DE892E0909361118093D0
:1032000060110E94DB58811192CBE091EF11F09197
:10321000F01180819181A281B38180937F1190937D
:103220008011A0938111B09382111092E11110923C
:10323000E01184E08093E81181E992E090936111BC
:10324000809360110C94080C863622E0920709F4F2
:103250009FCE8837924009F4BBCE8FEF9FEF9093BB
:1032600061118093601180E063CB80916F11909128
:103270007011892B09F4E7C38091DC118F7B809357
:10328000DC111092E1111092E01182E08093E811BC
:103290008BEE93E090936111809360110E94DB5854
:1032A000811145CB8091DB11E091EF11F091F0118C
:1032B000882311F40C944423A081B1812091D21170
:1032C0003091D3114091D4115091D5110E94B28404
:1032D000DC01CB011AE0B695A795979587951A95CD
:1032E000D1F79093DF118093DE110E94105A88EF7E
:1032F00093E090936111809360118091CF11909130
:10330000D011009711F40C94D30B01979093D01126
:103310008093CF11E091EF0D81E08E0F8093EF0D40
:10332000F0E0EE0FFF1FEE0FFF1FE151F64F80910F
:10333000DC119091DD11A091DE11B091DF1180833D
:103340009183A283B3838091DC118F778093DC110A
:1033500080916F11909170110197909370118093EB
:103360006F11892B09F46FC31092E1111092E011D3
:1033700082E08093E81181E094E090936111809362
:1033800060110E94DB588111D2CA8091DB11E0915B
:10339000EF11F091F011882311F40C942C24A081EA
:1033A000B1812091D2113091D3114091D41150911B
:1033B000D5110E94B284DC01CB01CAE0B695A79575
:1033C00097958795CA95D1F79093DF118093DE1179
:1033D00090916C119093DD1180916B11882311F401
:1033E0000C944E224091871150918811609189115F
:1033F00070918A1177FF02C00C94212A0091AF11BD
:103400001091B0112091B1113091B211400F511FA4
:10341000621F731F40938711509388116093891125
:1034200070938A1191609093DD11813011F00C94AA
:103430004E2240918F115091901160919111709195
:10344000921177FF02C00C94E0270091B711109100
:10345000B8112091B9113091BA11400F511F621F5C
:10346000731F40938F11509390116093911170933B
:1034700092119091DD1194609093DD11833039F1B8
:103480004091931150919411609195117091961102
:1034900077FF02C00C940C280091BB111091BC1155
:1034A0002091BD113091BE11400F511F621F731F3B
:1034B00040939311509394116093951170939611CA
:1034C0009091DD1198609093DD11843029F1809105
:1034D000971190919811A0919911B0919A11B7FFFD
:1034E00002C00C94C8294091BF115091C011609145
:1034F000C1117091C211840F951FA61FB71F809331
:10350000971190939811A0939911B0939A1180916B
:10351000DD1180618093DD118EE094E09093611164
:10352000809360118091CF119091D011009711F488
:103530000C94D30B01979093D0118093CF11E0910D
:10354000EF0D81E08E0F8093EF0DF0E0EE0FFF1F87
:10355000EE0FFF1FE151F64F8091DC119091DD11CC
:10356000A091DE11B091DF1180839183A283B38398
:10357000EFCE8091C7119091C811A091C911B0915F
:10358000CA11892B8A2B8B2B09F4E8C18091DC119D
:1035900083FF03C080648093DC1180916D11909152
:1035A0006E119093DF118093DE1190916C119093C6
:1035B000DD1180916B11882309F41BC7409187119D
:1035C000509188116091891170918A1177FF02C022
:1035D0000C9482290091AF111091B0112091B1117A
:1035E0003091B211400F511F621F731F409387111A
:1035F000509388116093891170938A119160909310
:10360000DD11813009F0F5C640918F115091901174
:10361000609191117091921177FF02C00C947727FD
:103620000091B7111091B8112091B9113091BA11D0
:10363000400F511F621F731F40938F1150939011C1
:1036400060939111709392119091DD119460909319
:10365000DD11833039F140919311509194116091B3
:1036600095117091961177FF02C00C945627009126
:10367000BB111091BC112091BD113091BE11400FB2
:10368000511F621F731F40939311509394116093C5
:103690009511709396119091DD1198609093DD11C2
:1036A000843029F18091971190919811A0919911EE
:1036B000B0919A11B7FF02C00C94FA284091BF1143
:1036C0005091C0116091C1117091C211840F951F6A
:1036D000A61FB71F8093971190939811A0939911EB
:1036E000B0939A118091DD1180618093DD1181EAA0
:1036F00093E090936111809360118091CF1190912C
:10370000D011009711F40C94D30B01979093D01122
:103710008093CF11E091EF0D81E08E0F8093EF0D3C
:10372000F0E0EE0FFF1FEE0FFF1FE151F64F80910B
:10373000DC119091DD11A091DE11B091DF11808339
:103740009183A283B3838091DC118F778093DC1106
:103750004091C7115091C8116091C9117091CA115F
:1037600041505109610971094093C7115093C81123
:103770006093C9117093CA11452B462B472B09F44E
:10378000EAC090916C119093DD1180916B118823A8
:1037900011F40C94982440918711509188116091F4
:1037A000891170918A1177FF02C00C94FB2A009155
:1037B000AF111091B0112091B1113091B211400FA1
:1037C000511F621F731F409387115093881160939C
:1037D000891170938A1191609093DD11813011F0FD
:1037E0000C94982440918F115091901160919111F7
:1037F0007091921177FF02C00C94A42A0091B71126
:103800001091B8112091B9113091BA11400F511F88
:10381000621F731F40938F11509390116093911109
:10382000709392119091DD1194609093DD1183302B
:1038300039F14091931150919411609195117091CB
:10384000961177FF02C00C94BA2A0091BB11109117
:10385000BC112091BD113091BE11400F511F621F4C
:10386000731F40939311509394116093951170932B
:1038700096119091DD1198609093DD11843029F1BB
:103880008091971190919811A0919911B0919A11EE
:10389000B7FF02C00C94E52A4091BF115091C011AE
:1038A0006091C1117091C211840F951FA61FB71F9F
:1038B0008093971190939811A0939911B0939A11B6
:1038C0008091DD1180618093DD118AEA93E090930D
:1038D0006111809360118091CF119091D011009768
:1038E00011F40C94D30B01979093D0118093CF11C6
:1038F000E091EF0D81E08E0F8093EF0DF0E0EE0F81
:10390000FF1FEE0FFF1FE151F64F8091DC119091E8
:10391000DD11A091DE11B091DF1180839183A2832C
:10392000B3838091C7119091C811A091C911B09132
:10393000CA110197A109B1098093C7119093C811C9
:10394000A093C911B093CA11892B8A2B8B2B09F034
:1039500018CF8091DC118F7B8093DC1180917111E5
:1039600090917211892B09F480CC8091DC118F7BAE
:103970008093DC111092E1111092E01181E08093AC
:10398000E8118CEB93E090936111809360110E9499
:10399000DB5881110C9497148091DB11E091EF11A9
:1039A000F091F011882309F477C6A0812091D211FB
:1039B0003091D3114091D4115091D511B0E00E94B3
:1039C000B284DC01CB014AE0B695A795979587951F
:1039D0004A95D1F79093DF118093DE110E94105A1F
:1039E00089EC93E090936111809360118091CF11E5
:1039F0009091D011009711F40C94D30B01979093F0
:103A0000D0118093CF11E091EF0D81E08E0F809364
:103A1000EF0DF0E0EE0FFF1FEE0FFF1FE151F64F2D
:103A20008091DC119091DD11A091DE11B091DF1138
:103A300080839183A283B3838091DC118F778093FD
:103A4000DC110C94E00A809162119091631192FF55
:103A500002C00C948E140C9493148091691190916F
:103A60006A11892B09F485CD8091DC118F7B8093BD
:103A7000DC111092E1111092E01181E08093E811C5
:103A800084E693E090936111809360110E94DB586B
:103A900081110C9497148091DB11E091EF11F0915A
:103AA000F011882309F449C6A0812091D2113091E8
:103AB000D3114091D4115091D511B0E00E94B2843D
:103AC000DC01CB01CAE0B695A79597958795CA9575
:103AD000D1F79093DF118093DE1190916C11909348
:103AE000DD1180916B11882309F40BC4409187117B
:103AF000509188116091891170918A1177FF02C0ED
:103B00000C9456290091AF111091B0112091B11170
:103B10003091B211400F511F621F731F40938711E4
:103B2000509388116093891170938A1191609093DA
:103B3000DD11813009F0E5C340918F115091901152
:103B4000609191117091921177FF02C00C9400273F
:103B50000091B7111091B8112091B9113091BA119B
:103B6000400F511F621F731F40938F11509390118C
:103B700060939111709392119091DD1194609093E4
:103B8000DD11833039F1409193115091941160917E
:103B900095117091961177FF02C00C942B2700911C
:103BA000BB111091BC112091BD113091BE11400F7D
:103BB000511F621F731F4093931150939411609390
:103BC0009511709396119091DD1198609093DD118D
:103BD000843029F18091971190919811A0919911B9
:103BE000B0919A11B7FF02C00C94E4284091BF1124
:103BF0005091C0116091C1117091C211840F951F35
:103C0000A61FB71F8093971190939811A0939911B5
:103C1000B0939A118091DD1180618093DD1181E76D
:103C200093E090936111809360118091CF119091F6
:103C3000D011009711F40C94D30B01979093D011ED
:103C40008093CF11E091EF0D81E08E0F8093EF0D07
:103C5000F0E0EE0FFF1FEE0FFF1FE151F64F8091D6
:103C6000DC119091DD11A091DE11B091DF11808304
:103C70009183A283B3838091DC118F778093DC11D1
:103C80000C9422168E30F4E09F0709F44BCC83325B
:103C9000944009F0E2CA8091EF0D9091F00D891BDC
:103CA0008095282F30E03093D0112093CF118823B6
:103CB00011F40C9497141092E1111092E01182E02B
:103CC0008093E81187E294E09093611180936011F2
:103CD0000E94DB5881110C949714E091EF11F09140
:103CE000F01180819181809362119093631187FD1F
:103CF00005C68091DC118F7B8093DC111092E1115D
:103D00001092E01182E08093E8118BE394E09093AD
:103D10006111809360118091E6119091E71160919B
:103D2000E4117091E511681B790B7093EE116093AB
:103D3000ED11A091E8112A2F30E06217730710F0FF
:103D40000C94DC266115710509F4ADC4E091E21113
:103D5000F091E31140E050E020E0E80FF91F80E02F
:103D600090E0A150EF01C40FD51F3881EC01C05283
:103D7000DE4E39878A2F821B8093E8112F5F822FB6
:103D800090E0AC018617970768F386EA91E090937C
:103D9000E1118093E0118091AC09882311F40C9417
:103DA00097148091AD099091AE09845A954011F411
:103DB0000C94402B84EA95E09093AE098093AD0972
:103DC000DC018091A8099091A9094091A409509122
:103DD000A5096091A6097091A709480F591F611D97
:103DE000711D4093A4095093A5096093A60970938F
:103DF000A7091092AC099093E5118093E411B09358
:103E0000E311A093E2114091E8114423A9F08091BD
:103E1000ED119091EE11FC01E751FE4E9C01265FE1
:103E20003F4F8FEF840F280F311D20523E4E8D9152
:103E30008193E217F307D9F789EE91E19093F0119E
:103E40008093EF11842F90E09093E7118093E61117
:103E5000E9EEF1E10C9474128538E2E09E0709F472
:103E6000F1C18938924009F4ABC9F7C9883AE2E058
:103E70009E0711F40C948C0C8E3F924011F40C941C
:103E8000490DEBC98835F3E09F0711F40C941E121D
:103E90008436934009F4FACDE0C98C3BE3E09E07F9
:103EA00009F475CD893C934009F4A0CDD6C9853A73
:103EB000F4E09F0711F40C943B14883A944011F4F9
:103EC0000C944C14CAC9803E24E0920709F4DBC06C
:103ED000873F944009F0C1C98091E0119091E111B0
:103EE000863AF1E09F0709F48CC6873B21E09207F0
:103EF00009F4F8C5892B09F445C6E091EF11F0915A
:103F0000F0118FEF9FEF9093E1118093E011C18149
:103F1000D081C1110C948B2A10925211109253111E
:103F200010925411109255116D2F70E089E00E948B
:103F300002570C94931486EA91E09093E1118093D8
:103F4000E0118091AC09882311F40C9497148091AE
:103F5000AD099091AE09845A954011F40C94A02BB0
:103F600084EA95E09093AE098093AD09DC018091DD
:103F7000A8099091A9094091A4095091A5096091BF
:103F8000A6097091A709480F591F611D711D409323
:103F9000A4095093A5096093A6097093A7091092EC
:103FA000AC099093E5118093E411B093E311A093D1
:103FB000E2114091E8114423A9F08091ED11909114
:103FC000EE11FC01E751FE4E9C01265F3F4F8FEF43
:103FD000840F280F311D20523E4E8D918193E217A0
:103FE000F307D9F789EE91E19093F0118093EF11E7
:103FF000842F90E09093E7118093E611E9EEF1E1D0
:104000008FEF9FEF9093E1118093E0118091DB118E
:10401000882309F45AC5A081B1812091D211309131
:10402000D3114091D4115091D5110E94B284DC017A
:10403000CB012AE0B695A795979587952A95D1F754
:104040009093DF118093DE111092E1111092E01134
:1040500081E08093E8118DED94E09093611180935D
:1040600060110E94DB5881110C949714E091EF11BC
:10407000F091F01180818093DD1180EE94E09093B7
:104080006111809360118091CF119091D0110097B0
:1040900011F40C94D30B01979093D0118093CF110E
:1040A000E091EF0D81E08E0F8093EF0DF0E0EE0FC9
:1040B000FF1FEE0FFF1FE151F64F8091DC11909131
:1040C000DD11A091DE11B091DF1180839183A28375
:1040D000B3838091CB119091CC1101979093CC1127
:1040E0008093CB11892B09F448C01092E1111092F2
:1040F000E01182E08093E81181ED94E090936111EA
:10410000809360118091E6119091E7116091E41124
:104110007091E511681B790B7093EE116093ED11AE
:10412000A091E8112A2F30E06217730710F00C9469
:1041300010296115710509F479C4E091E211F0913B
:10414000E31140E050E020E0E80FF91F80E090E04C
:10415000A150EF01C40FD51F3881EC01C052DE4ED3
:1041600039878A2F821B8093E8112F5F822F90E07E
:10417000AC018617970768F3DECE809162119091AB
:1041800063110C948C141092E1111092E01184E0F0
:104190008093E81182E295E0909361118093601121
:1041A0000E94DB5881110C949714E091EF11F0916B
:1041B000F01161817281438180810E949B51109234
:1041C00061111092601181E00C9498141092E11129
:1041D0001092E01183E08093E81180E095E09093E5
:1041E0006111809360110E94DB5881110C94971427
:1041F000E091EF11F091F0116181728140E08081D6
:104200000E949B51109261111092601181E00C94F8
:1042100098148091E0119091E111863AF1E09F07A6
:1042200011F40C94F512873B21E0920709F492C235
:10423000892B11F40C94B412E091EF11F091F0116C
:104240000C9453138091E0119091E111863AE1E0D2
:104250009E0711F40C946918873BF1E09F0709F45D
:1042600075C1892B11F40C942818E091EF11F0918D
:10427000F0110C94C7181092E1111092E01181E036
:104280008093E81180E492E0909361118093601133
:104290000C94EA168091E0119091E111863A21E0A8
:1042A000920711F40C94E70E873BE1E09E0709F4B6
:1042B00079C3892B11F40C94A60EE091EF11F091C3
:1042C000F0110C94450F8091E0119091E111863A24
:1042D000E1E09E0709F435CE873BF1E09F0709F442
:1042E000ABC3892B09F40ECFE091EF11F091F011DF
:1042F00087CE8081918190936E1180936D110C9483
:10430000700D40918B1150918C1160918D117091B5
:104310008E1177FD8BC50091B3111091B4112091CE
:10432000B5113091B611400F511F621F731F40939A
:104330008B1150938C1160938D1170938E1190910D
:10434000DD1192609093DD11823009F0F5CB1BCC2A
:10435000B093DF11A093DE110C942E1487EB91E043
:104360009093E1118093E0118091AC09882311F4BE
:104370000C9497148091AD099091AE09845A9540A0
:1043800011F40C94252B84EA95E09093AE09809368
:10439000AD09FC012091A8093091A9098091A409D7
:1043A0009091A509A091A609B091A709820F931F2A
:1043B000A11DB11D8093A4099093A509A093A609FE
:1043C000B093A7091092AC093093E5112093E41142
:1043D000F093E311E093E211F093F011E093EF1109
:1043E0008091E81190E09093E7118093E6110C948E
:1043F000B70F40918B1150918C1160918D1170917C
:104400008E1177FD3EC50091B3111091B41120912A
:10441000B5113091B611400F511F621F731F4093A9
:104420008B1150938C1160938D1170938E1190911C
:10443000DD1192609093DD11823009F0E5C80BC95F
:10444000232B11F40C948C1450CE40918B1150916D
:104450008C1160918D1170918E1177FD8AC500913C
:10446000B3111091B4112091B5113091B611400FD4
:10447000511F621F731F40938B1150938C116093D7
:104480008D1170938E119091DD1192609093DD11DA
:10449000823011F00C9490100C94B71040918B1155
:1044A00050918C1160918D1170918E1177FDDFC547
:1044B0000091B3111091B4112091B5113091B61142
:1044C000400F511F621F731F40938B1150938C112B
:1044D00060938D1170938E119091DD119260909385
:1044E000DD11823011F00C94191A0C94401A40918D
:1044F0008B1150918C1160918D1170918E1177FDFF
:10450000A1C50091B3111091B4112091B511309152
:10451000B611400F511F621F731F40938B115093B0
:104520008C1160938D1170938E119091DD119260BA
:104530009093DD11823011F00C94530B0C947A0B94
:1045400087EB91E09093E1118093E0118091AC09A9
:10455000882311F40C9497148091AD099091AE09C1
:10456000845A954011F40C942E2B84EA95E0909394
:10457000AE098093AD09FC012091A8093091A909E9
:104580008091A4099091A509A091A609B091A709CD
:10459000820F931FA11DB11D8093A4099093A509BB
:1045A000A093A609B093A7091092AC093093E51126
:1045B0002093E411F093E311E093E211F093F011F2
:1045C000E093EF118091E81190E09093E7118093D0
:1045D000E6110C94C71840918B1150918C11609189
:1045E0008D1170918E1177FD83C50091B3111091DB
:1045F000B4112091B5113091B611400F511F621FB7
:10460000731F40938B1150938C1160938D11709395
:104610008E119091DD1192609093DD11823011F036
:104620000C9483150C94AA1540918B1150918C1108
:1046300060918D1170918E1177FDB1C50091B3110C
:104640001091B4112091B5113091B611400F511F46
:10465000621F731F40938B1150938C1160938D11C7
:1046600070938E119091DD1192609093DD118230E4
:1046700011F00C94A5110C94CC118091DB118111D7
:104680000C942C0D0C943C0D808191819093DF1142
:104690008093DE110C947519808190E09093DF1166
:1046A0008093DE119BC987EB91E09093E111809399
:1046B000E0118091AC09882311F40C949714809137
:1046C000AD099091AE09845A954009F4E2C784EA95
:1046D00095E09093AE098093AD09FC012091A80963
:1046E0003091A9098091A4099091A509A091A609EA
:1046F000B091A709820F931FA11DB11D8093A4093A
:104700009093A509A093A609B093A7091092AC09AC
:104710003093E5112093E411F093E311E093E2115B
:10472000F093F011E093EF118091E81190E09093F5
:10473000E7118093E6110C947412808190E09093BD
:10474000DF118093DE11C9C987EB91E09093E111ED
:104750008093E0118091AC09882311F40C94971494
:104760008091AD099091AE09845A954009F4A9C78A
:1047700084EA95E09093AE098093AD09FC01209105
:10478000A8093091A9098091A4099091A509A09147
:10479000A609B091A709820F931FA11DB11D809397
:1047A000A4099093A509A093A609B093A709109214
:1047B000AC093093E5112093E411F093E311E093F9
:1047C000E211F093F011E093EF118091E81190E085
:1047D0009093E7118093E6110C945313882309F406
:1047E000AFC280910A0F90910B0FA0E0B0E08093D0
:1047F000D2119093D311A093D411B093D51181E02D
:104800008093DB118091491190914A118E3F2FEFD7
:10481000920709F40AC7019690934A1180934911AF
:104820000C94E613808191819093DF118093DE11C7
:104830000C945F10813109F4A6CC873711F40C94E5
:1048400093148D3011F00C94051783E294E090934B
:104850006111809360111FCA808191819093DF1153
:104860008093DE110C94E81987EB91E09093E111AD
:104870008093E0118091AC09882311F40C94971473
:104880008091AD099091AE09845A954009F433C7DF
:1048900084EA95E09093AE098093AD09FC012091E4
:1048A000A8093091A9098091A4099091A509A09126
:1048B000A609B091A709820F931FA11DB11D809376
:1048C000A4099093A509A093A609B093A7091092F3
:1048D000AC093093E5112093E411F093E311E093D8
:1048E000E211F093F011E093EF118091E81190E064
:1048F0009093E7118093E6110C942D158F79FBC9E5
:10490000808190E09093DF118093DE110C94220B54
:10491000808190E09093DF118093DE110C9452150A
:10492000808191819093DF118093DE110C9474113A
:1049300040918B1150918C1160918D1170918E115D
:1049400077FD2EC60091B3111091B4112091B511CD
:104950003091B611400F511F621F731F40938B118E
:1049600050938C1160938D1170938E119091DD1185
:1049700092609093DD11823011F00C94F21B0C9434
:10498000191C880F991FFC01E25BFF4E20813181C9
:1049900040E050E00C947D1387EB91E09093E1119F
:1049A0008093E0118091AC09882311F40C94971442
:1049B0008091AD099091AE09845A954009F4B8C62A
:1049C00084EA95E09093AE098093AD09FC012091B3
:1049D000A8093091A9098091A4099091A509A091F5
:1049E000A609B091A709820F931FA11DB11D809345
:1049F000A4099093A509A093A609B093A7091092C2
:104A0000AC093093E5112093E411F093E311E093A6
:104A1000E211F093F011E093EF118091E81190E032
:104A20009093E7118093E6110C94450F87EB91E08A
:104A30009093E1118093E0118091AC09882311F4E7
:104A40000C9497148091AD099091AE09845A9540C9
:104A500009F47FC684EA95E09093AE098093AD098E
:104A6000FC012091A8093091A9098091A409909195
:104A7000A509A091A609B091A709820F931FA11DB6
:104A8000B11D8093A4099093A509A093A609B093A2
:104A9000A7091092AC093093E5112093E411F0932B
:104AA000E311E093E211F093F011E093EF118091A4
:104AB000E81190E09093E7118093E611A1CAB093BA
:104AC000DF11A093DE110C94750F8081918190937A
:104AD000DF118093DE11B8CA87EB91E09093E1116A
:104AE0008093E0118091AC09882311F40C94971401
:104AF0008091AD099091AE09845A954009F431C670
:104B000084EA95E09093AE098093AD09FC01209171
:104B1000A8093091A9098091A4099091A509A091B3
:104B2000A609B091A709820F931FA11DB11D809303
:104B3000A4099093A509A093A609B093A709109280
:104B4000AC093093E5112093E411F093E311E09365
:104B5000E211F093F011E093EF118091E81190E0F1
:104B60009093E7118093E611CCC91092E111109255
:104B7000E01182E08093E81187EF94E09093611157
:104B8000809360118091E6119091E7116091E4119A
:104B90007091E511681B790B7093EE116093ED1124
:104BA000A091E8112A2F30E06217730708F075C44E
:104BB0006115710509F490CFE091E211F091E311D4
:104BC00040E050E020E0E80FF91F80E090E0A150C5
:104BD000EF01C40FD51F3881EC01C052DE4E39877A
:104BE0008A2F821B8093E8112F5F822F90E0AC0107
:104BF0008617970768F386EA91E09093E111809316
:104C0000E0118091AC09882311F40C9497148091E1
:104C1000AD099091AE09845A954009F4AAC584EA79
:104C200095E09093AE098093AD09DC018091A809CD
:104C30009091A9094091A4095091A5096091A609F4
:104C40007091A709480F591F611D711D4093A40958
:104C50005093A5096093A6097093A7091092AC0917
:104C60009093E5118093E411B093E311A093E211C6
:104C70004091E8114423A9F08091ED119091EE113B
:104C8000FC01E751FE4E9C01265F3F4F8FEF840FE2
:104C9000280F311D20523E4E8D918193E217F3076C
:104CA000D9F789EE91E19093F0118093EF11842F61
:104CB00090E09093E7118093E611E9EEF1E121C9CC
:104CC000E091E211F091E311E80FF91FF093F01178
:104CD000E093EF11820F931F9093E7118093E611F9
:104CE0000C94B70F20914E1030914F1040E050E0DF
:104CF0000C947D138091090F882309F419C38091C6
:104D00000A0F90910B0FA0E0B0E08093D211909326
:104D1000D311A093D411B093D51181E08093DB110E
:104D20008091491190914A118E3F2FEF920709F41B
:104D3000EAC4019690934A11809349110C942C0D6A
:104D400080913811882309F44FC3809139119091D3
:104D50003A11A0913B11B0913C118093D2119093E4
:104D6000D311A093D411B093D51121E02093DB117E
:104D70000C94EE13E091E211F091E311E80FF91FAA
:104D8000F093F011E093EF11820F931F9093E711CE
:104D90008093E6110C94C71865E172E088EF92E009
:104DA0000E9439420C943C0D65E172E081E994E087
:104DB0000E9439420C94F613E091E211F091E31154
:104DC000E80FF91FF093F011E093EF11820F931F9A
:104DD0009093E7118093E6110C947412E091E21124
:104DE000F091E311EA0FFB1FF093F011E093EF1144
:104DF000A80FB91FB093E711A093E6110C945313B9
:104E00000091A3111091A4112091A5113091A61128
:104E1000400F511F621F731F40938F1150939011C9
:104E200060939111709392110C94C11D00919F1188
:104E30001091A0112091A1113091A211400F511F8A
:104E4000621F731F40938B1150938C1160938D11CF
:104E500070938E1179CA0091A7111091A811209119
:104E6000A9113091AA11400F511F621F731F409367
:104E700093115093941160939511709396110C9423
:104E8000E81D00919F111091A0112091A111309166
:104E9000A211400F511F621F731F40938B1150933B
:104EA0008C1160938D1170938E11C6CA0091A71159
:104EB0001091A8112091A9113091AA11400F511FF2
:104EC000621F731F40939311509394116093951137
:104ED000709396110C94501B220F331FF901E25B63
:104EE000FF4E2081318140E050E00C94CB0C0091CA
:104EF000A3111091A4112091A5113091A611400F7A
:104F0000511F621F731F40938F1150939011609334
:104F10009111709392110C94291B0091A31110917F
:104F2000A4112091A5113091A611400F511F621FAD
:104F3000731F40938F115093901160939111709350
:104F400092110C94B5100091A7111091A811209105
:104F5000A9113091AA11400F511F621F731F409376
:104F600093115093941160939511709396110C9432
:104F7000DC1000919F111091A0112091A11130918E
:104F8000A211400F511F621F731F40938B1150934A
:104F90008C1160938D1170938E117ACAE091E21199
:104FA000F091E311E80FF91FF093F011E093EF1186
:104FB000820F931F9093E7118093E6110C942D15A7
:104FC0000091A3111091A4112091A5113091A61167
:104FD000400F511F621F731F40938F115093901108
:104FE00060939111709392110C943E1A0091A71145
:104FF0001091A8112091A9113091AA11400F511FB1
:10500000621F731F409393115093941160939511F5
:10501000709396110C949F0B0091A7111091A811F9
:105020002091A9113091AA11400F511F621F731FC7
:10503000409393115093941160939511709396112E
:105040000C94651A00919F111091A0112091A1114B
:105050003091A211400F511F621F731F40938B119B
:1050600050938C1160938D1170938E1163CA0091CF
:105070009F111091A0112091A1113091A211400F08
:10508000511F621F731F40938B1150938C116093BB
:105090008D1170938E1125CA0091A3111091A41146
:1050A0002091A5113091A611400F511F621F731F4F
:1050B00040938F11509390116093911170939211BE
:1050C0000C94780B0091A3111091A4112091A511BB
:1050D0003091A611400F511F621F731F40938F1113
:1050E0005093901160939111709392110C94CA1186
:1050F00000919F111091A0112091A1113091A21146
:10510000400F511F621F731F40938B1150938C11DE
:1051100060938D1170938E1181CA0091A711109127
:10512000A8112091A9113091AA11400F511F621F9F
:10513000731F409393115093941160939511709342
:1051400096110C94F1110091A3111091A4112091CA
:10515000A5113091A611400F511F621F731F40937C
:105160008F115093901160939111709392110C9440
:10517000A8150091A7111091A8112091A9113091A3
:10518000AA11400F511F621F731F40939311509338
:10519000941160939511709396110C94CF15009112
:1051A0009F111091A0112091A1113091A211400FD7
:1051B000511F621F731F40938B1150938C1160938A
:1051C0008D1170938E1153CA4091AB115091AC1157
:1051D0006091AD117091AE11840F951FA61FB71F7E
:1051E0008093971190939811A0939911B0939A116D
:1051F0000C940F1E4091AB115091AC116091AD1108
:105200007091AE11840F951FA61FB71F8093971141
:1052100090939811A0939911B0939A110C94771BC5
:10522000E091E211F091E311E80FF91FF093F01112
:10523000E093EF11820F931F9093E7118093E61193
:105240000C940020E091E211F091E311E80FF91FB6
:10525000F093F011E093EF11820F931F9093E711F9
:105260008093E6110C94450F4091AB115091AC1115
:105270006091AD117091AE11840F951FA61FB71FDD
:105280008093971190939811A0939911B0939A11CC
:105290000C9403118FEF9FEF0C94E21320914E10AA
:1052A00030914F1040E050E00C94CB0C00919B11DA
:1052B00010919C1120919D1130919E11400F511F12
:1052C000621F731F40938711509388116093891157
:1052D00070938A110C94991D4091AB115091AC11AF
:1052E0006091AD117091AE11840F951FA61FB71F6D
:1052F0008093971190939811A0939911B0939A115C
:105300000C94F61500919B1110919C1120919D1108
:1053100030919E11400F511F621F731F40938711E0
:10532000509388116093891170938A110C94011B1A
:1053300080913811882309F4A0C980913911909186
:105340003A11A0913B11B0913C118093D2119093EE
:10535000D311A093D411B093D51121E02093DB1188
:105360000C94340D4091AB115091AC116091AD1182
:105370007091AE11840F951FA61FB71F80939711D0
:1053800090939811A0939911B0939A110C94C60B15
:105390004091AB115091AC116091AD117091AE1173
:1053A000840F951FA61FB71F809397119093981194
:1053B000A0939911B0939A110C948C1A00919B119F
:1053C00010919C1120919D1130919E11400F511F01
:1053D000621F731F40938711509388116093891146
:1053E00070938A110C948C108091DB11882311F436
:1053F0000C94F6130C94E6131092E1111092E01144
:1054000082E08093E81180E195E0909361118093B0
:1054100060110C94B9144091AB115091AC11609192
:10542000AD117091AE11840F951FA61FB71F809309
:10543000971190939811A0939911B0939A110C948D
:10544000181200919B1110919C1120919D11309187
:105450009E11400F511F621F731F4093871150937D
:1054600088116093891170938A110C94151A009118
:105470009B1110919C1120919D1130919E11400F14
:10548000511F621F731F40938711509388116093BF
:10549000891170938A110C944F0BE091E211F091F5
:1054A000E311E80FF91FF093F011E093EF11820F71
:1054B000931F9093E7118093E6110C94811F009144
:1054C0009B1110919C1120919D1130919E11400FC4
:1054D000511F621F731F409387115093881160936F
:1054E000891170938A110C947F1500919B11109172
:1054F0009C1120919D1130919E11400F511F621FF0
:10550000731F409387115093881160938911709392
:105510008A110C94A1116FEF70E089E00E9402578C
:10552000D09351110E94FC57DC01CB018C0F911DCF
:10553000A11DB11D8093521190935311A09354114A
:10554000B09355110C9493140091A3111091A411D0
:105550002091A5113091A611400F511F621F731F9A
:1055600040938F1150939011609391117093921109
:105570000C94171C0091A7111091A8112091A9114A
:105580003091AA11400F511F621F731F4093931156
:105590005093941160939511709396110C943E1C46
:1055A00000919F111091A0112091A1113091A21191
:1055B000400F511F621F731F40938B1150938C112A
:1055C00060938D1170938E11D6C94091AB1150919B
:1055D000AC116091AD117091AE11840F951FA61F93
:1055E000B71F8093971190939811A0939911B0933E
:1055F0009A110C94651C00919B1110919C112091A3
:105600009D1130919E11400F511F621F731F4093D7
:105610008711509388116093891170938A110C94AB
:10562000EE1B8FEF9FEF0C94280D8FEF9FEFF4C8C8
:105630008FEF9FEF0C94D01384EA97E09093AE091C
:105640008093AD09DC010C94EE0D84EA97E0909311
:10565000AE098093AD09FC010C94CA2184EA97E05D
:105660009093AE098093AD09FC010C94BC2284EAAE
:1056700097E09093AE098093AD09DC010C947E18FD
:1056800084EA97E09093AE098093AD09DC010C9415
:10569000E11E84EA97E09093AE098093AD09FC0186
:1056A0001DC86FEF7FEF7093830360938203921B9B
:1056B0009F3F11F00C949F17425040937C030C9431
:1056C000A41784EA97E09093AE098093AD09FC019A
:1056D00056C884EA97E09093AE098093AD09DC0147
:1056E0000C940A1384EA97E09093AE098093AD0975
:1056F000DC010C94911684EA97E09093AE098093B4
:10570000AD09FC01CCC88FEF9FEF14CB8FEF9FEF5B
:105710000C94160DDA01A658BD4F0C944D1784EA6F
:1057200097E09093AE098093AD09DC010C94FC0ED8
:1057300084EA97E09093AE098093AD09FC0147C9D4
:1057400084EA97E09093AE098093AD09DC010C9454
:10575000B71F84EA97E09093AE098093AD09FC01EE
:1057600080C984EA97E09093AE098093AD09FC016B
:10577000CEC984EA97E09093AE098093AD09DC012D
:1057800055CA82818F5F828397CF92819F5F928378
:105790009A2F0C9473172F923F924F925F926F92B1
:1057A0007F928F929F92AF92BF92DF92EF92FF9281
:1057B0000F931F93CF93DF93CDB7DEB760970FB6EC
:1057C000F894DEBF0FBECDBFF89498E288E10FB623
:1057D000F894A895809360000FBE9093600080912C
:1057E00081008F7E8093810080918100886080930A
:1057F0008100809180008D7F809380008091800067
:105800008E7F80938000809180008F7380938000D2
:10581000809180008F7C8093800080918100887FC0
:1058200082608093810080E090E49093890080936F
:10583000880090938B0080938A00109285001092CC
:105840008400EAEBF3E1849190E0880F991FFC015A
:10585000EC58FC4E259134913093F4112093F311C0
:10586000FC01E658FB4E2591349130935A02209367
:105870005902805A9B4EFC01859194919093F211AC
:105880008093F111E0E0F4E1E491E09358029FB7D6
:10589000F894E091F111F091F21120818091580279
:1058A000822B80839FBF2FB7F894E0915902F0912B
:1058B0005A028081909158029095892380832FBF4E
:1058C000E5E9F3E1849190E0880F991FFC01EC5821
:1058D000FC4E259134913093F8112093F711FC017F
:1058E000E658FB4E2591349130932A1320932913C7
:1058F000805A9B4EFC01859194919093F611809370
:10590000F511EBEDF3E1E491E09328139FB7F894E0
:10591000E091F511F091F611208180912813822BEE
:1059200080839FBF2FB7F894E0912913F0912A1339
:105930008081909128139095892380832FBFE7E978
:10594000F3E1849190E0880F991FFC01EC58FC4E24
:10595000259134913093FF112093FE11FC01E658FC
:10596000FB4E259134913093FD112093FC11805A08
:105970009B4EFC01859194919093FB118093FA11B9
:10598000EDEDF3E1E491E093F9119FB7F894E09124
:10599000FA11F091FB1120818091F911822B808303
:1059A0009FBF9FB7F894E0910512F09106122081F5
:1059B00080910412822B80839FBFE3ECF3E18491FA
:1059C00090E0880F991FFC01EC58FC4E2591349112
:1059D0003093031220930212FC01E658FB4E2591EE
:1059E00034913093061220930512805A9B4EFC018D
:1059F000859194919093011280930012E9E0F4E173
:105A0000E491E09304129FB7F894E0910012F091B2
:105A10000112208180910412822B80839FBF9FB747
:105A2000F894E0910512F091061220818091041201
:105A3000822B80839FBF9FB7F894E0910B13F09166
:105A40000C13208180910A13822B80839FBFE9E988
:105A5000F3E1849190E0880F991FFC01EC58FC4E13
:105A60002591349130930A1220930912FC01E658D3
:105A7000FB4E2591349130930C1320930B13805AD5
:105A80009B4EFC018591949190930812809307128C
:105A9000EFEDF3E1E491E0930A139FB7F894E091FE
:105AA0000712F0910812208180910A13822B8083C3
:105AB0009FBF9FB7F894E0910B13F0910C132081D6
:105AC00080910A13822B80839FBFE2ECF3E18491E3
:105AD00090E0880F991FFC01EC58FC4E2591349101
:105AE00030930E1220930D12FC01E658FB4E2591C7
:105AF00034913093111220931012805A9B4EFC0166
:105B00008591949190930C1280930B12E8E0F4E14C
:105B1000E491E0930F129FB7F894E0910B12F0918B
:105B20000C12208180910F12822B80839FBF2FB790
:105B3000F894E0911012F0911112808190910F125F
:105B40009095892380832FBFE1ECF3E1849190E06D
:105B5000880F991FFC01EC58FC4E2591349130932D
:105B6000151220931412FC01E658FB4E2591349136
:105B70003093181220931712805A9B4EFC01859186
:105B800094919093131280931212E7E0F4E1E49160
:105B9000E09316129FB7F894E0911212F09113124D
:105BA000208180911612822B80839FBF2FB7F8949B
:105BB000E0911712F0911812808190911612909531
:105BC000892380832FBF62E082E30E94C156109236
:105BD000C0001092C50081E08093C4008091C10094
:105BE00080618093C1008091C10088608093C10072
:105BF0008091C10080688093C100E8E9F3E184915D
:105C000090E0880F991FFC01EC58FC4E25913491CF
:105C100030931E1320931D13FC01E658FB4E259173
:105C2000349130931C1320931B13805A9B4EFC011C
:105C30008591949190931A1380931913EEEDF3E1EB
:105C4000E491E09318139FB7F894E0911913F09141
:105C50001A13208180911813822B80839FBFE6E95D
:105C6000F3E1849190E0880F991FFC01EC58FC4E01
:105C7000259134913093171320931613FC01E658A5
:105C8000FB4E259134913093151320931413805AB1
:105C90009B4EFC0185919491909313138093121362
:105CA000ECEDF3E1E491E09311139FB7F894E091E8
:105CB0001213F0911313208180911113822B808392
:105CC0009FBF2FB7F894E0911413F09115138081C2
:105CD000909111139095892380832FBF10927E009D
:105CE00010927D0080917D00806280937D00809184
:105CF0007D00806480937D0087EC80937A008091A2
:105D00007A0086FDFCCF1092FF0F109200101092C7
:105D100001101092021010920310109204101092B1
:105D20000510109206101092071010920810109291
:105D3000091010920A1010920B1080E590E09093D9
:105D40007502809374028EE090E19093FE0F809331
:105D5000FD0F819A899A879A8F9880910A018260B3
:105D600080930A0180910B018D7F80930B013B9AF8
:105D700043980E9A16989FB7F894E091E612F09126
:105D8000E71220818091E512822B80839FBFE4EB94
:105D9000F3E1849190E0880F991FFC01EC58FC4ED0
:105DA0002591349130931C1220931B12FC01E6586C
:105DB000FB4E259134913093E7122093E612805ADE
:105DC0009B4EFC018591949190931A128093191225
:105DD000EAEFF3E1E491E093E5129FB7F894E091E4
:105DE0001912F0911A1220818091E512822B808382
:105DF0009FBF9FB7F894E091E612F091E7122081DF
:105E00008091E512822B80839FBF9FB7F894E09129
:105E1000E312F091E41220818091E212822B8083C0
:105E20009FBFE6ECF3E1849190E0880F991FFC019D
:105E3000EC58FC4E259134913093201220931F1280
:105E4000FC01E658FB4E259134913093E4122093E7
:105E5000E312805A9B4EFC018591949190931E12FF
:105E600080931D12ECE0F4E1E491E093E2129FB71D
:105E7000F894E0911D12F0911E1220818091E2129F
:105E8000822B80839FBF9FB7F894E091E312F0913B
:105E9000E41220818091E212822B80839FBF9FB702
:105EA000F894E091E012F091E11220818091DF12EC
:105EB000822B80839FBFECECF3E1849190E0880F0C
:105EC000991FFC01EC58FC4E25913491309324121B
:105ED00020932312FC01E658FB4E25913491309318
:105EE000E1122093E012805A9B4EFC01859194911F
:105EF0009093221280932112E2E1F4E1E491E09385
:105F0000DF129FB7F894E0912112F09122122081C4
:105F10008091DF12822B80839FBF9FB7F894E0911E
:105F2000E012F091E11220818091DF12822B8083B8
:105F30009FBF9FB7F894E091DD12F091DE122081AF
:105F40008091DC12822B80839FBFECEAF3E1849185
:105F500090E0880F991FFC01EC58FC4E259134917C
:105F60003093281220932712FC01E658FB4E25910E
:105F700034913093DE122093DD12805A9B4EFC0147
:105F8000859194919093261280932512E2EFF3E18C
:105F9000E491E093DC129FB7F894E0912512F09120
:105FA000261220818091DC12822B80839FBF9FB7B5
:105FB000F894E091DD12F091DE1220818091DC12E4
:105FC000822B80839FBF9FB7F894E091DA12F09103
:105FD000DB1220818091D912822B80839FBFE6EA59
:105FE000F3E1849190E0880F991FFC01EC58FC4E7E
:105FF0002591349130932C1220932B12FC01E658FA
:10600000FB4E259134913093DB122093DA12805AA3
:106010009B4EFC018591949190932A1280932912B2
:10602000ECEEF3E1E491E093D9129FB7F894E0919C
:106030002912F0912A1220818091D912822B80831B
:106040009FBF9FB7F894E091DA12F091DB122081A4
:106050008091D912822B80839FBFE1E9F3E1849183
:1060600090E0880F991FFC01EC58FC4E259134916B
:106070003093D8122093D712FC01E658FB4E25919D
:1060800034913093301220932F12805A9B4EFC0192
:106090008591949190932E1280932D12E7EDF3E168
:1060A000E491E093D6122FB7F894E0912D12F0917D
:1060B0002E1280819091D6129095892380832FBFD4
:1060C0009FB7F894E0912F12F091301220818091C7
:1060D000D612822B80839FBFE8EBF3E1849190E09E
:1060E000880F991FFC01EC58FC4E25913491309398
:1060F000D5122093D412FC01E658FB4E2591349121
:106100003093341220933312805A9B4EFC018591B8
:1061100094919093321280933112EEEFF3E1E49177
:10612000E093D3122FB7F894E0913112F09132122C
:1061300080819091D3129095892380832FBF9FB740
:10614000F894E0913312F091341220818091D312AF
:10615000822B80839FBFE0EAF3E1849190E0880F77
:10616000991FFC01EC58FC4E259134913093D212CA
:106170002093D112FC01E658FB4E259134913093C7
:10618000381220933712805A9B4EFC0185919491CE
:106190009093361280933512E6EEF3E1E491E093AA
:1061A000D0122FB7F894E0913512F0913612808119
:1061B0009091D0129095892380832FBF9FB7F89438
:1061C000E0913712F091381220818091D012822B09
:1061D00080839FBFE9EBF3E1849190E0880F991FE2
:1061E000FC01EC58FC4E259134913093CF12209352
:1061F000CE12FC01E658FB4E2591349130933C12AF
:1062000020933B12805A9B4EFC0185919491909370
:106210003A1280933912EFEFF3E1E491E093CD125B
:106220002FB7F894E0913912F0913A128081909151
:10623000CD129095892380832FBF9FB7F894E0916A
:106240003B12F0913C1220818091CD12822B8083F1
:106250009FBF809A8898869A8E9880910A0188605C
:1062600080930A0180910B01877F80930B01399AFB
:1062700041980C9A14987894D12C50EA252E312C00
:1062800010928F0310928C031092910385E993E092
:1062900090938E0380938D030E94FC574B015C0109
:1062A00000918D0310918E0385E3F801828361E0F4
:1062B0000E94C15661E0F80182810E948E56E091F1
:1062C0008D03F0918E0382E58083118280918F038C
:1062D000882309F485C1E0918D03F0918E0361E07C
:1062E00082810E948E568AE09FEF9EBD0DB407FE0C
:1062F000FDCF8150D1F7E0918D03F0918E0360E0E6
:1063000082810E948E560AE07DEFF72E1FEF20E07B
:1063100030E0A90160E08CE893E00E94A65581304E
:1063200009F46EC1015071F0FEBC0DB407FEFDCF43
:1063300088E092E01EBD0DB407FEFDCF2EB501979B
:10634000C9F7E5CF80E280938C0380918F03882387
:1063500021F08CE893E00E94F63F60918C0370E09E
:1063600080E090E00E94AA516091800383E0682E53
:10637000712C01E010E092E0892E912C24E0A22EF5
:10638000B12C44244A94542C42E7E42EF12C662389
:1063900089F180917A0290917B028B37910509F403
:1063A0006AC008F4ECC0833A910509F4CBC008F444
:1063B00012C1863A910509F4D3C0893A910509F0D2
:1063C000E6C061506093800361110EC090917C0320
:1063D00080917D03981741F06AE072E08EEA90E0C8
:1063E0000E9439426091800310927B0210927A02DF
:1063F0006111CFCF1092800310927D0310927C0325
:10640000A89568EB7BE080E090E00E94C557D394AC
:10641000F5E0DF1235CF68E083E00E9404490E9476
:10642000D3400E9491530E94FC5760933D12709399
:106430003E1280933F129093401260960FB6F894EC
:10644000DEBF0FBECDBFDF91CF911F910F91FF90A7
:10645000EF90DF90BF90AF909F908F907F906F9064
:106460005F904F903F902F9008958BE790E090932E
:106470007B0280937A028091C00085FF88CF2091B3
:1064800081032093C600E0917D03EF5FE0937D03DD
:1064900080917E0390917F038227082E8295807FD2
:1064A0008025092E982F82958F700826869598272B
:1064B0008927880F880F880F802590937F0380930A
:1064C0007E0320917C03E21761F0F0E0E658FD4F77
:1064D0008281809381038111C8CF80917E03909146
:1064E0007F03492F552750938903409388039C01CC
:1064F000332730938B0320938A03892B09F075C0CF
:10650000B0928703A09286034F5F5F4F5093890339
:10651000409388032F5F3F4F30938B0320938A0370
:1065200030927B0220927A028091C00085FF2FCFAB
:10653000809186038093C600E3EAF0E0F0937B024B
:10654000E0937A028091C00085FF21CF80918A0379
:106550008093C60086EA90E090937B0280937A0253
:106560008091C00085FF13CF809188038093C6007F
:10657000E9EAF0E0F0937B02E0937A0222CF8C36D6
:10658000910551F082379105B9F0892B29F050928D
:106590007B0240927A02FBCEE0917D0381E08E0F78
:1065A00080937D03F0E0E658FD4F82818093810364
:1065B000F0927B02E0927A028091C00085FFE7CEE4
:1065C000809181038093C60050927F0340927E03A6
:1065D000E0917D037ACF803A910509F4A5CFD7CF1A
:1065E0008CE893E00E94084076CE452BC9F4909247
:1065F000870380928603109389030093880390CFCA
:1066000021E030E040E050E06BE38CE893E00E9452
:10661000A655182F813059F088E380938C0395CECE
:10662000232B09F1109387030093860379CF2AEA7D
:1066300031E040E050E068E08CE893E00E94A6552D
:106640008530D1F084E02FEF2EBD0DB407FEFDCFD5
:106650009EB5909390038150B9F79A3A71F185E213
:1066600080938C0372CE709287036092860310939E
:106670008B0300938A0354CF10939103412C512C28
:10668000320120E030E0A90167E38CE893E00E944A
:10669000A655A301920169E28CE893E00E94A655F9
:1066A0008823A1F00E94FC5768197909613D774061
:1066B00040F383E480938C0348CE82E0809391037F
:1066C000412C512C612C60E4762EDBCF809191031C
:1066D000823049F180918F03882321F08CE893E088
:1066E0000E94F63FE0918D03F0918E0380E5808358
:1066F00081E0818380919103833051F189E080931F
:106700009203BE016F5F7F4F8CE893E00E94BB5302
:106710008823B9F08B8586FF14C085E080939303AE
:10672000809394037ECE20E030E0A9016AE38CE8F8
:1067300093E00E94A655882371F087E380938C0331
:1067400004CE61E272E086E991E00E943942E5CF31
:1067500010929203D6CF8FEF8EBD0DB407FEFDCF02
:106760008EB5807C803C19F483E08093910383E0B4
:106770009FEF9EBD0DB407FEFDCF2EB58150C9F72A
:10678000A9CF2F923F924F925F926F927F928F92FA
:106790009F92AF92BF92CF92DF92EF92FF920F93B0
:1067A0001F93CF93DF9300D01F92CDB7DEB7109227
:1067B000E7111092E6111092E5111092E411209168
:1067C000AA093091AB090FEF1FEF66246A94772472
:1067D0007394E9E05E2EF2E04F2EEE24E394F12C68
:1067E000B9EE2B2E312C8CEBC82ED12C2115310576
:1067F000B1F080919803909199038C3B910509F435
:1068000055C0893E910509F4CEC1892B09F43DC2DA
:1068100010939903009398032115310551F71092B5
:10682000A0051092A1051092A2051092A305109246
:106830009B0510929A051092A4091092A509109236
:10684000A6091092A7091092AC0981E090E0A0E09F
:10685000B0E080939C0590939D05A0939E05B09316
:106860009F050F900F900F900F90DF91CF911F9188
:106870000F91FF90EF90DF90CF90BF90AF909F90DF
:106880008F907F906F905F904F903F902F900895E2
:106890000E94FC576093BF097093C0098093C1099F
:1068A0009093C209D0929903C09298030E94FC571A
:1068B0006093AF097093B0098093B1099093B209C6
:1068C0008091AD099091AE09845A954009F405C5AF
:1068D0008091A4099091A509A091A609B091A7095A
:1068E00029E0B695A795979587952A95D1F79C01AC
:1068F000AD012F5F3F4F4F4F5F4F8091910383302A
:1069000039F089E0220F331F441F551F8A95D1F7B4
:1069100061E18CE893E00E94A655882309F4C7C280
:1069200080E380938C0380918F03882321F08CE88F
:1069300093E00E94F63F80919303815080939303EC
:10694000882309F475C50E94FC578090AF09909088
:10695000B009A090B109B090B209DC01CB0188194F
:106960009909AA09BB094091B3095091B4096091F2
:10697000B5097091B6094F5F5F4F6F4F7F4F4093DE
:10698000B3095093B4096093B5097093B609409167
:10699000B7095091B8096091B9097091BA09480FC7
:1069A000591F6A1F7B1F4093B7095093B809609322
:1069B000B9097093BA094091BB095091BC09609123
:1069C000BD097091BE09481759076A077B0740F453
:1069D0008093BB099093BC09A093BD09B093BE09F5
:1069E0008090900390908C0370917C0360917D0364
:1069F000872F861B8F3F11F40C945A3DE1E0E70F7F
:106A0000E0937C03A72FB0E0A658BD4F12961C92CE
:106A10008E2F861B8F3F09F4FCC682E0870F809380
:106A20007C03F0E0E658FD4F5282282F30E030938F
:106A3000850320938403982F961B9F3F11F40C9499
:106A4000143E43E0470F40937C03D901A658BD4F45
:106A500012967C921297842F90E0B42EB61A9093DF
:106A6000830380938203FFEFBF1611F40C945F3E03
:106A700044E0470F40937C03FC01E658FD4F7282CF
:106A800012968C9112978F5F12968C931297828137
:106A90008F5F8283842F861B8F3F11F40C94523EAC
:106AA0007B5F70937C03E42FF0E0E658FD4F528249
:106AB000B72EB61A12968C9112978F5F12968C93FE
:106AC0001297992009F409C780918203909183035A
:106AD000AC01552746585D4FFA01A280A394A282CB
:106AE000FFEFBF1609F4C2C741E0470F40937C0394
:106AF000E72FF0E0E658FD4F9282B42EB61A1296B8
:106B00005C9112975F5F12965C93019609F4E4C65C
:106B1000882009F4CDC68091820390918303DC0123
:106B2000BB27A658BD4F12962C9112972F5F129635
:106B30002C9312972FEFB21609F481C771E0740FEE
:106B400070937C03E42FF0E0E658FD4F8282409181
:106B50008403509185039A013327F901E658FD4FCC
:106B600022812F5F2283761B7F3F09F4ACC60196FA
:106B700011F012966C92809180038F5F8093800356
:106B80002091AA093091AB0931CE0E94FC57609345
:106B9000DF097093E0098093E1099093E209309254
:106BA0009903209298030E94FC576093CF09709339
:106BB000D0098093D1099093D20980909C05909040
:106BC0009D05A0909E05B0909F05809178029091C0
:106BD0007902892B09F085C08CE893E00E947855F2
:106BE000882309F439C20E94FC578090CF09909005
:106BF000D009A090D109B090D209DC01CB0188194D
:106C00009909AA09BB094091D3095091D40960910F
:106C1000D5097091D6094F5F5F4F6F4F7F4F4093FB
:106C2000D3095093D4096093D5097093D609409144
:106C3000D7095091D8096091D9097091DA09480FA4
:106C4000591F6A1F7B1F4093D7095093D80960933F
:106C5000D9097093DA094091DB095091DC09609100
:106C6000DD097091DE09481759076A077B0740F470
:106C70008093DB099093DC09A093DD09B093DE09D2
:106C80002091AA093091AB09B1CD2130310509F429
:106C9000FFCD2230310509F478CF8091AC09811104
:106CA0001BC04091A0055091A1056091A205709173
:106CB000A3058091A4099091A509A091A609B0917E
:106CC000A709481759076A077B0731F0F092AB090B
:106CD000E092AA0921E030E0109299031092980303
:106CE00085CD8CE893E00E94785581117CCF20E01F
:106CF00030E0A9016DE08CE893E00E94A65588235E
:106D000009F4E3C26091900330917C0320917D03EC
:106D1000832F821B8F3F09F4FEC5E1E0E30FE09370
:106D20007C03A32FB0E0A658BD4F12961C928E2F65
:106D3000821B8F3F09F40EC772E0730F70937C03C0
:106D4000F0E0E658FD4F83E08283872F90E0909338
:106D5000850380938403472F421B4F3F09F47CC770
:106D600043E0942E930E90927C03DC01A658BD4F15
:106D700012967C921297492D50E05C834B83792DBB
:106D8000721B50938303409382037F3F09F467C7CC
:106D900074E0730F70937C0346585D4F5A01FA01FB
:106DA000728212969C901297939412969C921297CC
:106DB0004B815C81928093949282972E921AFFEF7E
:106DC0009F1609F471C73B5F30937C03472F50E057
:106DD00046585D4F7CE0FA017283732F721B129646
:106DE0004C9112974F5F12964C931297F501428186
:106DF0004F5F42837F3F09F4A1C671E0730F709328
:106E00007C03E32FF0E0E658FD4F39E23283372F61
:106E1000321B12964C9112974F5F12964C93662339
:106E200009F477C6DC01A658BD4F8090820390908C
:106E30008303A401552746585D4FFA01B280B394ED
:106E4000B2823F3F09F4E9C631E0370F30937C034B
:106E5000E72FF0E0E658FD4F628312966C9112978F
:106E60006F5F12966C93321B3F3F09F482C68920F4
:106E7000809419F0DA0112966C92809180038F5FF2
:106E8000809380030E94D34080918F03882321F058
:106E90008CE893E00E94F63F1092790210927802FB
:106EA00085E08093940392E0892E912C3FC140E0CD
:106EB00052E064EA75E08CE893E00E944940882340
:106EC00009F431CD80918F038111E9C585E080936C
:106ED00093030E94FC578090AF099090B009A09056
:106EE000B109B090B209DC01CB0188199909AA094E
:106EF000BB094091B3095091B4096091B5097091F3
:106F0000B6094F5F5F4F6F4F7F4F4093B309509368
:106F1000B4096093B5097093B6094091B7095091CF
:106F2000B8096091B9097091BA09480F591F6A1FD1
:106F30007B1F4093B7095093B8096093B9097093C8
:106F4000BA094091BB095091BC096091BD0970918B
:106F5000BE09481759076A077B0740F48093BB09AD
:106F60009093BC09A093BD09B093BE090E94FC5741
:106F70008090BF099090C009A090C109B090C2094B
:106F8000DC01CB0188199909AA09BB094091C30901
:106F90005091C4096091C5097091C6094F5F5F4F58
:106FA0006F4F7F4F4093C3095093C4096093C50945
:106FB0007093C6094091C7095091C8096091C909E9
:106FC0007091CA09480F591F6A1F7B1F4093C70958
:106FD0005093C8096093C9097093CA094091CB09BD
:106FE0005091CC096091CD097091CE09481759078D
:106FF0006A077B0740F48093CB099093CC09A09358
:10700000CD09B093CE098091A0059091A105A091E2
:10701000A205B091A3054091A4095091A5096091E2
:10702000A6097091A709841B950BA60BB70B8115B8
:1070300042E09407A105B10510F080E092E0909342
:10704000A9098093A8091092AB091092AA0970921D
:10705000AC0920E030E040CEA501940100909203FD
:1070600004C0220F331F441F551F0A94D2F768E152
:107070008CE893E00E94A6558111B3C2AAE9B3E05F
:1070800080E090E02D91E92FFF27E227EE0FFF1F10
:10709000EC58FE4E25913491982F8827822793270C
:1070A000F5E0AA39BF0771F72EEF2EBD0DB407FE2C
:1070B000FDCF20919A032EBD20919B03ECE9F3E0D4
:1070C0000DB407FEFDCF2EBD2AE935E02E173F0790
:1070D00011F02191F5CF0DB407FEFDCF9EBD0DB48B
:1070E00007FEFDCF8EBD0DB407FEFDCF6EBC0DB407
:1070F00007FEFDCF8EB5809390038F71853009F424
:107100002DC387E580938C0380918F03882319F02A
:107110008CE893E06BD78091940381508093940323
:10712000882309F42DC488248394912C0E94FC5751
:107130002091CF093091D0094091D1095091D209C5
:10714000DC01CB01821B930BA40BB50B4091D3093F
:107150005091D4096091D5097091D6094F5F5F4F66
:107160006F4F7F4F4093D3095093D4096093D50953
:107170007093D6094091D7095091D8096091D909E7
:107180007091DA09480F591F6A1F7B1F4093D70976
:107190005093D8096093D9097093DA094091DB09BB
:1071A0005091DC096091DD097091DE09481759079B
:1071B0006A077B0740F48093DB099093DC09A09376
:1071C000DD09B093DE098A94892809F4C9C00E94B8
:1071D000FC578090DF099090E009A090E109B09001
:1071E000E209DC01CB0188199909AA09BB09409180
:1071F000E3095091E4096091E5097091E6094F5F58
:107200005F4F6F4F7F4F4093E3095093E4096093C2
:10721000E5097093E6094091E7095091E80960910A
:10722000E9097091EA09480F591F6A1F7B1F4093B3
:10723000E7095093E8096093E9097093EA094091DE
:10724000EB095091EC096091ED097091EE09481736
:1072500059076A077B0740F48093EB099093EC0988
:10726000A093ED09B093EE098091A0059091A1053E
:10727000A091A205B091A3059E5FAF4FBF4F809331
:10728000A0059093A105A093A205B093A305109229
:107290009B0510929A0580919C0590919D05A09167
:1072A0009E05B0919F050196A11DB11D80939C057F
:1072B00090939D05A0939E05B0939F051092AB09F6
:1072C0001092AA0920E030E007CD6EBC0DB407FE95
:1072D000FDCF8EB5811116CDD7CD8091A4099091A7
:1072E000A509A091A609B091A70979E0B695A7953F
:1072F000979587957A95D1F79C01AD012F5F3F4F08
:107300004F4F5F4F80919103833039F069E0220F36
:10731000331F441F551F6A95D1F761E18CE893E054
:107320000E94A655882309F496C380E380938C03BA
:1073300080918F03882319F08CE893E057D68091D1
:1073400093038150809393038111FDCA2091900390
:1073500040918C0369E083E00E94E65324D7F3CA8E
:107360008090900390908C0370917C0360917D03DA
:10737000872F861B8F3F09F496C3E1E0E70FE09368
:107380007C03A72FB0E0A658BD4F12961C928E2FFB
:10739000861B8F3F09F46FC242E0470F40937C0386
:1073A000F0E0E658FD4F5282242F30E03093850301
:1073B00020938403842F861B8F3F09F438C443E055
:1073C000470F40937C03D901A658BD4F12967C927B
:1073D0001297842F90E0B42EB61A90938303809373
:1073E0008203EFEFBE1609F46AC444E0470F4093EE
:1073F0007C03FC01E658FD4F728212968C91129725
:107400008F5F12968C93129782818F5F8283842F75
:10741000861B8F3F09F446C47B5F70937C03E42F87
:10742000F0E0E658FD4F8CE08283B72EB61A42CBCF
:107430008090900390908C03E0917C0360917D0399
:107440008E2F861B8F3F09F491C131E03E0F3093A0
:107450007C038E2F90E086589D4FDC0112961C9283
:10746000832F861B8F3F09F46DC322E02E0F2093DC
:107470007C03A32FB0E0A658BD4F83E012968C93F7
:10748000422F50E05093850340938403822F861B44
:107490008F3F09F4D9C383E08E0F80937C039A0158
:1074A00026583D4F5901D90112967C92282F30E081
:1074B000782F761B30938303209382037F3F09F458
:1074C000E7C384E08E0F80937C0326583D4FD9019B
:1074D00012967C92D50112969C9112979F5F1296FC
:1074E0009C93D90112969C9112979F5F12969C9340
:1074F000982F961B9F3F09F4C9C3EB5FE0937C0371
:1075000090E086589D4FDC0112965C927E2F761B90
:10751000D50112968C9112978F5F12968C939920B9
:1075200009F4D8C280918203909183039C01332790
:1075300026583D4FD9011296FC911297FF5F129683
:10754000FC937F3F09F450C321E02E0F20937C036E
:10755000F0E0E658FD4F9282722F761BD50112960D
:107560003C9112973F5F12963C93019609F4B1C289
:10757000882009F4A6C28091820390918303DC01E4
:10758000BB27A658BD4F12963C9112973F5F1296AB
:107590003C9312977F3F09F42CC371E0720F7093F4
:1075A0007C03E22FF0E0E658FD4F82824091840395
:1075B000509185039A013327F901E658FD4F228146
:1075C0002F5F2283761B7F3F09F41FC1019611F0C4
:1075D00012966C92809180038F5F80938003E3D535
:1075E000B2C98090900340917C0350917D03842F19
:1075F000851B8F3F09F4CFC2E1E0E40FE0937C03E9
:10760000A42FB0E0A658BD4F12961C928E2F851B5A
:107610008F3F09F4FAC262E0640F60937C03F0E0EC
:10762000E658FD4F83E08283862F90E09093850398
:1076300080938403262F251B2F3F09F40AC3B3E050
:10764000BB2EB40EB0927C03FC01E658FD4F728253
:107650006B2D70E0AB2CA51A7093830360938203AB
:10766000AFEFAA1609F43FC3A4E0BA2EB40EB0924D
:107670007C039B0126583D4FD90112967C92B28122
:10768000BF5FB283D9011296AC901297A394129661
:10769000AC92BB2DB51BBF3F09F422C34B5F409397
:1076A0007C03AB2DB0E0A658BD4F6CE012966C93F6
:1076B000A42EA51A62816F5F6283D90112966C9124
:1076C00012976F5F12966C93BFEFAB1609F457C217
:1076D00099249394940E90927C03A42FB0E0A65822
:1076E000BD4F22E312962C93492D451B22812F5F1B
:1076F0002283882009F415C2FC01E658FD4F6091F1
:107700008203709183039B01332726583D4FD90193
:107710001296BC901297B3941296BC924F3F09F404
:1077200089C241E0490D40937C03A92DB0E0A658E1
:10773000BD4F12968C92A281AF5FA283451B4F3F33
:1077400009F4F6C16F3F7F4F11F0F9016282809119
:1077500080038F5F8093800326D590CC8CE893E0E4
:1077600092D4F0927902E09278023DCA8E2F90E096
:107770004091840350918503909383038093820307
:107780005527DA01A658BD4F5D0112962C9112972C
:107790002F5F12962C9386589D4FDC0112962C91E8
:1077A00012972F5F12962C93D50112968C911297F7
:1077B0008F5F12968C93992009F4DFC18091820328
:1077C000909183039C01332726583D4FD90112968F
:1077D0004C9112974F5F12964C93D50112962C91B3
:1077E00012972F5F12962C938F3FBFEF9B0709F4E0
:1077F0005DC22E2F7FEF8110C2CE109383030093C2
:1078000082034091840350918503425040937C034E
:10781000E6CE2E2F30E0A0918403B09185037E2F19
:107820003093830320938203BB27A658BD4F129643
:107830008C9112978F5F12968C931297F901E658EC
:10784000FD4F82818F5F828312968C9112978F5F9A
:1078500012968C931297992009F484C18091820327
:10786000909183039C013327F901E658FD4F228153
:107870002F5F2283FEC08E2F90E0209184033091F1
:1078800085037E2F90938303809382033327D9014E
:10789000A658BD4F12962C9112972F5F12962C93DB
:1078A0001297FC01E658FD4F82818F5F8283CCCF17
:1078B0001093830300938203FFEFBF125CC94091D2
:1078C000840350918503425040937C032091AA0980
:1078D0003091AB090C94F633742FD901A658BD4FE3
:1078E000872F90E09093830380938203EFEFBE167F
:1078F00009F422C141E0470F40937C03FC01E658A4
:10790000FD4F7282B42EB61A12968C9112978F5F29
:1079100012968C93FDC8432F50E080918403909180
:1079200085035093830340938203DC01BB27A65851
:10793000BD4F12967C9112977F5F12967C9312979F
:10794000FA01E658FD4F72817F5F728312967C9137
:1079500012977F5F12967C931297FA01E658FD4FBB
:1079600072817F5F728312964C9112974F5F1296CD
:107970004C931297662309F4F8C0732F3FEF55CA52
:107980009090900380908C03109383030093820364
:1079900080917C0340917D03982F941B9F3F39F188
:1079A00021E0280F20937C03E82FF0E0E658FD4FFC
:1079B0001282922F941B9F3FD1F092E0980F9093E8
:1079C0007C03E22FF0E0E658FD4F23E02283292FCD
:1079D00030E03093850320938403941B9F3F39F05C
:1079E0008D5F80937C03F901E658FD4F72828CE035
:1079F0000E945950882D0E945950892D0E9459503B
:107A000080917C0390917D03891B8F3F09F416C1FF
:107A100080918203909183038F3F3FEF930729F07A
:107A20009927FC01E658FD4F6282809180038F5FA9
:107A300080938003B8D388248394912C77CB409192
:107A4000840350918503FA01FF27E658FD4F828198
:107A50008F5F828338CF40E052E064EA77E08CE8C1
:107A600093E017D3882309F463CC2CCAD901A65814
:107A7000BD4F12962C9112972F5F12962C9312974E
:107A80008F3FFFEF9F0709F4F7C0472FBB24BA943D
:107A9000811045C8109383030093820310CF8CE8B4
:107AA00093E0A4D213CA872F90E0209184033091F1
:107AB0008503E8CE272F30E0A0918403B0918503A1
:107AC000AFCE10938303009382037F3F09F082CDF2
:107AD00098CEE22F9A0126583D4F59018E2F90E003
:107AE00090938303809382037F3F09F4B0C021E029
:107AF0002E0F20937C03FC01E658FD4F7282722FFB
:107B0000761BD50112968C9112978F5F12968C93EB
:107B10002FCD10938303009382033F3F09F0ADC93B
:107B200028C010938303009382034F3F09F00FCEC8
:107B3000825080937C0310CE472FE6CEDC01A658FE
:107B4000BD4F11CF832F90E0409184035091850366
:107B5000E32F12CE4E2F50E0809184039091850345
:107B60003E2FDFCEBB24BA94BBCE10938303009389
:107B70008203825080937C0385C97FEFAFCFFC01E5
:107B8000E658FD4F22812F5F2283882009F4A3C08D
:107B9000942E4FEFB4CD842F90E020918403309148
:107BA00085039093830380938203F901FF27E658AE
:107BB000FD4F62816F5F6283BC01DC01A658BD4F3F
:107BC00012968C9112978F5F12968C9382818F5FA1
:107BD0008283DB01A658BD4F12968C9112978F5F5E
:107BE00012968C93C901CECF9A0126583D4F590168
:107BF000F4CD4091840350918503FA01FF27E658A4
:107C0000FD4F82818F5F828300CE8E2F90E0209186
:107C10008403309185034E2FC4CF12962C91129776
:107C20002F5F12962C93A5CFD901782FF9CDC901DA
:107C3000742F28CE22812F5F22837ACF80918403F4
:107C4000825080937C03F6CECA01E22F95CD2E2F71
:107C500058CF9C01462FA5CFAC01372F62CE12968C
:107C60004C921297EB81FC81E658FD4F5F01328107
:107C70003F5F3283392DB3C8872F90E09093830301
:107C800080938203472FBB24BA943ECEE82F8CCD3D
:107C9000F5014282F901E658FD4F92819F5F928380
:107CA000E82F36CC742FD0CD372F50CE8E2F90E0CA
:107CB00090938303809382032E2F7FEF22CF12961F
:107CC0004C92129786589D4FFC0152815F5F528300
:107CD000742F0C945A35109383030093820328CF9A
:107CE0004B2D9C0173CF42829B0126583D4FD901F9
:107CF00012964C9112974F5F12964C934B2DDACC03
:107D00004F925F926F927F928F929F92AF92BF92AB
:107D1000CF92DF92EF92FF920F931F93CF93DF9357
:107D2000EC01FB0149015A0157FD37C16881798196
:107D30008A819B810E9451842B013C010C8004C0EC
:107D400076946794579447940A94D2F72091FF0F42
:107D500030910010409101105091021057FDFEC06B
:107D600060817181828193810E9451849B01AC0169
:107D7000048004C056954795379527950A94D2F705
:107D80002093FF0F30930010409301105093021086
:107D900080910D1081110CC0280D391D4A1D5B1DED
:107DA0002093FF0F30930010409301105093021066
:107DB00057FDB5C06D817E818F8198850E94518469
:107DC0006B017C01098404C0F694E794D794C794AE
:107DD0000A94D2F7C40CD51CE61CF71C8091031042
:107DE00090910410A0910510B0910610A501940186
:107DF000281B390B4A0B5B0B57FD72C06E857F85C4
:107E0000888999890E945184DC01CB010A8804C0C9
:107E1000B695A795979587950A94D2F74090071045
:107E2000509008106090091070900A10840D951DF4
:107E3000A61DB71D8093071090930810A0930910FA
:107E4000B0930A10B7FC0AC080913E1090E0A0E009
:107E5000B0E0C816D906EA06FB068CF18FEFC8160B
:107E6000D104E104F1049CF51C141D041E041F043C
:107E70000CF0B4C0C0920B1010920D10B6018AE045
:107E80000E9402578092031090920410A092051055
:107E9000B0920610D093FE0FC093FD0FDF91CF91EB
:107EA0001F910F91FF90EF90DF90CF90BF90AF9018
:107EB0009F908F907F906F905F904F9008956C018E
:107EC0007D018FEFC816D104E104F1046CF28FEF4D
:107ED00080930B1081E080930D106FEF70E0CFCF97
:107EE00050954095309521953F4F4F4F5F4F6E8590
:107EF0007F85888999890E945184DC01CB010A8899
:107F000004C0B695A795979587950A94D2F7B09532
:107F1000A095909581959F4FAF4FBF4F7FCF5095C4
:107F20004095309521953F4F4F4F5F4F6D817E813A
:107F30008F8198850E945184DC01CB01098404C0A3
:107F4000B695A795979587950A94D2F7CC24DD240A
:107F50007601C81AD90AEA0AFB0A3CCF5095409527
:107F6000309521953F4F4F4F5F4F608171818281E6
:107F700093810E945184DC01CB01048004C0B6953A
:107F8000A795979587950A94D2F722273327A901B9
:107F9000281B390B4A0B5B0BF3CE002711279801E6
:107FA000081919092A093B09688179818A819B810D
:107FB000A90198010E945184DC01CB010C8004C00E
:107FC000B695A795979587950A94D2F7442455249A
:107FD0003201481A590A6A0A7B0AB8CE10920B106D
:107FE00081E080930D1060E070E049CFCF93DF9384
:107FF000EC01E981FA8161E082810E948E568FEF67
:108000008EBD0DB407FEFDCF1B82DF91CF91089589
:10801000CF93DF93EC01E981FA8180818CBD81816E
:108020008DBDE981FA8160E082810E948E5681E0F7
:108030008B83DF91CF910895FF920F931F93CF937E
:10804000DF938B010E94FC57EB01FF24FA94FEBCE6
:108050000DB407FEFDCF8EB58F3F71F00E94FC5727
:108060006C1B7D0B0617170790F780E0DF91CF910F
:108070001F910F91FF90089581E0DF91CF911F91A3
:108080000F91FF900895FC012381211101C00895F3
:10809000ADCFBF92CF92DF92EF92FF920F931F93DB
:1080A000CF93DF93EC017B016A010E94FC578B01A7
:1080B000BB24BA94BEBC0DB407FEFDCF8EB58C8335
:1080C0008F3FC9F40E94FC57601B710B693E7340DF
:1080D00088F385E588838B81882319F0CE0186DFBC
:1080E00080E0DF91CF911F910F91FF90EF90DF9093
:1080F000CF90BF9008958E3F19F080E58883EBCF35
:10810000C114D104C9F0D60111978FEF8EBD10971D
:1081100009F447C0F701AE0DBF1D9FEF0DB407FE78
:10812000FDCF8EB59EBD8193EA17FB07B9F70DB45D
:1081300007FEFDCF8EB58C931C828FEF8EBD0DB4E4
:1081400007FEFDCF2EB530E0322F22278FEF8EBDF8
:108150000DB407FEFDCF8EB5282BC114D104F1F06C
:10816000D701CE0CDF1C80E090E04D91E92FFF2776
:10817000E427EE0FFF1FEC58FE4E45915491982FC7
:10818000882784279527AC15BD0579F72817390767
:1081900019F081E588839FCF81E0A3CF80E090E054
:1081A000F5CFD701C4CF2F923F924F925F926F923B
:1081B0007F928F929F92AF92BF92CF92DF92EF9277
:1081C000FF920F931F93CF93DF93F8940E9452581E
:1081D0000E94844F1092161110924C1110924B1164
:1081E0002091800339EAE32EF12C46EAC42ED12CEB
:1081F00053EA652E712C60EAA62EB12C44244394D8
:10820000512CE4E02E2E312CFBE78F2E912CCFEF5A
:10821000DFEF02E710E0222381F180917A02909152
:108220007B028B37910509F450C008F455C0833A9E
:10823000910509F46EC008F45DC0863A910509F411
:1082400074C0893A910509F050C0215020938003F1
:1082500021110DC090917C0380917D03981739F016
:108260006AE072E08EEA90E004D1209180031092DF
:108270007B0210927A022111D0CF109280031092CB
:108280007D0310927C03C8EED3E061E070E080E0F3
:1082900090E00E94C557A8952197B9F7DF91CF913B
:1082A0001F910F91FF90EF90DF90CF90BF90AF9014
:1082B0009F908F907F906F905F904F903F902F9006
:1082C000089590927B0280927A028091C00085FD91
:1082D00093C0209180039FCF8C369105A9F18237FE
:1082E000910509F441C0892B79F1D0937B02C093A9
:1082F0007A0291CF803A9105C1F78091C00085FF45
:10830000E8CF809186038093C60070927B026092D2
:108310007A028091C00085FFDCCF80918A03809330
:10832000C600D0927B02C0927A028091C00085FF85
:10833000D0CF809188038093C600F0927B02E092B8
:108340007A022091800381CFE0917D0381E08E0F3E
:1083500080937D03F0E0E658FD4F82818093810396
:1083600010937B0200937A028091C00085FF53CF67
:10837000809181038093C600D0937F03C0937E03D6
:10838000E0917D03F0E0E658FD4F82818093810308
:10839000811197CF80917E0390917F03292F3327FE
:1083A0003093890320938803AC01552750938B03A6
:1083B00040938A03892BA9F4309287032092860385
:1083C0002F5F3F4F30938903209388034F5F5F4FA8
:1083D00050938B0340938A03B0927B02A0927A025F
:1083E0008CCF232B09F42FC0452B09F437C05092B2
:1083F000870340928603F0CF209181032093C6002B
:10840000E0917D03EF5FE0937D0380917E03909187
:108410007F038227082E8295807F8025092E982F42
:1084200082958F700826869598278927880F880F50
:10843000880F802590937F0380937E0320917C0397
:10844000E213A0CFABCF82E090E0909387038093BC
:1084500086035092890340928803BECF83E090E068
:10846000909387038093860350928B0340928A03F4
:10847000B3CFCF92DF92EF92FF920F931F93CF93E0
:10848000DF931F921F92CDB7DEB78C016B01F8947A
:108490000E9452580E94844F1092800310927D03D4
:1084A00010927C0293E090937D0222E030E03093C2
:1084B00085032093840323E030E0309383032093EB
:1084C000820382E080937F0285E080937C0386E0D4
:1084D0008093800290937E021A83098383E090E068
:1084E00015E0DE011196BE016D5F7F4F45E0F42E71
:1084F00001E04D912F3F3F4F09F4C2C0442309F4DE
:10850000D2C09C01332726583D4FF90152815F5F4D
:108510005283FFEFFF1609F4EFC011E01F0DEF2D9E
:10852000F0E0E658FD4F4283312FF12E20917E027C
:108530002F5F20937E02A617B70709F09BC04F2D2F
:10854000909383038093820310937C03D6010D9054
:108550000020E9F711977D01EC18FD087E2D0196AA
:1085600009F4CCC0772309F4B8C0E0918203F091FC
:108570008303CF01992786589D4FDC0112962C91D9
:1085800012972F5F12962C933F3F09F4D4C001E05D
:10859000040F00937C03842F90E086589D4FDC01EC
:1085A0001296EC922091840330918503332726584C
:1085B0003D4FD90112968C9112978F5F12968C9332
:1085C0001C2DD601FF24F3944FEF5FEF23C0E09101
:1085D0008203F0918303FF27E658FD4F82818F5F6E
:1085E00082830F3F09F477C061E0600F60937C03E2
:1085F000E02FF0E0E658FD4F9283062FF9018281CB
:108600008F5F82838A2F811B871798F4E091820302
:10861000F09183039D91319609F449C09111D7CF10
:108620005093830340938203602F8A2F811B871707
:1086300068F36F3F09F45AC08091820390918303DD
:108640008F3FFFEF9F0731F09927FC01E658FD4F60
:108650008FEF8283809180038F5F809380030F90E0
:108660000F90DF91CF911F910F91FF90EF90DF90CE
:10867000CF9099CD9C014D912F3F3F4F09F03ECFB8
:108680008F2D90E0EFEFFE1639F011E01F0DFC0189
:10869000E658FD4F0283F12E20917E022F5F20933A
:1086A0007E0241112ECF3F2D8FEF9FEF44CFC02E82
:1086B000D12CD0928303C09282030F3F39F00F5F19
:1086C00000937C03F601E658FD4FF282F9018281A6
:1086D0008F5F8283A3CF6FEF91CF8FEF9FEF909348
:1086E0008303809382033F3F09F0B4CF80918403DA
:1086F000825080937C03B3CF3FEF18CF842F90E05C
:1087000090938303809382033F3F49F04F5F4093F0
:108710007C03FC01E658FD4F21E02283342F809139
:108720008403909185039927FC01E658FD4F22812F
:108730002F5F228317CF042F35CF8F929F92AF9256
:10874000BF92CF92DF92EF92FF920F931F93CF933E
:10875000DF93EC018C859D858C3B910509F451C01C
:10876000893E910509F4E6C0892B91F08FEF9FEFC8
:108770009D878C8780E0DF91CF911F910F91FF90B3
:10878000EF90DF90CF90BF90AF909F908F90089523
:10879000FE01E25EF94F808191818130910521F1E6
:1087A000029709F4BAC0DE01A05EB94F8C91811125
:1087B00017C0AC50B4404D915D916D917C91139771
:1087C000AC5FBB4F8D919D910D90BC91A02D481732
:1087D00059076A077B0721F081E090E0918380834D
:1087E0001D861C8681E0C7CF0E94FC57FE01ED5C10
:1087F000F94F60837183828393838CEB90E09D8734
:108800008C870E94FC578E010D5D194FF801608323
:108810007183828393836E01F8EECF1AFDEFDF0A36
:10882000FE01EF5DF94F808191817E018C159D05E0
:1088300009F4B0C2F8EEEF1AF9EFFF0AF7018081F0
:108840009181A281B381F9E0B695A7959795879517
:10885000FA95D1F79C01AD012F5F3F4F4F4F5F4F0E
:108860008D81833039F0E9E0220F331F441F551FFB
:10887000EA95D1F761E1CE010E94A655882309F45B
:10888000F5C080E388838B81882311F0CE01AEDBB5
:108890008F8181508F83882309F4BFC20E94FC57C7
:1088A000F8010081118122813381DC01CB01801B21
:1088B000910BA20BB30BFE01E95DF94F0081118111
:1088C000228133810F5F1F4F2F4F3F4F0083118352
:1088D0002283338334960081118122813381080FF2
:1088E000191F2A1F3B1F0083118322833383349671
:1088F0000081118122813381081719072A073B075C
:1089000020F480839183A283B3832C81488169E022
:1089100089E00E94E65381E02ECF0E94FC57FE01C1
:10892000ED5AF94F608371838283938389EE90E0DF
:108930009D878C870E94FC577E012DEBE21A29EF60
:10894000F20AF70160837183828393838E01005F53
:108950001D4FF80180809180A280B38080917802C1
:1089600090917902892B09F440C0CE010E9478557C
:10897000882309F4D6C10E94FC57F70100811181B8
:1089800022813381DC01CB01801B910BA20BB30B45
:10899000FE01E95BF94F00811181228133810F5F74
:1089A0001F4F2F4F3F4F0083118322833383349611
:1089B0000081118122813381080F191F2A1F3B1F5B
:1089C0000083118322833383C15BD94F08811981CE
:1089D0002A813B81081719072A073B0720F488835F
:1089E0009983AA83BB8381E0C6CECE010E947855CD
:1089F0008111C1CFA50194010E8004C0220F331F45
:108A0000441F551F0A94D2F768E1CE010E94A65573
:108A10008111AFC1DE011E969E01225F3D4F80E0B5
:108A200090E04D91E92FFF27E427EE0FFF1FEC5850
:108A3000FE4E45915491982F882784279527A21799
:108A4000B30779F74EEF4EBD0DB407FEFDCF4E854F
:108A50004EBD4F85FE0170960DB407FEFDCF4EBD95
:108A6000E217F30709F4A0C04191F6CF40E052E0CD
:108A7000B601CE010EDB882309F405CF8B8181116D
:108A8000D3C285E08F830E94FC57F80100811181D9
:108A900022813381AB01BC01401B510B620B730B74
:108AA000FE01E95DF94F80819181A281B381019638
:108AB000A11DB11D80839183A283B38334968081ED
:108AC0009181A281B381840F951FA61FB71F808358
:108AD0009183A283B383349680819181A281B381F3
:108AE00084179507A607B70720F440835183628354
:108AF00073830E94FC57FE01ED5CF94F00811181E8
:108B000022813381DC01CB01801B910BA20BB30BC3
:108B1000349600811181228133810F5F1F4F2F4FC7
:108B20003F4F008311832283338334960081118168
:108B300022813381080F191F2A1F3B1F00831183D5
:108B40002283338334960081118122813381081777
:108B500019072A073B0720F480839183A283B383FC
:108B6000FE01EC5EFD4F80819181A281B381F7010E
:108B70004081518162817381841B950BA60BB70BD9
:108B80008115F2E09F07A105B10510F080E092E0A9
:108B9000FE01E45EF94F9183808332961182108248
:108BA00081E0329680831CCE0DB407FEFDCF9EBDC2
:108BB0000DB407FEFDCF8EBD0DB407FEFDCF8FEFC8
:108BC0008EBD0DB407FEFDCF8EB58C838F718530C1
:108BD00009F4D7C087E588838B81882311F0CE0103
:108BE00005DA888581508887882309F4E5C1CC247B
:108BF000C394D12C0E94FC57F70180809180A28001
:108C0000B380DC01CB0188199909AA09BB09FE01CF
:108C1000E95BF94F80809180A280B3802FEF821AA8
:108C2000920AA20AB20A80829182A282B382349608
:108C300080809180A280B380880E991EAA1EBB1EE0
:108C400080829182A282B382349680809180A280B9
:108C5000B38088169906AA06BB0620F48083918308
:108C6000A283B383CA94CD2809F4CFC00E94FC57D5
:108C7000FE01ED5AF94FC080D180E280F380DC0123
:108C8000CB018C199D09AE09BF093496C080D180F3
:108C9000E280F3802FEFC21AD20AE20AF20AC082FF
:108CA000D182E282F3823496C080D180E280F38068
:108CB000C80ED91EEA1EFB1EC082D182E282F38258
:108CC0003496C080D180E280F380C816D906EA06C7
:108CD000FB0620F480839183A283B383FE01EC5EC4
:108CE000FD4F80819181A281B3819E5FAF4FBF4FC5
:108CF00080839183A283B383369711821082F80117
:108D000080819181A281B3810196A11DB11D8083D3
:108D10009183A283B383FE01E25EF94F1182108238
:108D20005FCD20E030E0A9016DE0CE010E94A655A4
:108D30008823B1F02C8149E26CE083E00E94E65385
:108D400032DA8B81882311F0CE0150D9109279024A
:108D50001092780285E0888792E0C92ED12C4ACF04
:108D60008FEF8EBD0DB407FEFDCF8EB58111E2CF22
:108D7000E8CF2C8142E36CE083E00E94E65313DAF3
:108D800049CECE0180D981E090E090937902809322
:108D90007802F1CD28EEE21A29EFF20AF70180817C
:108DA0009181A281B38129E0B695A7959795879582
:108DB0002A95D1F79C01AD012F5F3F4F4F4F5F4F79
:108DC0008D81833039F0A9E0220F331F441F551FD6
:108DD000AA95D1F761E1CE010E94A655882309F436
:108DE00019C180E388838B81882311F0CE01FED8DE
:108DF0008F8181508F83811151CD2C81488169E011
:108E000083E00E94E653CFD949CD2C8148816CE0A4
:108E100089E00E94E65381E0AECC6C81788180913C
:108E20007C0390917D03282F291B2F3F09F42EC12D
:108E300041E0480F40937C03E82FF0E0E658FD4FF7
:108E40001282242F291B2F3F09F460C152E0580FD2
:108E500050937C03E42FF0E0E658FD4F23E022839B
:108E6000C52ED12CD0928503C0928403252F291BB7
:108E70002F3F09F46BC133E0380F30937C03D601E8
:108E8000A658BD4FFF24F3941296FC921297432FDD
:108E900050E0232F291B50938303409382032F3FDD
:108EA00009F465C124E0280F20937C0346585D4FE8
:108EB000FA01F28212963C9112973F5F12963C9310
:108EC000129732813F5F3283322F391B3F3F09F4C3
:108ED0004BC18B5F80937C0330E026583D4F49E0C7
:108EE000F9014283282F291B12963C9112973F5F6C
:108EF00012963C931297772309F4ACC040918203F9
:108F0000509183037A01FF24F701E658FD4F328127
:108F10003F5F32832F3F09F401C131E0380F3093B6
:108F20007C03E82EF12CF701E658FD4F7283232FC6
:108F3000291B12968C9112978F5F12968C934F3F3C
:108F40005F4F09F486C0662309F472C04091820322
:108F500050918303FA01FF27E658FD4F82818F5F0E
:108F600082832F3F09F4DEC081E0830F80937C036E
:108F7000A32FB0E0A658BD4F12966C9320918403A6
:108F800030918503D901BB27A658BD4F12966C912D
:108F900012976F5F12966C93891B8F3F09F455C02F
:108FA0004F3F5F4F11F08FEF8283809180038F5F7F
:108FB00080938003F8D872CCDC80C88083E00E9464
:108FC00065518CE00E9459508C2D0E9459508D2D76
:108FD0000E94595080917C0390917D03891B8F3FA3
:108FE00009F4ACC080918203909183038F3FFFEF1F
:108FF0009F0731F09927FC01E658FD4F8FEF8283E0
:10900000809180038F5F80938003CDD8CC24C3945C
:10901000D12CF0CD40E052E0BE01685E7B4FCE0126
:1090200038D881112BCDDFCECE010E94F63F29CD5D
:109030008FEF9FEF90938303809382032F3F09F07C
:10904000B4CF2091840330918503225020937C0378
:10905000B1CF832FF601E658FD4F482F50E05093D3
:109060008303409382032F3F09F46EC031E0380F31
:1090700030937C03DA01A658BD4F81E012968C93A1
:10908000232F291B82818F5F82835DCF282F30E0C1
:10909000C0908403D0908503309383032093820390
:1090A000F601FF27E658FD4F42814F5F4283D90109
:1090B000A658BD4F12962C9112972F5F12962C93A3
:1090C00022812F5F2283772309F443C040918203DA
:1090D00050918303DA01BB27A658BD4F12962C91FD
:1090E00012972F5F12962C9322812F5F22834F3F7E
:1090F0002FEF520781F1382F2FEF61112BCF8FEF18
:109100009FEF90938303809382039BCF242F30E0C3
:10911000C0908403D0908503842FBECFF601E6581B
:10912000FD4FE2CF2091840330918503F901FF27A1
:10913000E658FD4F82818F5F828387CF80918403C1
:10914000825080937C0361CF382F9CCF9601852F6E
:10915000A3CF2FEF82CF282F30E0309383032093CB
:109160008203382F2FEF8ECF822FFD01A9CF82E00F
:1091700012968C93129746585D4FFA0182818F5F49
:109180008283832FB1CE8FEF9FEF909383038093E1
:10919000820380917C0390917D03282F291B2F3F10
:1091A00069F1E1E0E80FA82FB0E0A658BD4F129694
:1091B0001C922E2F291B2F3F09F1F0E0E658FD4F9E
:1091C00026E0228322E0280F422F50E050938503AF
:1091D00040938403291B2F3F89F08D5F80937C038C
:1091E000FA01E658FD4F21E02283891B8F3F31F0C1
:1091F000809180038F5F8093800308958091840322
:10920000825080937C030895CF93DF93CFEFDFEFFD
:1092100090917C0320917D03392F321B3F3F09F44D
:1092200074C0E1E0E90FE0937C03A92FB0E0A658F9
:10923000BD4F12961C923E2F321B3F3F09F47CC05B
:1092400032E0390F30937C03F0E0E658FD4F828323
:10925000432F50E05093850340938403832F821B58
:109260008F3F09F471C083E0890F80937C03FA017A
:10927000E658FD4F31E03283A82FB0E0B09383036E
:10928000A0938203821B8F3F09F461C09C5F90937F
:109290007C03A658BD4F12963C931297392F321B70
:1092A00082818F5F8283662321F112968C911297BF
:1092B0008F5F12968C9312973F3F09F454C081E060
:1092C000890F80937C03C92FD0E0C658DD4F6A8395
:1092D00092819F5F9283821B8F3F89F08FEF12965E
:1092E0008C93809180038F5F80938003DF91CF9177
:1092F0000895D0938303C09382033F3F91F7425078
:1093000040937C03DF91CF910895A92FB0E0409165
:10931000840350918503B0938303A0938203FA01E1
:10932000FF27E658FD4F82818F5F8283662311F10C
:109330003FEFA658BD4FB9CFAE2FB0E040918403A8
:10934000509185039E2FE7CFDA01932FE4CF82E07F
:1093500082836623B1F0A658BD4F12968C91129766
:109360008F5F12968C9382818F5F828342504093ED
:109370007C03C8CF8FEF9FEF90938303809382038A
:10938000BECFD0938303C0938203B9CF8091F90EEF
:10939000811111C08091F80E81508093F80EE091F8
:1093A000F70E81E08E0F8093F70EF0E0EA50F24F57
:1093B00080818093F90E8F3FA9F08130C9F09091A0
:1093C000F80E91509093F80E81508093F90EE09131
:1093D000F70E81E08E0F8093F70EF0E0EA50F24F27
:1093E000808108958091F80E81508093F80EEFCF20
:1093F0001092F90E80E008951F920F920FB60F920F
:1094000011240BB60F922F933F934F935F936F935B
:109410007F938F939F93AF93BF93EF93FF9380912D
:10942000F10D9091F20D892B09F48FC08091F30D0D
:109430009091F40D90938B0080938A009093890013
:10944000809388008091F50D80FF15C0889A409127
:10945000FA125091FB126091FC127091FD124F5F55
:109460005F4F6F4F7F4F4093FA125093FB12609300
:10947000FC127093FD1281FF63C08E9A4091FE1220
:109480005091FF1260910013709101134F5F5F4F75
:109490006F4F7F4F4093FE125093FF126093001363
:1094A0007093011382FF1AC090910B019860909302
:1094B0000B01419A409102135091031360910413E0
:1094C000709105134F5F5F4F6F4F7F4F40930213B3
:1094D00050930313609304137093051383FF15C017
:1094E000149A4091061350910713609108137091DC
:1094F00009134F5F5F4F6F4F7F4F40930613509399
:109500000713609308137093091380FDF5C081FD64
:10951000F6C082FDF7C083FD16C0FF91EF91BF91A9
:10952000AF919F918F917F916F915F914F913F91FB
:109530002F910F900BBE0F900FBE0F901F9018959C
:1095400082FDB2CFCBCF1498E8CF8091F00D9091EF
:10955000EF0D981709F4F7C091E0980F9093F00D74
:1095600090E0880F991F880F991FFC01E151F64F79
:109570002281338130938B0020938A0030938900BD
:1095800020938800208127FDC6C0FC01E151F64FE1
:10959000318130FF36C0217030913511E091D71202
:1095A000F091D8124081231709F4DBC13091D61213
:1095B000342309F4D3C04091F8125091F9124F5F4F
:1095C0005F4F5093F9124093F812609123117091FC
:1095D00024116630710508F045C262E070E046175C
:1095E000570708F4BFC01092F9121092F812209198
:1095F0006F002B7F20936F00FC01E151F64F20811B
:10960000318131FF3BC026952170622F70E040917F
:10961000361150E0E091D412F091D512641775071D
:1096200009F476C140813091D312342309F4EFC09C
:109630004091F4125091F5124F5F5F4F5093F51225
:109640004093F412609125117091261166307105D6
:1096500008F00BC262E070E04617570708F4DBC061
:109660001092F5121092F41220916F002B7F20932C
:109670006F00FC01E151F64F2081318132FF4DCF67
:1096800022FB222720F9422F50E08091371190E0F1
:10969000E091D112F091D2124817590709F489C10B
:1096A00090818091D012892309F47DC08091EC12C1
:1096B0009091ED1201969093ED128093EC124091EF
:1096C0002711509128114630510508F0D1C142E0D0
:1096D00050E08417950708F46AC01092ED121092BA
:1096E000EC12809100029091010282709927909370
:1096F0000102809300025FC0889881FF0ACF8E9894
:1097000082FF09CF90910B01977F90930B014198B5
:1097100083FF03CF18CF20FD18C2899AFC01E151C5
:10972000F64F208121FD0FC28F98FC01E151F64FC9
:10973000208122FDE2C120910B012D7F20930B019E
:109740004398208122CF80ED97E090938B00809307
:109750008A009093890080938800DFCE1092F912DE
:109760001092F812889A222309F4A8C04091FA12A4
:109770005091FB126091FC127091FD124F5F5F4F90
:109780006F4F7F4F4093FA125093FB126093FC127D
:109790007093FD128898FC01E151F64F20813181D0
:1097A00031FD31CF6BCF1092ED121092EC128091FF
:1097B000000290910102E091CE12F091CF1240810F
:1097C0003091CD12342309F447C04091EE125091EC
:1097D000EF124F5F5F4F5093EF124093EE12609184
:1097E0002711709128116630710508F038C162E0C8
:1097F00070E046175707A0F11092EF121092EE1288
:1098000081709927909301028093000229C01092E1
:10981000F5121092F4128E9A222309F464C040913A
:10982000FE125091FF1260910013709101134F5F6F
:109830005F4F6F4F7F4F4093FE125093FF12609324
:109840000013709301138E98FC01E151F64F2081B3
:10985000318132FD15CF61CE1092EF121092EE12CF
:109860000097E1F080FF09C080910B018860809330
:109870000B01809100029091010281FF05C0419A85
:109880008091000290910102039709F43EC18091FA
:109890000B01877F80930B0141983FCE80916F0031
:1098A0008B7F80936F0083E090E090930102809320
:1098B00000021092F1121092F0122FCE4091FA1283
:1098C0005091FB126091FC127091FD1241505109B0
:1098D000610971094093FA125093FB126093FC12D4
:1098E0007093FD1257CF4091FE125091FF1260917C
:1098F000001370910113415051096109710940939E
:10990000FE125093FF1260930013709301139BCFCC
:1099100040813091D312342309F0EAC04091F21211
:109920005091F3124F5F5F4F5093F3124093F21236
:1099300060912511709126116036710508F421C1DE
:1099400076956795729562956F7067277F70672728
:109950004617570708F45FCF1092F3121092F212D5
:1099600083CE3091D612342309F0BDC04091F61257
:109970005091F7124F5F5F4F5093F7124093F612DA
:1099800060912311709124116036710508F4EBC0C9
:1099900076956795729562956F7067277F706727D8
:1099A0004617570708F4DECE1092F7121092F612FF
:1099B0001ECE90818091D012892309F45CC0109250
:1099C000E9121092E812809127119091281140918C
:1099D000F0125091F112E091CE12F091CF1260810D
:1099E0003091CD12362309F0A9C06091EA1270912E
:1099F000EB126F5F7F4F8036910508F4B7C0FC0112
:109A0000F695E795F295E295EF70EF27FF70EF2757
:109A10006E177F0708F4ADC01092EB121092EA1295
:109A20004F5F5F4F5093F1124093F012609100022C
:109A300070910102617077277093010260930002B8
:109A40008630910508F477C0969587958417950719
:109A500008F49AC0809100029091010201CF76959E
:109A60006795C7CE76956795BACD76956795F4CD0F
:109A7000569547952ECE4091E8125091E9124F5FCE
:109A80005F4F5093E9124093E81280912711909113
:109A900028118036910508F471C0BC017695679550
:109AA000729562956F7067277F7067274617570713
:109AB00008F48DCF1092E9121092E8124091F01242
:109AC0005091F1124F5F5F4F5093F1124093F0129B
:109AD0006091000270910102627077277093010219
:109AE0006093000278CF1092F7121092F6123ACEDD
:109AF0001092F3121092F2128ECE20910B0122607E
:109B000020930B01439A208140CD809102139091C4
:109B10000313A0910413B09105132223C1F0019601
:109B2000A11DB11D8093021390930313A0930413FE
:109B3000B0930513ACCE82E090E088CF1092EB1288
:109B40001092EA127DCF8F9AF0CD8998E7CD0197D8
:109B5000A109B1098093021390930313A0930413F6
:109B6000B093051394CE62E070E01ACFE2E0F0E02B
:109B70004FCF7093EB126093EA1262CF62E070E015
:109B800095CF62E070E0E4CE80916F008B7F809390
:109B90006F00109201021092000283E096D38EE0D3
:109BA00088D280E086D280917C0390917D03891BCE
:109BB0008F3FB1F080918203909183038F3F2FEF0D
:109BC000920731F09927FC01E658FD4F8FEF828311
:109BD000809180038F5F809380030E94D3409DCC4F
:109BE00080918403825080937C03F7CF1F920F9261
:109BF0000FB60F9211240BB60F92CF92DF92EF9215
:109C0000FF920F931F932F933F934F935F936F9305
:109C10007F938F939F93AF93BF93EF93FF93809125
:109C2000F00D9091EF0D981709F425C191E0980F70
:109C30009093F00D90E0880F991F880F991FFC01F9
:109C4000E151F64F228133813093890020938800BF
:109C5000208127FDA8C0FC01E151F64F218121118F
:109C600019C0FF91EF91BF91AF919F918F917F911B
:109C70006F915F914F913F912F911F910F91FF90A5
:109C8000EF90DF90CF900F900BBE0F900FBE0F9014
:109C90001F9018953081722F717020FF19C0889A1B
:109CA000C090FA12D090FB12E090FC12F090FD12DE
:109CB00030FDBBC031E0C31AD108E108F108C09201
:109CC000FA12D092FB12E092FC12F092FD12308157
:109CD000622F627021FF1CC08E9AC090FE12D0903D
:109CE000FF12E0900013F090011331FD8CC031E0C1
:109CF000C31AD108E108F108C092FE12D092FF12F7
:109D0000E0920013F0920113FC01E151F64F308113
:109D1000522F547022FF21C040910B0148604093A4
:109D20000B01419AC0900213D0900313E0900413EA
:109D3000F090051332FD55C031E0C31AD108E10897
:109D4000F108C0920213D0920313E0920413F09230
:109D50000513FC01E151F64F3081822F887023FFFB
:109D600017C0149A33FD70C00091061310910713A9
:109D7000209108133091091301501109210931096B
:109D800000930613109307132093081330930913BD
:109D9000711185C061118CC0511183C0882309F4F1
:109DA00060CF14985ECF20FD64C0899AFC01E15118
:109DB000F64F208121FD87C08F98FC01E151F64FBD
:109DC000208122FD77C020910B012D7F20930B0174
:109DD0004398FC01E151F64F208123FD72C0169893
:109DE0003ACF3FEFC31AD30AE30AF30AC092021331
:109DF000D0920313E0920413F0920513FC01E15199
:109E0000F64F3081AACF3FEFC31AD30AE30AF30A11
:109E1000C092FE12D092FF12E0920013F092011352
:109E2000FC01E151F64F308173CF3FEFC31AD30AE3
:109E3000E30AF30AC092FA12D092FB12E092FC12EB
:109E4000F092FD12308144CF009106131091071358
:109E500020910813309109130F5F1F4F2F4F3F4F71
:109E600000930613109307132093081330930913DC
:109E70008FCF89989BCF8091E4119091E51120912B
:109E8000E6113091E711821B930B81309240E8F488
:109E900080ED97E09093890080938800E2CE8898C7
:109EA00079CF90910B01977F90930B01419876CFDA
:109EB0008E9872CF20910B01226020930B01439A60
:109EC00088CF169AC8CE8F9A78CF89E190E0909388
:109ED00089008093880080914F1190915011092E34
:109EE000000CAA0BBB0B0196A11DB11D009731E020
:109EF000A307B10520F08FEF9FEFA0E0B0E09093B3
:109F0000501180934F11ADCE9FB7F894E091E612B7
:109F1000F091E71220818091E512822B80839FBF10
:109F20009FB7F894E091E312F091E41220818091C0
:109F3000E212822B80839FBF9FB7F894E091E012DA
:109F4000F091E11220818091DF12822B80839FBFEC
:109F50009FB7F894E091DD12F091DE12208180919C
:109F6000DC12822B80839FBF9FB7F894E091DA12B6
:109F7000F091DB1220818091D912822B80839FBFC8
:109F80002FB7F894E0912913F0912A1390818091D2
:109F900028138095892380832FBF08951F920F92E5
:109FA0000FB60F9211240BB60F928F939F93AF931E
:109FB000BF93EF93FF938091C600A6EFBEE0EC91B4
:109FC00091E09E0F9C93F0E0EA50F24F8083FF9166
:109FD000EF91BF91AF919F918F910F900BBE0F901A
:109FE0000FBE0F901F901895CF92DF92EF92FF92C5
:109FF0000F931F93CF93DF9381110EC0613D87E0D4
:10A0000078070CF44AC0DF91CF911F910F91FF9018
:10A01000EF90DF90CF900895D42F8B01C82F61323D
:10A0200072410CF03FC08C2F90E00197880F991F70
:10A03000FC01E35FFC4E20813181232B31F510922E
:10A04000FF0F109200101092011010920210C09099
:10A050000D13D0900E132091740230917502C21A24
:10A06000D30A0D2C000CEE08FF08C0920310D0920A
:10A070000410E0920510F092061010920710109252
:10A0800008101092091010920A10FC01E35FFC4EB8
:10A0900011830083D0933E10B6CF7093101360935A
:10A0A0000F13B1CF6EE372E083E590E00E94394276
:10A0B000BACF20918203309183032F3F3F4F71F13C
:10A0C000882329F1E0918203F0918303FF27E6586A
:10A0D000FD4F92819F5F9283E0917C0390917D037D
:10A0E0002E2F291B2F3F41F091E09E0F90937C0370
:10A0F000F0E0E658FD4F8283E0918403F091850300
:10A10000FF27E658FD4F82818F5F828308958FEF8E
:10A110009FEF9093830380938203089590917C0333
:10A12000292F30E0309383032093820340917D03F5
:10A13000592F541B5F3F41F09F5F90937C03F901BF
:10A14000E658FD4F91E09283E0918403F0918503FE
:10A15000FF27E658FD4F92819F5F9283B1CF1F93F7
:10A16000CF93DF9320918203309183032F3F3F4FA2
:10A1700009F48AC0662309F47DC0E0918203F0915E
:10A180008303DF01BB27A658BD4F12962C9112976F
:10A190002F5F12962C93A0917C0370917D032A2F40
:10A1A000271B2F3F49F021E02A0F20937C03B0E0CA
:10A1B000A658BD4F12966C93C0918403D09185032D
:10A1C000DD27C658DD4F2A812F5F2A83DC016150CD
:10A1D000262F30E02F5F3F4F280F391F61E04FEFF0
:10A1E0005FEF22C0E0918203F0918303FF27E658DE
:10A1F000FD4F82818F5F8283E0917C038E2F871BCE
:10A200008F3F41F081E08E0F80937C03F0E0E658B1
:10A21000FD4F92838A818F5F8A83A217B30781F0F3
:10A22000E0918203F09183039D91319669F0911141
:10A23000D9CF5093830340938203A217B30781F7CA
:10A24000DF91CF911F91089580917C03E82FF0E07A
:10A25000F0938303E0938203182F171B1F3F31F005
:10A260008F5F80937C03E658FD4F62838A818F5F06
:10A270008A83DDCF8FEF9FEF9093830380938203D8
:10A28000DF91CF911F91089520917C03422F50E0E0
:10A29000509383034093820330917D03722F731B8D
:10A2A0007F3F41F02F5F20937C03FA01E658FD4F7A
:10A2B00021E02283E0918403F0918503FF27E65893
:10A2C000FD4F22812F5F228355CF2FEF3FEF309339
:10A2D00083032093820390917C0320917D03392F87
:10A2E000321B3F3F39F1E1E0E90FE0937C03A92FF6
:10A2F000B0E0A658BD4F12961C923E2F321B3F3F36
:10A30000C9F032E0390F30937C03F0E0E658FD4F9E
:10A310008283432F50E05093850340938403321B84
:10A320003F3F41F09D5F90937C03FA01E658FD4F5B
:10A3300081E082830895633371050CF455CEE82FD4
:10A34000F0E0EE0FFF1FEA5EFE4E21813281620FC8
:10A35000731F4ACE8F929F92AF92BF92DF92EF927D
:10A36000FF920F931F93CF93DF9300D01F92CDB72F
:10A37000DEB74B015C0110917C0300917D03812FBE
:10A38000801B8F3F09F4EFC0E1E0E10FE0937C0315
:10A39000A12FB0E0A658BD4F12961C928E2F801BA5
:10A3A0008F3F09F4FCC082E0810F80937C03F0E0D2
:10A3B000E658FD4F99E09283482F50E05093850373
:10A3C00040938403982F901B9F3F09F4F1C083E0D2
:10A3D000810F80937C03FA01E658FD4F21E0228330
:10A3E000E82EF12CF0928303E0928203982F901BC9
:10A3F0009F3F09F4ECC034E0310F30937C03C70178
:10A4000086589D4FDC0112962C93129722812F5F64
:10A41000228312962C9112972F5F12962C93832FE2
:10A42000801B8F3F09F4CFC01B5F10937C03A32FC9
:10A43000B0E0A658BD4F86E012968C93812F801B0A
:10A440009A0192819F5F928389829A82AB82BC82B9
:10A4500050917C033327E0918203F0918303BE0186
:10A460006F5F7F4F5B016C5F7F4F26583D4FDD2450
:10A47000D394D5014D915D01EF20E09479F144230F
:10A4800009F444C07F01FF24D701A658BD4F12969E
:10A490009C9112979F5F12969C938F3F61F051E0C1
:10A4A000510F812F90E086589D4FDC0112964C93FE
:10A4B000852F801B152FD90112969C9112979F5FB3
:10A4C00012969C937F01A616B70631F1812F801B4F
:10A4D000D5014D915D01EF20E09489F6E12FF0E088
:10A4E0008F3F59F051E0510FCF0186589D4FDC014D
:10A4F0001296DC92852F801B152FD90112969C9104
:10A5000012979F5F12969C934111BCCFEFEFFFEF24
:10A510007F01A616B706D1F6F0938303E09382037A
:10A5200050937C038F3F09F448C0EF3FBFEFFB0718
:10A5300029F0FF27E658FD4F8FEF8283809180033B
:10A540008F5F809380030F900F900F900F90DF919B
:10A55000CF911F910F91FF90EF90DF90BF90AF9040
:10A560009F908F900895E12EF12C209184033091DB
:10A570008503A901F0928303E0928203FA01FF2789
:10A58000E658FD4F92819F5F9283D701A658BD4F39
:10A5900012969C9112979F5F12969C9352CFEE2E2B
:10A5A000F12C2091840330918503A9011E2FE2CF65
:10A5B0007A01182F8FEF9A01DDCF809184038250AA
:10A5C00080937C03C0CF132F8FEF9A013ACF92E094
:10A5D0009283D701A658BD4F12969C9112979F5F08
:10A5E00012969C93182F8FEF9A012BCF0F931F93E6
:10A5F000CF93DF932FB7F894E0910B13F0910C13E6
:10A60000908180910A138095892380832FBF1EBC7F
:10A6100000000DB407FEFDCF2EB51EBC00000DB42A
:10A6200007FEFDCF4EB59FB7F894E0910B13F09164
:10A630000C13308180910A13832B80839FBF30E0FD
:10A64000922F8827C42FD0E08C2B9D2B0E94A684AC
:10A65000892B09F04CC00C2ECD2F000CCC1FDD0B2C
:10A66000000CCC1FDD1F220F331F220F331FC22B04
:10A67000D32B4E73403231F041114CC0BE0180E00B
:10A6800090E068DE8091060F9091070F9E01281BD5
:10A69000390BC90181153EEF93079CF1813022E00F
:10A6A00092070CF09450AC01092E000C660B770B4E
:10A6B0003C2F2D2F3093060F2093070F00910C0F86
:10A6C00010910D0F20910E0F30910F0F400F511F61
:10A6D000621F731F40930C0F50930D0F60930E0F6A
:10A6E00070930F0FDF91CF911F910F9108953091CB
:10A6F000060F2091070F40E050E0BA0180E090E0A3
:10A70000D9CF9C5FAC01092E000C660B770B3C2F58
:10A710002D2FD0CF69E472E088E790E00E943942A3
:10A72000ADCFCF93DF93CCEFDEE080E890E09D8B60
:10A730008C8B80E094E09F878E871D868091061326
:10A7400090910713A0910813B091091388839983FE
:10A75000AA83BB83EAEFFEE080818CBD81818DBD41
:10A7600045DF1D821C8248D46E837F83888799874A
:10A77000DF91CF9108950F931F93CF93DF93EC0157
:10A780008B0120E030E0A90169E0E0D1882371F07D
:10A7900083E588838B81882321F0CE010E94F63FD8
:10A7A00080E0DF91CF911F910F91089540E150E03B
:10A7B000B801CE010E944940882361F31B81112317
:10A7C00081F3CE010E94F63F812FEBCF1F93CF93F1
:10A7D000DF9310917C0330917D03912F931B9F3F5A
:10A7E00009F406C1E1E0E10FE0937C03A12FB0E0A2
:10A7F000A658BD4F12961C929E2F931B9F3F09F4A3
:10A8000003C192E0910F90937C03F0E0E658FD4F76
:10A810008283C92FD0E0D0938503C0938403892F0E
:10A82000831B8F3F09F4F8C093E0910F90937C0352
:10A8300051E0FE01E658FD4F5283A92FB0E0892F69
:10A84000831BB0938303A09382038F3F09F428C135
:10A850001C5F10937C03FD01E658FD4F5283812F4E
:10A86000831BFE01FF27E658FD4F92819F5F928375
:10A87000662309F47CC0A658BD4F12969C9112978E
:10A880009F5F12969C938F3F09F4D5C051E0510F02
:10A8900050937C03A12FB0E0A658BD4F12966C9345
:10A8A000852F831B92819F5F9283442309F487C085
:10A8B0006091820370918303DB01BB27A658BD4FD3
:10A8C00012969C9112979F5F12969C938F3F09F46A
:10A8D000C6C091E0950F90937C03A52FB0E0A658D9
:10A8E000BD4F12964C93892F831B42814F5F428349
:10A8F0006F3F7F4F09F462C0222309F44CC060917E
:10A90000820370918303DB01BB27A658BD4F1296CB
:10A910004C9112974F5F12964C9312978F3F09F408
:10A920007EC081E0890F80937C03E92FF0E0E65838
:10A93000FD4F22834091840350918503FA01FF2744
:10A94000E658FD4F92819F5F9283831B8F3F79F181
:10A950006F3F7F4F19F08FEF12968C938091800399
:10A960008F5F80938003DF91CF911F910895612FB6
:10A9700070E070938303609382038F3F09F481C07A
:10A9800051E0510F50937C03DB01A658BD4F81E08D
:10A9900012968C9385CF2FEF3FEF30938303209354
:10A9A00082038F3FD9F64091840350918503425032
:10A9B00040937C03DF91CF911F910895592F652F0C
:10A9C00070E070938303609382038F3F09F45BC050
:10A9D00091E0950F90937C03DB01A658BD4F81E079
:10A9E00012968C93892F831B42814F5F428384CFC1
:10A9F000A12FB0E0C0918403D0918503B09383036D
:10AA0000A09382038FEF2DCFAE2FB0E0C0918403CF
:10AA1000D09185031E2FF2CFDE01192FEFCF409189
:10AA2000840350918503FA01FF27E658FD4F828188
:10AA30008F5F8283BCCF92819F5F9283442329F1F1
:10AA40006091820370918303DB01BB27A658BD4F41
:10AA500012968C9112978F5F12968C93512F828150
:10AA60008F5F82836F3F4FEF740789F0952F8FEFD1
:10AA7000211149CF8FEF9FEF90938303809382033F
:10AA800092CF512F0FCF952FAFCF512F98CF852F2A
:10AA900090E09093830380938203952F8FEFA4CF50
:10AAA000192FDFCE3FB7F89480912413909125138E
:10AAB000A0912613B091271326B5A89B05C02F3F60
:10AAC00019F00196A11DB11D3FBFBA2FA92F982FD4
:10AAD0008827820F911DA11DB11DBC01CD01660FFC
:10AAE000771F881F991F660F771F881F991F08956A
:10AAF0000F931F93CF93DF938C01FC01C381C1118E
:10AB000002C00E94084098E03FEF3EBD0DB407FE32
:10AB1000FDCF2EB52F3FC1F09150B9F7D1E0C11153
:10AB200004C0F8018381811106C08D2FDF91CF9180
:10AB30001F910F910895C8010E94F63F8D2FDF915C
:10AB4000CF911F910F910895D0E0E9CFFF920F931D
:10AB50001F93CF93DF93CDB7DEB72A970FB6F89444
:10AB6000DEBF0FBECDBF8C01F62EFC0183818111AB
:10AB70000BC0C8012F83388749875A870E94084035
:10AB80005A85498538852F81F11052C06F2D606438
:10AB900069835A834B833C832D83FE013296DE0109
:10ABA0001696262F90E059E038E0990F422F49275A
:10ABB00047FD9527220F3150C1F7EA17FB0711F027
:10ABC0002191F2CF990F91609E836EBD8A81FE0123
:10ABD00033969E01295F3F4F0DB407FEFDCF8EBD1A
:10ABE000E217F30711F08191F7CF0DB407FEFDCF07
:10ABF0008FEF8EBD0DB407FEFDCF8EB52BE09FEF1E
:10AC00009EBD0DB407FEFDCF8EB5F801848387FD90
:10AC10000CC02A960FB6F894DEBF0FBECDBFDF91F1
:10AC2000CF911F910F91FF900895215049F7F1CFD7
:10AC30006CE271E0C8012F83388749875A870E94E8
:10AC40001C405A85498538852F81A0CF90E0FC01B2
:10AC50003197E231F10558F48827EC54FF4F8F4FBC
:10AC60000C949E8480912001877F80932001089519
:10AC700084B58F7784BD089584B58F7D84BD089594
:10AC8000809180008F77809380000895809180006C
:10AC90008F7D80938000089580918000877F8093CE
:10ACA000800008958091B0008F778093B000089560
:10ACB0008091B0008F7D8093B000089580919000C6
:10ACC0008F77809390000895809190008F7D80937E
:10ACD0009000089580919000877F80939000089560
:10ACE0008091A0008F778093A00008958091A000AC
:10ACF0008F7D8093A00008958091A000877F80932E
:10AD0000A0000895809120018F77809320010895FD
:10AD1000809120018F7D8093200108951F93CF9310
:10AD2000DF93282F30E0F901E65EFB4E8491F901B4
:10AD3000EC52FC4ED491F901E257FC4EC491CC2365
:10AD4000A9F0162F81111BC0EC2FF0E0EE0FFF1FB2
:10AD5000E658FB4EA591B4918FB7F89411110AC033
:10AD60009C91ED2FE095E923EC938FBFDF91CF917C
:10AD70001F910895EC91ED2BEC938FBFF7CF66DF19
:10AD8000E3CFCF93DF9390E0FC01EC52FC4E249193
:10AD9000FC01E257FC4E84918823B9F090E0880FC3
:10ADA000991FFC01E05AFB4EA591B491FC01E658B5
:10ADB000FB4EC591D491662359F06230B9F08FB73C
:10ADC000F894EC91E22BEC938FBFDF91CF91089533
:10ADD0009FB7F8948C91E22FE0958E238C93288175
:10ADE000E223E8839FBFDF91CF9108959FB7F89446
:10ADF0003C91822F809583238C93E881E22BE8831A
:10AE00009FBFE3CF1F93CF93DF93182FEB0161E038
:10AE1000B8DF2097D1F0CF3FD10579F0E12FF0E0F6
:10AE2000E65EFB4EE4914E2F50E0FA013197E2319D
:10AE3000F10528F0C038D10544F061E007C088274B
:10AE4000EA53FF4F8F4F0C949E8460E0812FDF9177
:10AE5000CF911F9163CF84B5806884BDC7BDDF915A
:10AE6000CF911F91089584B5806284BDC8BDF7CF8E
:10AE700080918000806880938000D0938900C09387
:10AE80008800EDCF80918000806280938000D09315
:10AE90008B00C0938A00E3CF80918000886080930C
:10AEA0008000D0938D00C0938C00D9CF8091B000EA
:10AEB00080688093B000C093B300D1CF8091B00080
:10AEC00080628093B000C093B400C9CF809190009D
:10AED000806880939000D0939900C0939800BFCF72
:10AEE00080919000806280939000D0939B00C093EB
:10AEF0009A00B5CF80919000886080939000D093A5
:10AF00009D00C0939C00ABCF8091A000806880938F
:10AF1000A0008091A0008F7B8093A000D093A90017
:10AF2000C093A8009CCF8091A00080628093A00075
:10AF3000D093AB00C093AA0092CF8091A00088600C
:10AF40008093A000D093AD00C093AC0088CF8091D7
:10AF50002001806880932001D0932901C0932801AB
:10AF60007ECF80912001806280932001D0932B01BD
:10AF7000C0932A0174CF80912001886080932001C2
:10AF8000D0932D01C0932C016ACF8F929F92AF92E4
:10AF9000BF92CF92DF92EF92FF924B015C0182DD74
:10AFA0006B017C0181149104A104B104E1F07ADD0C
:10AFB000DC01CB018C199D09AE09BF09883E934085
:10AFC000A105B105A0F321E0821A9108A108B108FA
:10AFD00088EEC80E83E0D81EE11CF11C8114910498
:10AFE000A104B10421F7FF90EF90DF90CF90BF90C4
:10AFF000AF909F908F9008952FB7F8946091201391
:10B000007091211380912213909123132FBF0895E3
:10B010001F920F920FB60F9211242F933F938F938D
:10B020009F93AF93BF938091201390912113A09190
:10B030002213B091231330911F1323E0230F2D37D8
:10B0400068F126E8230F0296A11DB11D20931F135E
:10B050008093201390932113A0932213B093231372
:10B060008091241390912513A0912613B09127135A
:10B070000196A11DB11D8093241390932513A093D5
:10B080002613B0932713BF91AF919F918F913F915A
:10B090002F910F900FBE0F901F9018950196A11D34
:10B0A000B11DD4CF10920E1310920D1310921013E5
:10B0B00010920F13E6E9F3E1849190E0880F991F55
:10B0C000FC01EC58FC4E25913491309317132093DA
:10B0D0001613FC01E658FB4E25913491309315135D
:10B0E00020931413FC01E05AFB4E859194919093A8
:10B0F000131380931213ECEDF3E1E491E093111339
:10B100002FB7F894E0911213F0911313908180916E
:10B1100011138095892380832FBF2FB7F894E09176
:10B120001413F09115139081809111138095892348
:10B1300080832FBFE8E9F3E1849190E0880F991FA5
:10B14000FC01EC58FC4E2591349130931E13209352
:10B150001D13FC01E658FB4E2591349130931C13CE
:10B1600020931B13FC01E05AFB4E85919491909320
:10B170001A1380931913EEEDF3E1E491E0931813A1
:10B180002FB7F894E0911913F0911A1390818091E0
:10B1900018138095892380832FBF2FB7F894E091EF
:10B1A0001B13F0911C1390818091181380958923B3
:10B1B00080832FBF08958091E0119091E111863A2C
:10B1C00021E0920709F44DC0873B21E0920709F482
:10B1D000B1C0009741F08FEF9FEF9093E111809302
:10B1E000E01180E008952091E6113091E71160911F
:10B1F000E4117091E511621B730B7093EE11609373
:10B20000ED115091E811E52FF0E06E177F0708F07F
:10B21000DCC06115710509F487C0E091E211F0917D
:10B22000E31140E0E20FF31F20E030E05150DF0176
:10B23000A80FB91F8C91D901A052BE4E19968C93BC
:10B24000852F841B8093E8114F5F242F30E0C901C4
:10B250002617370760F386EA91E09093E111809317
:10B26000E0118091AC09882309F4ADC08091AD094B
:10B270009091AE09845A954009F4BFC084EA95E0E4
:10B280009093AE098093AD09DC018091A80990915B
:10B29000A9094091A4095091A5096091A60970914E
:10B2A000A709480F591F611D711D4093A4095093B0
:10B2B000A5096093A6097093A7091092AC09909311
:10B2C000E5118093E411B093E311A093E211909102
:10B2D000E811992309F4A1C02091ED113091EE11EC
:10B2E000F901E751FE4E265F3F4F8FEF890F280F80
:10B2F000311D20523E4E8D918193E217F307D9F70D
:10B30000892F90E029EE31E13093F0112093EF1175
:10B310009093E7118093E6118FEF9FEF9093E111E7
:10B320008093E01180E0089587EB91E09093E11124
:10B330008093E0118091AC09882309F444C0809186
:10B34000AD099091AE09845A954009F45EC084EA33
:10B3500095E09093AE098093AD09AC012091A809C6
:10B360003091A9098091A4099091A509A091A609FD
:10B37000B091A709820F931FA11DB11D8093A4094D
:10B380009093A509A093A609B093A7091092AC09C0
:10B390003093E5112093E4115093E3114093E211AF
:10B3A0005093F0114093EF118091E81190E0909349
:10B3B000E7118093E6118FEF9FEF9093E111809357
:10B3C000E01180E0089581E008958091E21190916C
:10B3D000E311820F931F9093F0118093EF112E0FC2
:10B3E0003F1F3093E7112093E6118FEF9FEF90936B
:10B3F000E1118093E01180E0089584EA97E0909352
:10B40000AE098093AD09DC0140CF84EA97E09093C8
:10B41000AE098093AD09AC01A1CF80E090E072CF7E
:10B420000F931F9390916C119093DD1180916B118C
:10B43000882309F494C0409187115091881160913C
:10B44000891170918A1177FDB1C00091AF111091EF
:10B45000B0112091B1113091B211400F511F621FF4
:10B46000731F4093871150938811609389117093D3
:10B470008A1191609093DD11813009F070C0409184
:10B480008F1150919011609191117091921177FDEF
:10B49000B7C00091B7111091B8112091B911309136
:10B4A000BA11400F511F621F731F40938F115093A9
:10B4B000901160939111709392119091DD119460AD
:10B4C0009093DD11833029F14091931150919411A3
:10B4D000609195117091961177FDA7C00091BB11F5
:10B4E0001091BC112091BD113091BE11400F511F20
:10B4F000621F731F409393115093941160939511A1
:10B50000709396119091DD1198609093DD118430C5
:10B5100019F18091971190919811A0919911B09182
:10B520009A11B7FD97C04091BF115091C011609121
:10B53000C1117091C211840F951FA61FB71F809370
:10B54000971190939811A0939911B0939A118091AB
:10B55000DD1180618093DD111F910F91089540915D
:10B560008B1150918C1160918D1170918E1177FD1E
:10B5700032C00091B3111091B4112091B5113091E6
:10B58000B611400F511F621F731F40938B115093D0
:10B590008C1160938D1170938E119091DD119260DA
:10B5A0009093DD11823009F06ACF8ECF00919B110C
:10B5B00010919C1120919D1130919E11400F511FAF
:10B5C000621F731F409387115093881160938911F4
:10B5D00070938A1151CF00919F111091A011209169
:10B5E000A1113091A211400F511F621F731F409390
:10B5F0008B1150938C1160938D1170938E11D2CF5B
:10B600000091A3111091A4112091A5113091A611C0
:10B61000400F511F621F731F40938F115093901161
:10B6200060939111709392114DCF0091A7111091D9
:10B63000A8112091A9113091AA11400F511F621F2A
:10B64000731F4093931150939411609395117093CD
:10B6500096115DCF4091AB115091AC116091AD113D
:10B660007091AE11840F951FA61FB71F809397117D
:10B6700090939811A0939911B0939A111F910F91E3
:10B680000895CF93DF93CDB7DEB7CB56D1090FB670
:10B69000F894DEBF0FBECDBF789484B5826084BDC0
:10B6A00084B5816084BD85B5826085BD85B58160C6
:10B6B00085BD80916E00816080936E001092810044
:10B6C00080918100826080938100809181008160FF
:10B6D00080938100809180008160809380008091C0
:10B6E000B10084608093B1008091B000816080934C
:10B6F000B0008091910082608093910080919100D0
:10B70000816080939100809190008160809390008F
:10B710008091A10082608093A1008091A10081604E
:10B720008093A1008091A00081608093A00080910F
:10B7300021018260809321018091210181608093A9
:10B7400021018091200181608093200180917A0005
:10B75000846080937A0080917A00826080937A007E
:10B7600080917A00816080937A0080917A0080686D
:10B7700080937A001092C1000E94CB2B8E010A5B4D
:10B780001F4FA8961FAF0EAFA8979E012F5B3F4F8C
:10B79000A6963FAF2EAFA69722242A94322C2CDCFB
:10B7A00000913D1210913E1220913F1230914012B3
:10B7B000DC01CB01801B910BA20BB30B009141125A
:10B7C0001091421220914312309144120F5F1F4F8B
:10B7D0002F4F3F4F00934112109342122093431278
:10B7E0003093441200914512109146122091471255
:10B7F00030914812080F191F2A1F3B1F0093451252
:10B800001093461220934712309348120091491228
:10B8100010914A1220914B1230914C1208171907BF
:10B820002A073B0740F48093491290934A12A09351
:10B830004B12B0934C12E0DB6B017C0180916C02E7
:10B84000882309F4E2C48090680290906902A09075
:10B850006A02B0906B0280916002811111C0D70121
:10B86000C6018C599F4FAF4FBF4F80935C0290939E
:10B870005D02A0935E02B0935F0281E0809360025C
:10B88000BBDB6093BD127093BE128093BF12909386
:10B89000C012C814D904EA04FB0408F4BBC1D701E0
:10B8A000C6010A96A11DB11D80936802909369029A
:10B8B000A0936A02B0936B0280914D1190914E114A
:10B8C000029709F4C5C798DB60934D1270934E122E
:10B8D00080934F12909350128091790F90917A0F2C
:10B8E000863F910509F449C68C3011E0910709F4AF
:10B8F0009AC6892B09F430C630927A0F2092790FBC
:10B900007BDB00914D1210914E1220914F1230911D
:10B910005012AB01BC01401B510B620B730B8091A9
:10B92000511290915212A0915312B091541201965B
:10B93000A11DB11D8093511290935212A0935312E6
:10B94000B09354128091551290915612A0915712B3
:10B95000B0915812840F951FA61FB71F80935512E0
:10B9600090935612A0935712B09358128091591287
:10B9700090915A12A0915B12B0915C1284179507B6
:10B98000A607B70740F44093591250935A12609398
:10B990005B1270935C128091521190915311A0919F
:10B9A0005411B09155110097A105B10539F0C81691
:10B9B000D906EA06FB0610F00C94C0678091571177
:10B9C000882341F090917C0380917D03981711F4B6
:10B9D0000C949B6E8091581190915911A0915A111D
:10B9E000B0915B11B7FD15C040915C1150915D1194
:10B9F00060915E1170915F11C416D506E606F706D8
:10BA000040F030917C0320917D03321711F40C94A7
:10BA10005F6D80914B1190914C11039711F40C9430
:10BA20002E654FEF50E05093461140934511E4DAF4
:10BA300060936D1270936E1280936F1290937012D8
:10BA40008091FA0E8CBD8091FB0E8DBD0E94F65246
:10BA50002091000F3091010F820F931F9093010FDF
:10BA60008093000F97FF02C00C94BF652091150FC3
:10BA70003091160F8217930708F480C08FB7F8949F
:10BA8000C0900613D0900713E0900813F0900913AC
:10BA90008FBF8091FC0E9091FD0EA091FE0EB09193
:10BAA000FF0E26013701481A590A6A0A7B0AE091FB
:10BAB000000FF091010F309709F0ABC68091100F85
:10BAC0009091110F8D3052E095070CF09FC68E3883
:10BAD00091050CF41FC60D972091080F222309F43D
:10BAE00019C621E02093090F880F991F880F991F0D
:10BAF000880F991F90930B0F80930A0F9091780FE6
:10BB00008091770F891B8F3009F40EC675DA20916A
:10BB1000020F3091030FAB01421B530B2091000F1A
:10BB20003091010FE091770FF1E0FE0FF093770F66
:10BB3000EF70AE2FB0E0FD01EE0FFF1FEA0FFB1F0D
:10BB4000EE0FFF1FE95EF04F518340835382428224
:10BB500035832483C092FC0ED092FD0EE092FE0E3F
:10BB6000F092FF0E1092010F1092000F6093020FDF
:10BB70007093030F8093040F9093050F3DDA0091AB
:10BB80006D1210916E1220916F1230917012DC01C3
:10BB9000CB01801B910BA20BB30B00917112109182
:10BBA000721220917312309174120F5F1F4F2F4F3A
:10BBB0003F4F0093711210937212209373123093BF
:10BBC00074120091751210917612209177123091B3
:10BBD0007812080F191F2A1F3B1F0093751210932C
:10BBE0007612209377123093781200917912109187
:10BBF0007A1220917B1230917C12081719072A07BC
:10BC00003B0740F48093791290937A12A0937B12B1
:10BC1000B0937C12F1D900915C0210915D022091E9
:10BC20005E0230915F02601771078207930708F088
:10BC30006FC3E2D96093AD127093AE128093AF12CE
:10BC40009093B0120E947E0AD7D90091AD12109144
:10BC5000AE122091AF123091B012DC01CB01801BEB
:10BC6000910BA20BB30B0091B1121091B212209163
:10BC7000B3123091B4120F5F1F4F2F4F3F4F0093FD
:10BC8000B1121093B2122093B3123093B4120091F8
:10BC9000B5121091B6122091B7123091B812080F58
:10BCA000191F2A1F3B1F0093B5121093B612209341
:10BCB000B7123093B8120091B9121091BA122091B4
:10BCC000BB123091BC12081719072A073B0740F432
:10BCD0008093B9129093BA12A093BB12B093BC1286
:10BCE0008BD960938D1270938E1280938F129093E4
:10BCF000901280917A0290917B028B37910509F422
:10BD000005C108F495C2833A910509F408C408F402
:10BD1000F4C3863A910509F410C4893A910509F0F3
:10BD200092C28091800381508093800381110CC066
:10BD300090917C0380917D03981731F06AE072E066
:10BD40008EEA90E00E94394210927B0210927A02B1
:10BD500053D900918D1210918E1220918F12309133
:10BD60009012DC01CB01801B910BA20BB30B009155
:10BD700091121091921220919312309194120F5FB0
:10BD80001F4F2F4F3F4F0093911210939212209309
:10BD90009312309394120091951210919612209163
:10BDA000971230919812080F191F2A1F3B1F0093FA
:10BDB0009512109396122093971230939812009137
:10BDC000991210919A1220919B1230919C1208178F
:10BDD00019072A073B0740F48093991290939A120F
:10BDE000A0939B12B0939C1207D960937D1270931D
:10BDF0007E1280937F129093801280913F109091D9
:10BE000040108E3FB8E09B0709F4BEC608F420C27C
:10BE1000863339E0930751F108F08AC4883159E03C
:10BE2000950709F43DC78E32994009F034C78091D7
:10BE3000AA099091AB09892B09F0E7C082E090E054
:10BE40009093AB098093AA091092990310929803DA
:10BE5000809145108F5F11F40C94C16A8093451056
:10BE600086E399E09093401080933F108091AA0957
:10BE70009091AB09029709F4C8C0309283032092D5
:10BE8000820380917C0390917D03282F291B2F3FF3
:10BE900011F40C94426FE1E0E80FA82FB0E0A6582F
:10BEA000BD4F12961C922E2F291B2F3F11F40C947C
:10BEB000426F22E0280F20937C03F0E0E658FD4F0C
:10BEC00036E03283422F50E0509385034093840341
:10BED000291B2F3F41F08D5F80937C03FA01E658C8
:10BEE000FD4F81E0828380917C03891B8F3F11F499
:10BEF0000C94426F809180038F5F8093800381C098
:10BF00008BE790E090937B0280937A028091C0004F
:10BF100085FF1ECF209181032093C600E0917D0311
:10BF2000EF5FE0937D0380917E0390917F038227F2
:10BF3000082E8295807F8025092E982F82958F70FC
:10BF40000826869598278927880F880F880F8025CF
:10BF500090937F0380937E0320917C03E21761F02E
:10BF6000F0E0E658FD4F8281809381038111C8CFB4
:10BF700080917E0390917F03292F3327309389038B
:10BF800020938803AC01552750938B0340938A0379
:10BF9000892B11F40C946A68232B11F00C94256FF3
:10BFA00082E090E0909387038093860341E050E025
:10BFB000509389034093880380EA90E090937B023A
:10BFC00080937A029EC2892B09F065C68CEB98E0BB
:10BFD0009093401080933F10E091F70E8091F60E01
:10BFE0008E1799F081E08E0F8093F70EF0E0EA5003
:10BFF000F24F8081882309F445C51092F70E109204
:10C00000F60E1092401010923F100E94FC570091C3
:10C010007D1210917E1220917F1230918012DC01EE
:10C02000CB01801B910BA20BB30B009181121091DD
:10C03000821220918312309184120F5F1F4F2F4F75
:10C040003F4F0093811210938212209383123093FA
:10C0500084120091851210918612209187123091DE
:10C060008812080F191F2A1F3B1F00938512109377
:10C0700086122093871230938812009189121091B2
:10C080008A1220918B1230918C12081719072A07F7
:10C090003B0740F48093891290938A12A0938B12ED
:10C0A000B0938C120E94FC5760939D1270939E1265
:10C0B00080939F129093A0128CE893E00E949D437E
:10C0C0000E94FC5700919D1210919E1220919F1288
:10C0D0003091A012DC01CB01801B910BA20BB30BA2
:10C0E0000091A1121091A2122091A3123091A412DA
:10C0F0000F5F1F4F2F4F3F4F0093A1121093A212BB
:10C100002093A3123093A4120091A5121091A612AD
:10C110002091A7123091A812080F191F2A1F3B1F48
:10C120000093A5121093A6122093A7123093A81281
:10C130000091A9121091AA122091AB123091AC1269
:10C14000081719072A073B0740F48093A912909318
:10C15000AA12A093AB12B093AC120E94FC570091AC
:10C16000BD121091BE122091BF123091C012DC019D
:10C17000CB01801B910BA20BB30B0091C11210914C
:10C18000C2122091C3123091C4120F5F1F4F2F4F64
:10C190003F4F0093C1121093C2122093C3123093E9
:10C1A000C4120091C5121091C6122091C71230918D
:10C1B000C812080F191F2A1F3B1F0093C5121093A6
:10C1C000C6122093C7123093C8120091C912109161
:10C1D000CA122091CB123091CC12081719072A07E6
:10C1E0003B0740F48093C9129093CA12A093CB12DC
:10C1F000B093CC120E94FC5760933D1270933E1294
:10C2000080933F1290934012CACA460157013AE008
:10C21000830E911CA11CB11C80926802909269024D
:10C22000A0926A02B0926B0281E080936C0213CB01
:10C230008C36910509F448C28237910509F45BC236
:10C24000892B09F43BC230927B0220927A0280CD86
:10C250008C3BF8E09F0709F4BFCE08F4B4CE883CCD
:10C2600018E0910709F422C48C3E984009F013C5E8
:10C27000E091F70E5091F60E5E1711F40C94506A8F
:10C2800081E08E0F8093F70EF0E0EA50F24F80814C
:10C2900080934B1020914710309148102827022E90
:10C2A0002295207F2025032E322F22952F700226E3
:10C2B000269532272327220F220F220F2025309385
:10C2C0004810209347102091491030914A1090E077
:10C2D00001972817390708F4C901082F80934C10DB
:10C2E000281B310930934A1020934910E091F70E32
:10C2F000002311F40C944D6F013108F000E100931C
:10C300004D108EEF98E09093401080933F1040C402
:10C31000DC01CB018C599F4FAF4FBF4F80935C0224
:10C3200090935D02A0935E02B0935F020E94FC575F
:10C3300060935D1270935E1280935F12909360120F
:10C340008091740290917502803591050CF4EAC4D5
:10C350008132B2E19B070CF023C660910C10611191
:10C360000C94B06DC0900D13D0900E13C81AD90A5A
:10C370000D2C000CEE08FF08E091FD0FF091FE0F70
:10C38000F7FE02C00C94F86EB0E1EE30FB0711F43A
:10C390000C94C96AA701960164E370E18EE090E114
:10C3A0000E94803E0E94FC5700915D1210915E1227
:10C3B00020915F1230916012DC01CB01801B910B48
:10C3C000A20BB30B009161121091621220916312C3
:10C3D000309164120F5F1F4F2F4F3F4F0093611238
:10C3E00010936212209363123093641200916512CD
:10C3F000109166122091671230916812080F191F70
:10C400002A1F3B1F00936512109366122093671238
:10C41000309368120091691210916A1220916B1288
:10C4200030916C12081719072A073B0740F48093D4
:10C43000691290936A12A0936B12B0936C120E94CF
:10C44000FC570091BD121091BE122091BF12309185
:10C45000C012DC01CB01801B910BA20BB30B8093AC
:10C46000BD129093BE12A093BF12B093C0128091E0
:10C470004B1190914C11029711F40C94F06D0E94A5
:10C48000FC570091BD121091BE122091BF12309145
:10C49000C012DC01CB01801B910BA20BB30B80936C
:10C4A000BD129093BE12A093BF12B093C0128091A0
:10C4B0004B1190914C11039711F40C94EB6B8091FC
:10C4C0001E11882311F40C94D16B80917402909109
:10C4D0007502813392400CF0ACCB2FB7F894E09109
:10C4E0005902F0915A0290818091580280958923D7
:10C4F00080832FBF10921E119CCB803A910509F0CA
:10C50000A2CE8091C00085FF23CC809186038093CA
:10C51000C60083EA90E090937B0280937A02809138
:10C52000C00085FF15CC80918A038093C60086EAFF
:10C5300090E090937B0280937A028091C00085FF07
:10C5400007CC809188038093C60089EA90E090939D
:10C550007B0280937A02E5CB88E080937B0085E4C0
:10C5600080937C0080917A00806480937A0026EF2B
:10C5700030E030937A0F2093790F80917A0086FD16
:10C58000BFC98091780090917900029797FF02C00F
:10C590000C940C70823F33E093070CF0F5C7FC015C
:10C5A000EE0FFF1FE057F64F25913491E091FC0FFD
:10C5B00081E08E0F8093FC0FEF71F0E0EE0FFF1F14
:10C5C000E454F04F31832083ECEFFFE040E050E093
:10C5D000BA0192918291092E000CAA0BBB0B480F55
:10C5E000591F6A1F7B1F8FE0EC3BF80791F715E09E
:10C5F00075956795579547951A95D1F7509375029C
:10C600004093740288E080937B0086E480937C00F2
:10C6100080917A00806480937A00ACE0B1E0B093BE
:10C620007A0FA093790F80917A0086FD69C9809175
:10C63000780090917900039797FF02C00C943570B1
:10C64000803FB3E09B0714F00C94926BFC01EE0F5B
:10C65000FF1FE055FE4F25913491E091BB0F81E023
:10C660008E0F8093BB0FEF71F0E0EE0FFF1FE758C6
:10C67000F04F33832283EBEBFFE040E050E0BA0160
:10C6800092918291092E000CAA0BBB0B480F591FE7
:10C690006A1F7B1F0FE0EB37F00791F7E5E0759518
:10C6A000679557954795EA95D1F750937702409350
:10C6B000760210927A0F1092790F22C98CE690E0E0
:10C6C00090937B0280937A0280918003882309F4FF
:10C6D0003FCBE0917D0381E08E0F80937D03F0E0FE
:10C6E000E658FD4F82818093810382E790E090932A
:10C6F0007B0280937A028091C00085FF29CB8091D4
:10C7000081038093C60030927F0320927E03E091E4
:10C710007D0326CC1092090F9091780F8091770FAE
:10C72000891B8F3009F0F2C99F5F9093780FEEC993
:10C730008034A9E09A0709F477C28634994009F059
:10C74000AAC25091F60E709149104091F70E83E005
:10C75000870F541B581710F40C94926D772311F423
:10C760000C9409718091471090914810572F540FE5
:10C77000242FE22FF0E0EA50F24F30818327082E79
:10C780008295807F8025092E982F82958F700826AC
:10C79000869598278927880F880F880F80252F5F17
:10C7A0002513E7CF9093481080934710E1E0E40F02
:10C7B000E70FF0E0EA50F24F80814E5F470FE42F21
:10C7C000F0E0EA50F24F2081A0914710B09148105C
:10C7D000E52FF0E0EA50F24F9081933011F40C9481
:10C7E0008670943011F40C947D6F923011F40C9497
:10C7F0007E6F90E0922BA817B90711F40C94127079
:10C800006091451085E00E940449F7CB80E092E0FA
:10C8100063C9A091120FB091130FA30192010E945E
:10C82000B2849F01FF0F440B550B0E948284BA0112
:10C83000A9010090140F04C0759567955795479509
:10C840000A94D2F7CA015093110F4093100F3AC9BE
:10C850004091D7125091D812DA018C911091D612D2
:10C86000812351F0E091D412F091D5129081809102
:10C87000D312892309F042C480917C0330917D0357
:10C88000982F931B9F3F41F1E1E0E80FE0937C0379
:10C89000A82FB0E0A658BD4F12961C929E2F931B56
:10C8A0009F3FD1F092E0980F90937C03F0E0E65820
:10C8B000FD4F23E02283692F70E07093850360931E
:10C8C0008403931B9F3F41F08D5F80937C03FB01AA
:10C8D000E658FD4F81E0828380917C03682F70E0F1
:10C8E0007093830360938203982F931B9F3F11F4EF
:10C8F0000C9489708F5F80937C0366587D4F81E034
:10C90000FB018283A0918403B0918503CD01992717
:10C9100086589D4FFC0122812F5F2283FB012281DB
:10C920002F5F2283E0917C032E2F231B2F3F49F0A2
:10C9300021E02E0F20937C03F0E0E658FD4F23E02A
:10C940002283FC0122812F5F2283809182039091B8
:10C950008303BB27EAEFF2E1A658BD4F01E0B32EF7
:10C960009C01BD01DF018B2D1DC0F901FF27E65899
:10C97000FD4FB280B394B282E0917C03FE2FF81B8E
:10C98000FF3F41F0F1E0FE0FF0937C03F0E0E6584A
:10C99000FD4F9283FB0192819F5F9283F3E1A6306A
:10C9A000BF0779F09D912F3FFFEF3F0711F40C94E3
:10C9B000926F9111DACF2FEF3FEFF3E1A630BF076F
:10C9C00089F73093830320938203DA018C91182333
:10C9D00081E009F080E00E945950E091D412F0917A
:10C9E000D51290818091D312982381E009F080E0E4
:10C9F0000E945950E091D112F091D2129081809111
:10CA0000D012892311F40C94BB6FE091CE12F091F7
:10CA1000CF1290818091CD12892311F40C94BB6FB9
:10CA20008091820390918303019611F40C946E71AE
:10CA300030917D03309283032092820380917C03A6
:10CA4000831B8F3F11F40C940570809180038F5FDE
:10CA5000809380030E94D3400C94635C8091EF0D1F
:10CA60009091F00D891B209145113091461190E075
:10CA70002817390708F4C90190934611809345118E
:10CA80000C94175D0E94FC57609341107093421004
:10CA90008093431090934410309248102092471096
:10CAA00088EC98E09093401080933F108091F70EAF
:10CAB0005091F60E952F981B923008F42AC791E0FA
:10CAC000980F9093F70EE82FF0E0EA50F24F208194
:10CAD00020935B02222309F490CA60914710709161
:10CAE00048106227062E6295607F6025072E762FFC
:10CAF00062956F700626669576276727660F660F24
:10CB0000660F602570934810609347108E5F809386
:10CB1000F70EE92FF0E0EA50F24F90819093461023
:10CB2000992309F46ACA6927062E6295607F6025F9
:10CB3000072E762F62956F700626669576276727F3
:10CB4000660F660F660F602570934810609347105C
:10CB500097FF02C00C9466716091451026130C94E7
:10CB6000856F00E012E010934A1000934910E82FFF
:10CB70008CEE98E09093401080933F107DCB919580
:10CB8000819591090C94365DE091F70E5091F60E67
:10CB900010914D108E2F952F9E1B911708F4E5C70D
:10CBA00000914C10011B00934C10112309F4A0CBF1
:10CBB00060919A0570919B05209147103091481023
:10CBC000DB01A656BC4F4E2F410FE82FF0E0EA5094
:10CBD000F24F90819D932927022E2295207F2025B8
:10CBE000032E322F22952F700226269532272327D7
:10CBF000220F220F220F20258F5F8413E6CF809310
:10CC0000F70E90935B026F5F7F4F1150610F711DA4
:10CC100070939B0560939A053093481020934710BA
:10CC200010924D10E82F64CB5091F60E8091F70EC4
:10CC3000581709F466C4E091F70E81E08E0F8093D7
:10CC4000F70EF0E0EA50F24F8081209147103091CA
:10CC500048102827022E2295207F2025032E322FD0
:10CC600022952F700226269532272327220F220F86
:10CC7000220F2025309348102093471090E0019711
:10CC800090934A108093491086E499E09093401065
:10CC900080933F1058CD3092401020923F10B5C97C
:10CCA000E091F70E5091F60E852F8E1B833008F41D
:10CCB00060C3AE2FB0E0AA50B24F9C91A1E0AE0F7E
:10CCC000B0E0AA50B24F8C9123E02E0F2093F70EC4
:10CCD000EE5FF0E0EA50F24F3081609147107091C2
:10CCE0004810933011F40C94DF70943011F40C94CC
:10CCF000796F923011F40C947A6F90E0932B68174F
:10CD0000790711F40C94616F6091451085E00E94E1
:10CD100004491092F70E1092F60E10929B05109295
:10CD20009A056FC980917C0390917D03282F291B60
:10CD30002F3F41F1E1E0E80FE0937C03A82FB0E042
:10CD4000A658BD4F12961C922E2F291B2F3FD1F0B3
:10CD500022E0280F20937C03F0E0E658FD4F33E0FB
:10CD60003283422F50E05093850340938403291B64
:10CD70002F3F41F08D5F80937C03FA01E658FD4F11
:10CD800081E0828380917C03282F30E030938303FD
:10CD900020938203482F491B4F3F11F40C94366FA8
:10CDA0008F5F80937C03F901E658FD4F81E0828319
:10CDB0004091840350918503DA01BB27A658BD4FEB
:10CDC00012968C9112978F5F12968C931297828194
:10CDD0008F5F828380917C03282F291B2F3F59F07E
:10CDE00021E0280F20937C03E82FF0E0E658FD4F68
:10CDF0008AE08283822F12962C9112972F5F1296CF
:10CE00002C9312976091820370918303FB01FF279B
:10CE10008F0106581D4F7801F80122812F5F228370
:10CE2000282F291B2F3F61F011E0180F10937C036E
:10CE3000282F30E026583D4F81E0F9018283812F71
:10CE400012962C9112972F5F12962C93891B8F3F6D
:10CE500009F43CC16F3F7F4F21F08FEFD70112964D
:10CE60008C93809180038F5F809380030E94D340D6
:10CE70008091760290917702803591050CF074C410
:10CE800080917C0330917D03982F931B9F3F41F14C
:10CE9000E1E0E80FE0937C03A82FB0E0A658BD4F77
:10CEA00012961C929E2F931B9F3FD1F092E0980FF9
:10CEB00090937C03F0E0E658FD4F23E02283492F56
:10CEC00050E05093850340938403931B9F3F41F0B0
:10CED0008D5F80937C03FA01E658FD4F81E08283E9
:10CEE00020917C03822F90E09093830380938203B0
:10CEF000422F431B4F3F11F40C9400702F5F20937F
:10CF00007C03FC01E658FD4F81E08283409184035D
:10CF100050918503DA01BB27A658BD4F12968C911C
:10CF200012978F5F12968C93129782818F5F828304
:10CF300080917C03982F931B9F3F59F091E0980FAD
:10CF400090937C03E82FF0E0E658FD4F8AE082835F
:10CF5000892F12969C9112979F5F12969C93309204
:10CF6000830320928203831B8F3F11F40C94FB6F89
:10CF7000809180038F5F809380030E94D3400EC412
:10CF80006091511170E089E00E9402571092521195
:10CF90001092531110925411109255110C94DE5CA2
:10CFA00080917C0330917D03982F931B9F3F41F12B
:10CFB000E1E0E80FE0937C03A82FB0E0A658BD4F56
:10CFC00012961C929E2F931B9F3FD1F092E0980FD8
:10CFD00090937C03F0E0E658FD4F23E02283492F35
:10CFE00050E05093850340938403931B9F3F41F08F
:10CFF0008D5F80937C03FA01E658FD4F81E08283C8
:10D0000020917C03822F90E090938303809382038E
:10D01000422F431B4F3F09F43CC72F5F20937C03F3
:10D02000FC01E658FD4F81E08283409184035091DA
:10D030008503DA01BB27A658BD4F12968C91129733
:10D040008F5F12968C93129782818F5F828380917B
:10D050007C03982F931B9F3F59F091E0980F90937A
:10D060007C03E82FF0E0E658FD4F8BE08283892FA8
:10D0700012969C9112979F5F12969C9312976091C3
:10D08000820370918303FB01FF278F0106581D4F18
:10D090007801F80192819F5F9283982F931B9F3FA5
:10D0A00059F021E0280F20937C0390E086589D4F93
:10D0B00011E0FC011283822F12969C9112979F5FC0
:10D0C00012969C93831B8F3F09F0C4CE425040932D
:10D0D0007C03CCCE84E090E090938703809386031A
:10D0E0002F5F3F4F30938903209388034F5F5F4F3B
:10D0F00050938B0340938A030C94DC5FE091D11230
:10D10000F091D21290818091D012892309F4B4CB8E
:10D11000E091CE12F091CF1290818091CD128923AF
:10D1200009F4AACB4091FA125091FB126091FC12C3
:10D130007091FD1277FD3DC08091291190912A11C7
:10D14000A0912B11B0912C1184179507A607B70752
:10D1500084F18091FE129091FF12A0910013B09182
:10D160000113B7FD26C040912D1150912E116091F1
:10D170002F1170913011481759076A077B07CCF0BF
:10D180008091021390910313A0910413B0910513A1
:10D19000B7FD0FC0409131115091321160913311A0
:10D1A00070913411481759076A077B0714F00C94E3
:10D1B000635C309283032092820380917C03909180
:10D1C0007D03282F291B2F3F41F1E1E0E80FE09379
:10D1D0007C03A82FB0E0A658BD4F12961C922E2FAC
:10D1E000291B2F3FD1F022E0280F20937C03F0E091
:10D1F000E658FD4F33E03283422F50E050938503D1
:10D2000040938403291B2F3F41F08D5F80937C0363
:10D21000FA01E658FD4F81E0828384E00E94595074
:10D22000809182039091830330917D034091840328
:10D23000509185035527AAEFB2E146585D4F61E052
:10D240001DC0FC01FF27E658FD4F72817F5F72838E
:10D25000E0917C037E2F731B7F3F41F071E07E0FD6
:10D2600070937C03F0E0E658FD4F2283FA0122819F
:10D270002F5F2283F3E1A630BF0771F02D918F3F1E
:10D28000EFEF9E0709F463C62111DBCF8FEF9FEF0D
:10D29000F3E1A630BF0791F7909383038093820355
:10D2A0004091FA125091FB126091FC127091FD12A4
:10D2B00081E077FD0EC00091291110912A11209173
:10D2C0002B1130912C1104171507260737070CF086
:10D2D00080E00E9459504091FE125091FF126091DF
:10D2E00000137091011381E077FD0EC000912D11A4
:10D2F00010912E1120912F11309130110417150724
:10D30000260737070CF080E00E9459504091021325
:10D3100050910313609104137091051381E077FD20
:10D320000EC00091311110913211209133113091C2
:10D33000341104171507260737070CF080E00E9408
:10D34000595080917C0390917D03891B8F3F09F494
:10D350005CC680918203909183038F3F0FEF90070B
:10D3600009F473CB9927FC01E658FD4F8FEF8283B8
:10D370006CCB0E94FC5700914110109142102091FB
:10D38000431030914410DC01CB01801B910BA20BA8
:10D39000B30B8B3F9105A105B10510F40C9405600A
:10D3A0004091451080917C0390917D03282F291B8B
:10D3B0002F3F41F1E1E0E80FE0937C03A82FB0E0BC
:10D3C000A658BD4F12961C922E2F291B2F3FD1F02D
:10D3D00022E0280F20937C03F0E0E658FD4F38E070
:10D3E0003283622F70E07093850360938403291B5E
:10D3F0002F3F41F08D5F80937C03FB01E658FD4F8A
:10D4000081E0828380917C03282F30E03093830376
:10D4100020938203582F591B5F3F41F08F5F809309
:10D420007C0381E0F901E658FD4F8283609184031B
:10D4300070918503DB01BB278D0106581D4FD80174
:10D4400012968C9112978F5F12968C93442309F455
:10D45000F7C6F901E658FD4F82818F5F8283809184
:10D460007C03282F291B2F3F61F051E0580F509368
:10D470007C03282F30E026583D4FD90112964C935B
:10D48000852FD80112962C9112972F5F12962C930C
:10D49000891B8F3F09F09CC3625060937C0339CC99
:10D4A0000E94FC57009141101091421020914310AE
:10D4B00030914410DC01CB01801B910BA20BB30B0C
:10D4C0008B3F9105A105B10510F40C9405601091F6
:10D4D000451088E00E946551812F0E94595080912B
:10D4E0007C0390917D03891B8F3F09F48BC680914B
:10D4F0008203909183038F3F1FEF910709F064C36C
:10D5000069C30E94FC570091411010914210209174
:10D51000431030914410DC01CB01801B910BA20B16
:10D52000B30B8B3F9105A105B10510F40C94056078
:10D530001091451088E00E946551812F0E9459503A
:10D5400080917C0390917D03891B8F3F09F4B8C6BD
:10D5500080918203909183038F3FBFEF9B0731F04F
:10D560009927FC01E658FD4F8FEF8283809180035D
:10D570008F5F809380031092F70E1092F60E50E0AA
:10D580005ACB81E00C942E5FE2E7F1E125913491D2
:10D590000DC860910E1070910F1080911010909135
:10D5A0001110A70196010E9451842B013C010090AB
:10D5B000121004C076946794579447940A94D2F753
:10D5C00080910D102091FF0F3091001040910110BB
:10D5D0005091021081110CC02C0D3D1D4E1D5F1D80
:10D5E0002093FF0F309300104093011050930210CE
:10D5F00057FD69C565817681878190850E94518438
:10D60000AB01BC01018404C0769567955795479599
:10D610000A94D2F753014201840E951EA61EB71E2E
:10D620008091031090910410A0910510B091061004
:10D63000A7019601281B390B4A0B5B0B57FD24C52C
:10D6400066857785808991890E945184DC01CB01B0
:10D65000028804C0B695A795979587950A94D2F746
:10D6600000910710109108102091091030910A10B4
:10D67000800F911FA21FB31F809307109093081073
:10D68000A0930910B0930A10181619061A061B0663
:10D690000CF0F1C41FEF81169104A104B1040CF049
:10D6A00047C04FEF50E060E070E0481959096A093F
:10D6B0007B098C019D01481759076A077B0714F401
:10D6C0008A019B01B501A401400F511F621F731F06
:10D6D000801B910BA20BB30B809307109093081043
:10D6E000A0930910B0930A10F7FC0CC080913E1073
:10D6F00090E0A0E0B0E0481759076A077B0714F4F0
:10D70000AC01BD014F3F5105610571058CF4141644
:10D710001506160617060CF06FC540930B101092F5
:10D720000D100CC0EEE8F9E0259134910C942D63B6
:10D730008FEF80930B1081E080930D1060910B10A0
:10D7400070E08AE00E940257C0920310D092041049
:10D75000E0920510F0920610809176029091770287
:10D76000803591050CF48CCB813D27E092070CF0BD
:10D770003CC120910F1330911013821793070CF4C2
:10D78000BBC02FB7F894E0911413F091151390815A
:10D79000809111138095892380832FBFA8950C94C5
:10D7A000D26180917402909175028038924014F495
:10D7B0000C94195E9FB7F894E0915902F0915A02C7
:10D7C000208180915802822B80839FBF81E08093CB
:10D7D0001E110C94195E80914D1190914E11813063
:10D7E000910509F4ACC28091AA099091AB09892BEB
:10D7F00011F00C945F624091A0055091A1056091D9
:10D80000A2057091A3058091A4099091A509A0910A
:10D81000A609B091A709481759076A077B0711F0B5
:10D820000C945F622091E6113091E7118091E41130
:10D830009091E5112817390711F00C945F629091CF
:10D84000EF0D8091F00D98130C945F6280916F0042
:10D850008D7F80936F0080916F008B7F80936F002E
:10D8600021E030E030934C1120934B1110924E1177
:10D8700010924D113093CC112093CB1181E090E0A8
:10D88000A0E0B0E08093C7119093C811A093C91194
:10D89000B093CA111092D1111092611110926011BF
:10D8A0001092E7111092E6111092E5111092E41116
:10D8B0001092A0051092A1051092A2051092A30546
:10D8C00010929B0510929A051092A4091092A50936
:10D8D0001092A6091092A7091092AC0980939C059A
:10D8E00090939D05A0939E05B0939F051092F00D17
:10D8F0001092EF0D0C945F629FB7F894E0911413AF
:10D90000F0911513208180911113822B80839FBF8A
:10D9100045CF0E94FC570091411010914210209178
:10D92000431030914410DC01CB01801B910BA20B02
:10D93000B30B8B3F9105A105B10510F40C94056064
:10D9400080914510309283032092820390917C0352
:10D9500020917D03392F321B3F3F41F1E1E0E90F78
:10D96000E0937C03A92FB0E0A658BD4F12961C92FD
:10D970003E2F321B3F3FD1F032E0390F30937C0312
:10D98000F0E0E658FD4F48E04283432F50E05093CB
:10D99000850340938403321B3F3F41F09D5F90938A
:10D9A0007C03FA01E658FD4F91E092830E945950A2
:10D9B00080917C0390917D03891B8F3F09F4ADC357
:10D9C00080918203909183038F3FEFEF9E0731F0A8
:10D9D0009927FC01E658FD4F8FEF828380918003E9
:10D9E0008F5F809380030C94FD5F80917C03309166
:10D9F0007D03982F931B9F3F41F1E1E0E80FE093F7
:10DA00007C03A82FB0E0A658BD4F12961C929E2F03
:10DA1000931B9F3FD1F092E0980F90937C03F0E02E
:10DA2000E658FD4F23E02283492F50E050938503B1
:10DA300040938403931B9F3F41F08D5F80937C0351
:10DA4000FA01E658FD4F81E0828320917C03822F0A
:10DA500090E09093830380938203422F431B4F3FB8
:10DA600009F450C32F5F20937C03FC01E658FD4F5F
:10DA700081E082834091840350918503DA01BB27C2
:10DA8000A658BD4F12968C9112978F5F12968C9369
:10DA9000129782818F5F828380917C03982F931BE2
:10DAA0009F3F09F456CA91E0980F90937C03E82FAA
:10DAB000F0E0E658FD4F8BE08283892F4ACA10922E
:10DAC000C5006C017D0110E8C10E14E8D11E1EE1F5
:10DAD000E11EF11C23E0CC0CDD1CEE1CFF1C2A9582
:10DAE000D1F79C01AD0164E0220F331F441F551F85
:10DAF0006A95D1F7C701B6010E946084DA01C901B5
:10DB00000197A109B1098093C4002FEF3FEFA9014C
:10DB1000209358113093591140935A1150935B112F
:10DB20000C94095D0E94FC57009141101091421025
:10DB30002091431030914410DC01CB01801B910BEC
:10DB4000A20BB30B8B3F9105A105B10510F40C940A
:10DB500005601091451088E00E946551812F26CF05
:10DB600070E08AE00E940257F7CD0E94FC570091B6
:10DB70004110109142102091431030914410DC016B
:10DB8000CB01801B910BA20BB30B8B3F9105A10521
:10DB9000B10510F40C9405601091451088E00E94C6
:10DBA0006551812F0E94595080917C0390917D0393
:10DBB000891B8F3F09F426C38091820390918303D0
:10DBC0008F3F2FEF920731F09927FC01E658FD4F68
:10DBD0008FEF8283809180038F5F8093800399C849
:10DBE000C0904111D0904211E0904311F090441147
:10DBF00031E0C31630E9D30631E0E306F10408F062
:10DC00003AC180903D1190903E11A0903F11B0908C
:10DC10004011BE016F5F7F4F8CE893E00E94BB53C1
:10DC2000882309F448C026013701480C591C6A1C96
:10DC30007B1C8B8586FD1BC08F73880F9C8597FB93
:10DC4000992790F9892B082E000C990BAA0BBB0B76
:10DC5000B301A201482959296A297B2984239523E4
:10DC6000A623B723892B8A2B8B2B09F04AC141E0CD
:10DC7000441A51086108710880919103833071F052
:10DC800059E0880C991CAA1CBB1C5A95D1F769E075
:10DC9000440C551C661C771C6A95D1F7A5019401AC
:10DCA00060E28CE893E00E94A655882309F4E9C25B
:10DCB00081E680938C0380918F038111FDC065E123
:10DCC00072E086E096E00E94394280913D11909189
:10DCD0003E11A0913F11B09140118C0D9D1DAE1DC4
:10DCE000BF1D80933D1190933E11A0933F11B093BF
:10DCF00040118091411190914211A0914311B09136
:10DD000044118C199D09AE09BF098093411190936C
:10DD10004211A0934311B0934411892B8A2B8B2B72
:10DD200011F00C943F6281E090E090934C1180934D
:10DD30004B110C943F620C9400000C94EA5C20910F
:10DD40006F0022FD50CD9093CC118093CB1101E058
:10DD500010E020E030E00093C7111093C811209329
:10DD6000C9113093CA111092D11110926111109201
:10DD700060111092E7111092E6111092E5111092C5
:10DD8000E4118091AA099091AB09009751F08CE8B9
:10DD900093E00E949D438091AA099091AB0900975E
:10DDA000B1F71092A0051092A1051092A205109251
:10DDB000A30510929B0510929A051092A409109247
:10DDC000A5091092A6091092A7091092AC0901E0CA
:10DDD00010E020E030E000939C0510939D05209317
:10DDE0009E0530939F051092F00D1092EF0DFFCC21
:10DDF00000E1E132F00741F0D701C6018E7F892BA7
:10DE00008A2B8B2B09F012C20027112798010C19BD
:10DE10001D092E093F096081718182819381A901C9
:10DE200098010E945184DC01CB01048004C0B695A6
:10DE3000A795979587950A94D2F7442455243201E3
:10DE4000481A590A6A0A7B0ABBCB452B09F049C01C
:10DE500083E090E09093870380938603A1E0B0E095
:10DE6000B0938B03A0938A030C94DC5FF901E6580E
:10DE7000FD4F0C94D866C12C70E9D72EEE24E394A4
:10DE8000F12CBFCE80918403825080937C030C944C
:10DE90000160FC01E658FD4FC8C88091491090917F
:10DEA0004A10009709F040C188E199E09093401032
:10DEB00080933F100C9454668CE893E00E94F63FE8
:10DEC000FECE251731F065E172E08AE299E00E940A
:10DED00039428EE299E09093401080933F100C9469
:10DEE000175F81E090E090938703809386030C9402
:10DEF000DC5F8E7F3E7F0C947D668E7F2E7F0C9440
:10DF0000F96382E680938C03D6CE87E00E940449B1
:10DF10001092F70E1092F60E1092401010923F10D1
:10DF20000C940560E0917C032E2F30E0FE2FF81B4F
:10DF3000FF3F39F0EF5FE0937C03F901E658FD4FB6
:10DF40000283FB01B280B394B2820C94D9647091C5
:10DF50007C03872F90E0E72FE31BEF3F39F07F5FD3
:10DF600070937C03FC01E658FD4F6283FA017281D5
:10DF70007F5F728389C940918203509183034F3F31
:10DF8000EFEF5E0709F4F0C0A0918403B091850320
:10DF900030917D03FA01FF278F0106581D4FF801CC
:10DFA00082818F5F828380917C03982F931B9F3F98
:10DFB00059F021E0280F20937C0390E086589D4F74
:10DFC00061E0FC016283822FBB27A658BD4F1296E9
:10DFD0009C9112979F5F12969C93831B8F3FA9F091
:10DFE0004F3F5F4F11F40C9425658FEFD8011296C7
:10DFF0008C930C942565425040937C030C94BD6730
:10E00000FC01E658FD4F0C94866780918403825092
:10E0100080937C030C942A65E0E9F9E02591349122
:10E020000C94D66290914610933809F4CBC060915D
:10E03000451080915B02681368CF6F5F09F4F2C0EE
:10E04000609345107093F80E1092F90E492F50E02E
:10E05000FA01E058F109E234F10508F4DDC0692F56
:10E0600081E00E9404490C94FD5FE0EBF1E0259112
:10E0700034910C942D630097A105B10509F0EBC014
:10E0800000E010E098011ECB509540953095219509
:10E090003F4F4F4F5F4F66857785808991890E94FA
:10E0A0005184DC01CB01028804C0B695A7959795F1
:10E0B00087950A94D2F7B095A095909581959F4F3A
:10E0C000AF4FBF4FCDCA50954095309521953F4FEA
:10E0D0004F4F5F4F65817681878190850E94518483
:10E0E000DC01CB01018404C0B695A795979587956F
:10E0F0000A94D2F744275527BA01481B590B6A0BDB
:10E100007B0B88CAFC01E658FD4FB4CC8E7F0C9483
:10E11000F96366587D4F0C94826480918403825029
:10E1200080937C030C94FD5F20914B102F3F11F4E2
:10E130000C94B86520919A0530919B05B9016F5FE9
:10E140007F4F70939B0560939A05D901A457BC4FEC
:10E150001E961C92019790934A1080934910892B28
:10E1600009F4A2CE0C94B86591E080917C03482F0D
:10E1700050E0509383034093820330917D03282F16
:10E18000231B2F3F41F08F5F80937C03FA01E658F9
:10E19000FD4F81E08283A0918403B0918503FD014E
:10E1A000FF27E658FD4F82818F5F8283992311F408
:10E1B0000C941A654091820350918303EBCE8E7FBD
:10E1C0000C947D6681E0809345107093F80E109258
:10E1D000F90E0E94C3488091F60E9091F70E891BAC
:10E1E000833010F00C94FD5F65E172E08AEB9AE0F9
:10E1F0000E9439420C94FD5F10920B1081E08093D5
:10E200000D109CCA80918403825080937C030C94EF
:10E210008966542F0C94D6638827EE58FF4F8F4F92
:10E220000C949E8481E0809345100CCFA701960149
:10E2300069E370E181E290E10E94803E0C94D2613A
:10E24000309283032092820380917C03891B8F3F4D
:10E2500009F0C0CC21C9181419041A041B040CF0CD
:10E260000FCF44275527BA01481959096A097B0974
:10E270008C019D0184179507A607B7070CF022CAE9
:10E280001FCAA301920161E28CE893E00E94A655A7
:10E2900081110ECD20E030E0A90166E28CE893E028
:10E2A0000E94A655811104CD60E177E28CE893E0ED
:10E2B0000E941C40811114C083E680938C03FBCC28
:10E2C00080918403825080937C0355C980E499E057
:10E2D0009093401080933F100C94166690E045CFC9
:10E2E00080918F03882309F4F0CC8CE893E00E949E
:10E2F000F63FEBCC0E945D7B6093391170933A112D
:10E3000080933B1190933C1121E06115744081058D
:10E31000910509F49BC2209338110E94C3485BCF3A
:10E320000E945D7B609358117093591180935A112C
:10E3300090935B110E94FC57DC01CB010A96A11D52
:10E34000B11D80935C1190935D11A0935E11B09309
:10E350005F110E94C3483FCF0E94C64910925211DC
:10E36000109253111092541110925511682F70E0B1
:10E3700089E00E9402570E94C3482DCF0E945D7B16
:10E380006B017C0180914B1190914C11019731F000
:10E3900065E172E08EEB96E00E94394281E090E008
:10E3A000A0E0B0E080933D1190933E11A0933F1107
:10E3B000B0934011C0924111D0924211E0924311AA
:10E3C000F092441182E090E090934C1180934B11B5
:10E3D0000E94C34800CF0E94FA82FDCE0E94C64927
:10E3E000182F0E943D8240E0BC01812F0E949B516A
:10E3F0000E94C348F0CE0E94247B2B013C010E9466
:10E40000247B4B015C010E94247B6B017C010E94F8
:10E41000247B0E94247B81E0809316114092FA12A3
:10E420005092FB126092FC127092FD128092FE12CA
:10E430009092FF12A0920013B0920113C0920213A7
:10E44000D0920313E0920413F09205130E94C34884
:10E45000C2CE0E948A80BFCE0E94C649082F10E01B
:10E460000115110509F408C280914B1190914C11CE
:10E470000197B1F583E090E090934C1180934B119C
:10E4800010934E1100934D112FEF30E03093461151
:10E490002093451110924A1110924911109248117F
:10E4A000109247118FE00E944B82109250111092EF
:10E4B0004F110E9491530130110509F4C9C180ED3B
:10E4C00097E0909389008093880080916F0082602C
:10E4D00080936F00BBCF0E94B0830E94C3487BCE65
:10E4E00065E172E08DE496E00E943942C3CF0E945C
:10E4F000247B0E9401820E94C3486DCE56D66BCE0B
:10E50000D5D569CE81E0809357110E94C34863CE70
:10E510000E945D7B2B013C010E945D7B4B015C01F5
:10E520000E945D7B6B017C010E94C649082F0E94FE
:10E53000C649182F0E94C6494092291150922A11AB
:10E5400060922B1170922C1180922D1190922E11AD
:10E55000A0922F11B0923011C0923111D09232118D
:10E56000E0923311F092341100933511109336116B
:10E57000809337110E94C3482ECE0E943D827C01B9
:10E580000E943D828C010E943D82F0922411E09213
:10E590002311109326110093251190932811809335
:10E5A00027110E94C34817CE0E94C6490E949B8132
:10E5B00012CE0E94C649182F0E94C649082F61E05A
:10E5C000812F0E94C156602F812F0E948E560E947B
:10E5D000C34801CE0E94C6490E942A81FCCD81E039
:10E5E0008093D1110E94C348F6CD0E94C649082FDE
:10E5F0000E94C649182F013009F46DC110930C1008
:10E600000E94C348E8CDAED7E6CD0E94A382E3CDF9
:10E610000E94C649182F0E94C649082F0E94C64969
:10E62000682F70E0762F6627600F711D812F0E9482
:10E63000FD830E94C348CFCDCE01815A9F4F0E94D7
:10E64000057CCE01865A9F4F0E94057CFDD79B0119
:10E65000AC01CE018B5A9F4FA9962FAFA997AA96CE
:10E660003FAFAA97AB964FAFAB97AC965FAFAC9767
:10E670000E94057CCE01805B9F4F0E94057CCE01ED
:10E68000855B9F4F0E94057CDFD74B015C01CE016B
:10E690008A5B9F4F0E94057CCE018F5B9F4F0E943B
:10E6A000057CCE0101960E94057C0E943D823C01C2
:10E6B000E1E0F0E0EC0FFD1FFF93EF93A696FFADB6
:10E6C000A697FF93A5960FADA5970F93A8961FAD9C
:10E6D000A8971F93A7967FADA7977F93CE01855BE1
:10E6E0009F4F6C01DE01A05BBF4F7D018E010B5A75
:10E6F0001F4FA9962FADA997AA963FADAA97AB96A3
:10E700004FADAB97AC965FADAC97BE01665A7F4FED
:10E7100044960E94977B70921C1160921B110E947C
:10E72000C3480F900F900F900F900F900F9053CD04
:10E730000E94127F50CD0E94C64910925B02FE01DA
:10E7400031967F0110E0082F0AC00E94C649D70108
:10E750008D937D011F5F10935B02103411F0101335
:10E76000F4CF602FCE0101960E94137C34CD0E941D
:10E770003D828C010E94C6491093130F0093120F23
:10E780008093140F0E94C34826CD0E943D827C01D5
:10E790000E94C649182F0E943D82F092130FE0920A
:10E7A000120F1093140F9093160F8093150F0E9461
:10E7B000C34811CD0E94C649182F0E943D82BC015A
:10E7C000812F9DD60E94C34806CD0E943D820097AE
:10E7D00099F02FB7F8949093F40D8093F30D2FBF19
:10E7E00035CE0E94C64991E0811101C090E090931E
:10E7F000080F0E94C348EFCC0E94844F80916F00A5
:10E800008B7F80936F0022CE0E942684E4CC0E94EE
:10E81000E380E1CC49D5DFCCB7D3DDCC57D2DBCC1C
:10E82000A1D2D9CC0E94844F1092161110924C1193
:10E8300010924B110E94C348CECCE0D2CCCC0E94A7
:10E84000BB80C9CCA6D10E94C348C5CC20E063CD13
:10E850001092F20D1092F10D80ED97E090938B00E5
:10E8600080938A00909389008093880080916F0044
:10E87000846080936F00EACD65E172E08CE496E0FD
:10E880000E94394280914B1190914C11019709F0EF
:10E8900027CE83E090E090934C1180934B1110921F
:10E8A0004E1110924D11AFEFB0E0B0934611A0930E
:10E8B000451110924A11109249111092481110926C
:10E8C00047118FE00E944B821092501110924F110D
:10E8D0000E949153F4CD682F70E08AE00E940257A5
:10E8E0008DCECF93DF9310927B0210927A0210921A
:10E8F0007D0310927C031092800380E590E090935A
:10E90000770280937602909375028093740284E676
:10E9100080938C031092910380E58093950310926D
:10E92000960310929903109298031092AB091092DB
:10E93000AA091092A9091092A80984EA95E0909377
:10E94000AE098093AD091092A0051092A105109216
:10E95000A2051092A30510929B0510929A051092A1
:10E96000A4091092A5091092A6091092A709109265
:10E97000AC0981E090E0A0E0B0E080939C0590932A
:10E980009D05A0939E05B0939F051092F00D1092E7
:10E99000EF0D1092F20D1092F10D1092F70E1092F1
:10E9A000F60E1092780F1092770F1092070F1092B8
:10E9B000060F80E890E09093160F8093150F21E0EA
:10E9C0002093080F21E030E03093130F2093120FB3
:10E9D0001092140F9093110F8093100F80E094E029
:10E9E00090930B0F80930A0F1092090F1092FC0E58
:10E9F0001092FD0E1092FE0E1092FF0E1092010F5B
:10EA00001092000F1092020F1092030F1092040F39
:10EA10001092050F85E58093FA0E1092FB0E10926E
:10EA20007A0F1092790F1092BB0FEBEBFFE080E5AD
:10EA300090E0929382932FE0EB37F207D1F7109298
:10EA4000FC0FECEFFFE080E590E092938293AFE063
:10EA5000EC3BFA07D1F7EEE0F0E1F093FE0FE09324
:10EA6000FD0F10920C1010920D1033E1EF01232FC7
:10EA700019922A95E9F781E090E0A0E0B0E0809358
:10EA80000E1090930F10A0931010B093111021E06E
:10EA9000209312108093131090931410A0931510CC
:10EAA000B0931610E1E2F0E1EF0119923A95E9F71F
:10EAB0008093211090932210A0932310B0932410E0
:10EAC000209325108093261090932710A093281050
:10EAD000B093291010923E101092E1111092E011A3
:10EAE0001092E5111092E4111092E7111092E611C4
:10EAF00010926111109260111092DC111092D111DC
:10EB000010925211109253111092541110925511EB
:10EB100010925611109257118FEF9FEFDC018093E6
:10EB2000581190935911A0935A11B0935B11109200
:10EB30004C1110924B1110924E1110924D111092D7
:10EB40001611109218111092171110921A1110929A
:10EB5000191110921F111092201110922111109270
:10EB600022111092501110924F11EEE4F0E180E565
:10EB700090E081939193D1E1E631FD07D1F71092B6
:10EB8000401010923F1081E080934510DF91CF91AB
:10EB900008951092101310920F1380910D139091FD
:10EBA0000E13892B19F51092FF0F1092001010927E
:10EBB000011010920210809174029091750291954B
:10EBC00081959109092E000CAA0BBB0B80930310B1
:10EBD00090930410A0930510B093061010920710A4
:10EBE000109208101092091010920A1010920E1331
:10EBF00010920D1310923E1080910F1390911013EC
:10EC0000892B19F51092FF0F10920010109201102D
:10EC100010920210809174029091750291958195E5
:10EC20009109092E000CAA0BBB0B80930310909343
:10EC30000410A0930510B0930610109207101092C4
:10EC400008101092091010920A10109210131092CE
:10EC50000F1380916F008D7F80936F0080916F0004
:10EC60008B7F80936F0081E090E090934C118093B4
:10EC70004B1110924E1110924D119093CC11809324
:10EC8000CB1181E090E0A0E0B0E08093C7119093B9
:10EC9000C811A093C911B093CA111092D11110924A
:10ECA0006111109260110E94C1331092F00D109208
:10ECB000EF0D1092521110925311109254111092A4
:10ECC000551160E070E089E00C940257CF93DF9318
:10ECD00000D01F92CDB7DEB78EE90E9465518091BA
:10ECE0000F139091101389839A830E9459508A813F
:10ECF0000E94595080910D1390910E138B839C8329
:10ED00000E9459508C810E94595080E00E945950B5
:10ED100080E00E94595080917C0390917D03891B73
:10ED20008F3F31F480918403825080937C0313C021
:10ED300080918203909183038F3F2FEF920731F0F0
:10ED40009927FC01E658FD4F8FEF82838091800365
:10ED50008F5F809380030F900F900F900F90DF9143
:10ED6000CF910895CF93DF9300D01F92CDB7DEB738
:10ED70008DE90E9465518091760290917702898396
:10ED80009A830E9459508A810E945950809174023E
:10ED9000909175028B839C830E9459508C810E94B4
:10EDA000595080E00E94595080E00E945950809153
:10EDB0007C0390917D03891B8F3F31F48091840304
:10EDC000825080937C0313C08091820390918303CF
:10EDD0008F3F2FEF920731F09927FC01E658FD4F46
:10EDE0008FEF8283809180038F5F809380030F90E9
:10EDF0000F900F900F90DF91CF910895CF93DF93F5
:10EE0000CDB7DEB760970FB6F894DEBF0FBECDBFAB
:10EE100088E90E946551E091D712F091D812908153
:10EE20008091D612982381E009F080E00E94595029
:10EE30008091FA123091FB122091FC129091FD12F8
:10EE400089833A832B839C830E9459508A810E9434
:10EE500059508B810E9459508C810E945950E091E9
:10EE6000D412F091D51290818091D312982381E031
:10EE700009F080E00E9459508091FE123091FF12FB
:10EE800020910013909101138D833E832F839887E7
:10EE90000E9459508E810E9459508F810E94595072
:10EEA00088850E945950E091D112F091D212908140
:10EEB0008091D012982381E009F080E00E9459509F
:10EEC0008091021330910313209104139091051344
:10EED00089873A872B879C870E9459508A850E9490
:10EEE00059508B850E9459508C850E945950E09151
:10EEF000CE12F091CF1290818091CD12982381E0B3
:10EF000009F080E00E945950809102133091031360
:10EF100020910413909105138D873E872F87988B3E
:10EF20000E9459508E850E9459508F850E945950D9
:10EF300088890E94595080917C0390917D03891BA0
:10EF40008F3F31F480918403825080937C0313C0FF
:10EF500080918203909183038F3F2FEF920731F0CE
:10EF60009927FC01E658FD4F8FEF82838091800343
:10EF70008F5F8093800360960FB6F894DEBF0FBE5C
:10EF8000CDBFDF91CF910895CF93DF93CDB7DEB79B
:10EF900060970FB6F894DEBF0FBECDBF8FE90E9419
:10EFA00065518091FA123091FB122091FC129091E0
:10EFB000FD1289833A832B839C830E9459508A8156
:10EFC0000E9459508B810E9459508C810E94595047
:10EFD0008091FE123091FF12209100139091011345
:10EFE0008D833E832F8398870E9459508E810E9483
:10EFF00059508F810E94595088850E9459508091A4
:10F000000213309103132091041390910513898703
:10F010003A872B879C870E9459508A850E945950B5
:10F020008B850E9459508C850E94595080910613FF
:10F030003091071320910813909109138D873E8713
:10F040002F87988B0E9459508E850E9459508F852A
:10F050000E94595088890E94595080917C03909158
:10F060007D03891B8F3F31F480918403825080930C
:10F070007C0313C080918203909183038F3F2FEF15
:10F08000920731F09927FC01E658FD4F8FEF8283FC
:10F09000809180038F5F8093800360960FB6F89411
:10F0A000DEBF0FBECDBFDF91CF9108950F931F93A9
:10F0B000CF93DF93CDB7DEB72C970FB6F894DEBFB2
:10F0C0000FBECDBF8CEB0E9465510DE312E1F8013C
:10F0D000848135812681978189833A832B839C8320
:10F0E0000E9459508A810E9459508B810E94595028
:10F0F0008C810E945950F801808531852285938545
:10F100008D833E832F8398870E9459508E810E9461
:10F1100059508F810E94595088850E945950F8019A
:10F12000848535852685978589873A872B879C87AF
:10F130000E9459508A850E9459508B850E945950CF
:10F140008C850E945950005F1F4FF2E10D3C1F0754
:10F1500009F0BDCF80917C0390917D03891B8F3F87
:10F1600031F480918403825080937C0313C080919A
:10F170008203909183038F3F2FEF920731F09927FD
:10F18000FC01E658FD4F8FEF8283809180038F5FF3
:10F19000809380032C960FB6F894DEBF0FBECDBFD0
:10F1A000DF91CF911F910F9108950F931F93CF93EC
:10F1B000DF93CDB7DEB72C970FB6F894DEBF0FBE46
:10F1C000CDBF8DEB0E94655103EB19E0F801808102
:10F1D00031812281938189833A832B839C830E948E
:10F1E00059508A810E9459508B810E9459508C81BC
:10F1F0000E945950F80184813581268197818D8341
:10F200003E832F8398870E9459508E810E945950C7
:10F210008F810E94595088850E945950F80180853D
:10F2200031852285938589873A872B879C870E9421
:10F2300059508A850E9459508B850E9459508C855F
:10F240000E945950005F1F4FF9E0033F1F0709F06C
:10F25000BDCF80917C0390917D03891B8F3F31F45A
:10F2600080918403825080937C0313C08091820339
:10F27000909183038F3F2FEF920731F09927FC0184
:10F28000E658FD4F8FEF8283809180038F5F8093DC
:10F2900080032C960FB6F894DEBF0FBECDBFDF9172
:10F2A000CF911F910F910895CF93DF93CDB7DEB724
:10F2B000A4970FB6F894DEBF0FBECDBF81EA0E94BF
:10F2C000655180914B110E94595080917602909126
:10F2D00077028D879E870E9459508E850E945950D3
:10F2E00080917402909175028F87988B0E9459507B
:10F2F00088890E9459508091A0059091A105A09104
:10F30000A205B091A3054091A4095091A50960916F
:10F31000A6097091A709841B950BA60BB70B8983CF
:10F320009A83AB83BC830E9459508A810E945950B2
:10F330008B810E9459508C810E9459508091A00568
:10F340003091A1052091A2059091A3058D833E8364
:10F350002F8398870E9459508E810E9459508F8127
:10F360000E94595088850E9459508091E4119091D3
:10F37000E5112091E6113091E711821B930B9A8BD6
:10F38000898B0E9459508A890E9459508091EF0DB3
:10F390009091F00D891B90E09C8B8B8B0E945950B3
:10F3A0008C890E94595080914F11909150118D8BF2
:10F3B0009E8B0E9459508E890E94595080910F1344
:10F3C000909110138F8B988F0E945950888D0E94B6
:10F3D000595080910D1390910E13898F9A8F0E942E
:10F3E00059508A8D0E94595090910B1080910C10A9
:10F3F000811101C0892F0E9459508091100F909166
:10F40000110F8B8F9C8F0E9459508C8D0E945950E8
:10F410008091090F882361F080910A0F90910B0F62
:10F420008D8F9E8F0E9459508E8D0E94595006C01C
:10F4300080E00E94595084E00E9459508091061348
:10F4400030910713209108139091091389873A8707
:10F450002B879C870E9459508A850E9459508B8522
:10F460000E9459508C850E9459508091451190916D
:10F4700046118F8F98A30E94595088A10E9459501D
:10F48000809147119091481189A39AA30E945950E5
:10F490008AA10E9459508091491190914A118BA3E1
:10F4A0009CA30E9459508CA10E94595080917C03CA
:10F4B00090917D03891B8F3F31F4809184038250AA
:10F4C00080937C0313C080918203909183038F3FCC
:10F4D0002FEF920731F09927FC01E658FD4F8FEF8F
:10F4E0008283809180038F5F80938003A4960FB600
:10F4F000F894DEBF0FBECDBFDF91CF910895CF93BB
:10F50000C82F81E090E09093F20D8093F10DC093AD
:10F51000F50D7093F40D6093F30D8C2FBCD7C0FFE5
:10F5200002C0899801C0899AC1FF02C08F9A01C0A8
:10F530008F9880910B01C2FF05C0826080930B0100
:10F54000439A04C08D7F80930B014398C3FF02C090
:10F55000169A01C0169880916F00846080936F00A6
:10F56000CF910895DF92EF92FF920F931F93CF9365
:10F57000DF9300D000D0CDB7DEB780EB0E9465519D
:10F58000E090770F8091780FE81AF12C86E0D82E62
:10F59000FE1461F10091780F81E0800F8093780F65
:10F5A0000F70D09E80011124095E104FF8018081F8
:10F5B000918189839A830E9459508A810E9459506F
:10F5C000F801828193818B839C830E9459508C81A6
:10F5D0000E945950F801848195818D839E830E94F9
:10F5E00059508E810E945950F394D2CF80917C0360
:10F5F00090917D03891B8F3F31F480918403825069
:10F6000080937C0313C080918203909183038F3F8A
:10F61000FFEF9F0731F09927FC01E658FD4F8FEF70
:10F620008283809180038F5F8093800326960FB63C
:10F63000F894DEBF0FBECDBFDF91CF911F910F9128
:10F64000FF90EF90DF9008950F931F93CF93DF9378
:10F650000E94C649C82F0E94C649082F0E94C64969
:10F66000D82F0E94C6494D2F50E060E070E0BA01EB
:10F670005527442710E020E030E0322F212F102FB3
:10F680000027400F511F621F731F4C0F511D611D3A
:10F69000711D90E0A0E0B0E0B82FAA279927882735
:10F6A0008A019B01080F191F2A1F3B1FC901B801BE
:10F6B000DF91CF911F910F9108950F931F93CF93D7
:10F6C000DF930E94C649D82F0E94C649C82F0E94C6
:10F6D000C649082F0E94C649482F50E060E070E0FC
:10F6E000742F66275527442710E020E030E098016A
:10F6F00011270027400F511F621F731F4D0F511D0F
:10F70000611D711D8C2F90E0A0E0B0E0BA2FA92FF1
:10F71000982F88278A019B01080F191F2A1F3B1F5A
:10F72000C901B801DF91CF911F910F9108958F9278
:10F730009F92AF92BF92CF92DF92EF92FF920F9380
:10F740001F93CF93DF93CDB7DEB7FC0195E0AEE01A
:10F75000B0E101900D929A95E1F785E0FB01A3E1FC
:10F76000B0E101900D928A95E1F720931810309343
:10F77000191040931A1050931B1085E0F801ACE16A
:10F78000B0E101900D928A95E1F785E0F701A1E2E1
:10F79000B0E101900D928A95E1F785E0F601A6E2CD
:10F7A000B0E101900D928A95E1F780922B10909232
:10F7B0002C10A0922D10B0922E1085E0E889F989C6
:10F7C000AFE2B0E101900D928A95E1F785E0EA8918
:10F7D000FB89A4E3B0E101900D928A95E1F785E001
:10F7E000EC89FD89A9E3B0E101900D928A95E1F7DA
:10F7F000DF91CF911F910F91FF90EF90DF90CF900D
:10F80000BF90AF909F908F900895CF93DF93EC01BE
:10F8100054DF688379838A839B830E94C6498C83E3
:10F82000DF91CF9108952F923F924F925F926F9206
:10F830007F928F929F92AF92BF92CF92DF92EF9280
:10F84000FF920F931F93CF93DF93CDB7DEB7D250C4
:10F850000FB6F894DEBF0FBECDBF9C01CE0101965E
:10F860005C0180E4F50111928A95E9F7603410F4A7
:10F87000962F01C090E4492F50E0B901C5010E94C4
:10F88000CB840E94FC576093DF097093E00980935A
:10F89000E1099093E20966246A94762CDD24DA94D7
:10F8A0004424439479E2272EECE03E2EF5E0CF2E5F
:10F8B0008E010F5F1D4FAEEF5A2E88248394912C3A
:10F8C0000E94FC576093CF097093D0098093D109AF
:10F8D0009093D2098091780290917902892B09F056
:10F8E00062C08CE893E00E9478558111D9C120E074
:10F8F00030E0A90168E18CE893E00E94A6558823D6
:10F9000049F02091900342E36CE083E00E94E653CB
:10F910000E94D340D50180E090E02D91E92FFF2790
:10F92000E227EE0FFF1FEC58FE4E25913491982FE1
:10F93000882782279327A017B10779F75EBC0DB4FB
:10F9400007FEFDCF29812EBD2A81FE0133960DB41D
:10F9500007FEFDCF2EBDE017F10711F02191F7CF83
:10F960000DB407FEFDCF9EBD0DB407FEFDCF8EBDCD
:10F970000DB407FEFDCFDEBC0DB407FEFDCF8EB586
:10F98000809390038F71853009F482C187E580935D
:10F990008C0380918F03882309F485C18CE893E060
:10F9A0000E94F63F80C18CE893E00E947855811157
:10F9B00077C120E030E0A9016DE08CE893E00E947F
:10F9C000A655811108C0DEBC0DB407FEFDCF8EB573
:10F9D000882309F486C04091900390917C03809124
:10F9E0007D03292F281B2F3F79F0E1E0E90FE093F9
:10F9F0007C03A92FB0E0A658BD4F12961C922E2F63
:10FA0000281B2F3F09F08FC190917C03A92FB0E0F4
:10FA1000B0938303A0938203292F281BA658BD4FC0
:10FA20002F3F31F09F5F90937C0312964C92129778
:10FA3000E0918403F0918503FF27E658FD4F928102
:10FA40009F5F928312969C9112979F5F12969C9350
:10FA5000A0917C039A2F981B9F3F49F091E09A0F49
:10FA600090937C03B0E0A658BD4F12963C929281D1
:10FA70009F5F92832091820330918303D901BB273A
:10FA8000A658BD4F12969C9112979F5F12969C9319
:10FA9000A0917C039A2F981B9F3F49F091E09A0F09
:10FAA00090937C03B0E0A658BD4F12962C929281A1
:10FAB0009F5F92832F3F3F4F09F450C1411166C1B0
:10FAC000709283036092820390917C03981B9F3F06
:10FAD00009F07CC180918403825080937C030E9452
:10FAE000D34080918F03882321F08CE893E00E941B
:10FAF000F63F1092790210927802C092940392E03D
:10FB0000E92EF12C0E94FC572091CF093091D009A9
:10FB10004091D1095091D209DC01CB01821B930B9A
:10FB2000A40BB50B4091D3095091D4096091D5092C
:10FB30007091D6094F5F5F4F6F4F7F4F4093D3094E
:10FB40005093D4096093D5097093D6094091D70991
:10FB50005091D8096091D9097091DA09480F591F5D
:10FB60006A1F7B1F4093D7095093D8096093D90926
:10FB70007093DA094091DB095091DC096091DD094D
:10FB80007091DE09481759076A077B0740F4809394
:10FB9000DB099093DC09A093DD09B093DE09F2E064
:10FBA000EF16F10409F08CCE0E94FC570091DF099A
:10FBB0001091E0092091E1093091E209DC01CB01CB
:10FBC000801B910BA20BB30B0091E3091091E40988
:10FBD0002091E5093091E6090F5F1F4F2F4F3F4FEE
:10FBE0000093E3091093E4092093E5093093E609B3
:10FBF0000091E7091091E8092091E9093091EA099B
:10FC0000080F191F2A1F3B1F0093E7091093E809EB
:10FC10002093E9093093EA090091EB091091EC096E
:10FC20002091ED093091EE09081719072A073B07C3
:10FC300040F48093EB099093EC09A093ED09B09305
:10FC4000EE098AEA0E94655181E00E945950809134
:10FC50007C0390917D03891B8F3F31F48091840355
:10FC6000825080937C03C5C080918203909183036E
:10FC70008F3F2FEF920731F09927FC01E658FD4F97
:10FC80008FEF8283809180038F5F80938003B1C068
:10FC90008CE893E00E94434090927902809278022F
:10FCA000E12CF12C2FCF8091940381508093940309
:10FCB000811135C0F0909003E0908C0383E00E94A6
:10FCC00065518CE00E9459508E2D0E9459508F2D05
:10FCD0000E94595080917C0390917D03891B8F3F36
:10FCE00031F480918403825080937C0312C0809110
:10FCF0008203909183038F3FFFEF9F0729F099279D
:10FD0000FC01E658FD4FD282809180038F5F809383
:10FD100080030E94D340EE24E394F12CF3CEEE2432
:10FD2000E394F12CEFCE22E0290F20937C03F0E046
:10FD3000E658FD4F33E03283622F70E07093850305
:10FD400060938403281B2F3F09F45ECE9D5F909340
:10FD50007C03FB01E658FD4F428256CE90917C0316
:10FD6000292F30E03093830320938203592F581BAF
:10FD70005F3F41F09F5F90937C03D901A658BD4F30
:10FD800012964C9292819F5F928398CEA0918203AB
:10FD9000B0918303BB27A658BD4F12969C91129732
:10FDA0009F5F12969C93A0917C039A2F981B9F3F74
:10FDB00049F091E09A0F90937C03B0E0A658BD4FB4
:10FDC00012964C9392819F5F92837ECE80918203A4
:10FDD000909183038F3FEFEF9E0729F09927FC0155
:10FDE000E658FD4FD282809180038F5F809380031D
:10FDF00076CEDE5F0FB6F894DEBF0FBECDBFDF91CB
:10FE0000CF911F910F91FF90EF90DF90CF90BF9017
:10FE1000AF909F908F907F906F905F904F903F90AA
:10FE20002F9008959F92AF92BF92CF92DF92EF9260
:10FE3000FF920F931F93CF93DF93CDB7DEB7D250CE
:10FE40000FB6F894DEBF0FBECDBF0E94FC57609383
:10FE5000BF097093C0098093C1099093C209992486
:10FE60009A9485E0A82E90E3B92E0E94FC576093E7
:10FE7000AF097093B0098093B1099093B20920E063
:10FE800030E0A90161E18CE893E00E94A655882347
:10FE900019F0B0928C0315C040E052E0BE016F5FD4
:10FEA0007F4F8CE893E00E944940882351F0809175
:10FEB0008F03882309F417C18CE893E00E94F63F72
:10FEC00012C180918F03882321F08CE893E00E9477
:10FED000F63F80919303815080939303811131C049
:10FEE0001091900300918C0383E00E94655189E09A
:10FEF0000E945950802F0E945950812F0E945950C2
:10FF000080917C0390917D03891B8F3F31F4809118
:10FF10008403825080937C0312C08091820390916D
:10FF200083038F3F2FEF920729F09927FC01E658B2
:10FF3000FD4F9282809180038F5F809380030E94A7
:10FF4000D34001E010E00E94FC57C090AF09D09070
:10FF5000B009E090B109F090B209DC01CB018C1935
:10FF60009D09AE09BF09C090B309D090B409E090D3
:10FF7000B509F090B6092FEFC21AD20AE20AF20AC6
:10FF8000C092B309D092B409E092B509F092B609D3
:10FF9000C090B709D090B809E090B909F090BA09BB
:10FFA000C80ED91EEA1EFB1EC092B709D092B8092E
:10FFB000E092B909F092BA09C090BB09D090BC098F
:10FFC000E090BD09F090BE09C816D906EA06FB0606
:10FFD00040F48093BB099093BC09A093BD09B093F2
:10FFE000BE090230110509F040CF0E94FC57009174
:10FFF000BF091091C0092091C1093091C209DC01EB
:020000021000EC
:10000000CB01801B910BA20BB30B0091C309109184
:10001000C4092091C5093091C6090F5F1F4F2F4FAA
:100020003F4F0093C3091093C4092093C50930932F
:10003000C6090091C7091091C8092091C9093091DA
:10004000CA09080F191F2A1F3B1F0093C7091093E5
:10005000C8092093C9093093CA090091CB091091AE
:10006000CC092091CD093091CE09081719072A072C
:100070003B0740F48093CB099093CC09A093CD0922
:10008000B093CE098BEA0E94655181E00E945950DD
:100090006FE370E0CE0101968FD4682FCE010196F8
:1000A0000E94AF5080917C0390917D03891B8F3F0C
:1000B00031F480918403825080937C0319C0809135
:1000C0008203909183038F3F2FEF920731F099279E
:1000D000FC01E658FD4F8FEF8283809180038F5F94
:1000E0008093800305C0A092930302E010E02BCF21
:1000F000DE5F0FB6F894DEBF0FBECDBFDF91CF91AC
:100100001F910F91FF90EF90DF90CF90BF90AF9035
:100110009F90089581EC0E94655181E00E945950A2
:1001200065E08DE292E00E94AF506AE083E392E0E6
:100130000E94AF5080917C0390917D03891B8F3F7B
:1001400031F480918403825080937C0308958091E0
:100150008203909183038F3F2FEF920731F099270D
:10016000FC01E658FD4F8FEF8283809180038F5F03
:1001700080938003089587E90E946551809116114C
:100180000E94595080917C0390917D03891B8F3F81
:1001900031F480918403825080937C030895809190
:1001A0008203909183038F3F2FEF920731F09927BD
:1001B000FC01E658FD4F8FEF8283809180038F5FB3
:1001C000809380030895CF93DF9300D01F92CDB723
:1001D000DEB782EA0E94655180910C0F30910D0FBD
:1001E00020910E0F90910F0F89833A832B839C836C
:1001F0000E9459508A810E9459508B810E94595007
:100200008C810E94595080917C0390917D03891BC1
:100210008F3F31F480918403825080937C0313C01C
:1002200080918203909183038F3F2FEF920731F0EB
:100230009927FC01E658FD4F8FEF82838091800360
:100240008F5F809380030F900F900F900F90DF913E
:10025000CF9108950F931F93CF93DF9300D01F92F8
:10026000CDB7DEB7182F62E00E94C156212F30E0D3
:10027000F901E65EFB4E8491F901EC52FC4E0491CB
:10028000F901E257FC4E14911123A1F081110E9453
:100290002656E12FF0E0EE0FFF1FEC58FC4EA59123
:1002A000B491EC91E02391E080E009F490E0092F13
:1002B000182F02C000E010E086EB0E946551C801D3
:1002C000110FAA0BBB0B89839A83AB83BC830E945B
:1002D00059508A810E9459508B810E9459508C81BB
:1002E0000E94595080917C0390917D03891B8F3F20
:1002F00031F480918403825080937C0313C08091F9
:100300008203909183038F3F2FEF920731F099275B
:10031000FC01E658FD4F8FEF8283809180038F5F51
:10032000809380030F900F900F900F90DF91CF91EB
:100330001F910F9108950F931F93CF93DF9300D0D8
:100340001F92CDB7DEB7863308F0865390917B00BD
:10035000282F2870977F922B90937B008770806462
:1003600080937C0080917A00806480937A008091F1
:100370007A0086FDFCCF109178000091790088EB1F
:100380000E946551812F90E0902B092E000CAA0B42
:10039000BB0B89839A83AB83BC830E9459508A81AB
:1003A0000E9459508B810E9459508C810E94595053
:1003B00080917C0390917D03891B8F3F31F4809164
:1003C0008403825080937C0313C0809182039091B8
:1003D00083038F3F2FEF920731F09927FC01E658F6
:1003E000FD4F8FEF8283809180038F5F8093800326
:1003F0000F900F900F900F90DF91CF911F910F9161
:1004000008958091AA099091AB09892B31F065E19B
:1004100072E085E598E00E94394265E172E086E588
:1004200098E00E9439428CE893E00E949D4381113C
:10043000FACF8EEB0E94655180917C0390917D03F1
:10044000891B8F3F31F480918403825080937C0319
:10045000089580918203909183038F3F2FEF92073D
:1004600031F09927FC01E658FD4F8FEF8283809190
:1004700080038F5F809380030895CF930E94C649C5
:10048000C82F0E94C649282F30E0922F88278C0F52
:10049000911DCF910895882361F02FB7F894E091D2
:1004A0002913F0912A13308190912813932B908374
:1004B0002FBF80FF0DC03FB7F894E091E612F09196
:1004C000E71220819091E5129095922390833FBF8F
:1004D00081FF0DC03FB7F894E091E312F091E41270
:1004E00020819091E2129095922390833FBF82FFEA
:1004F0001AC03FB7F894E091E012F091E112208128
:100500009091DF129095922390833FBF3FB7F8946C
:10051000E091DD12F091DE1220819091DC12909535
:10052000922390833FBF83FF0DC02FB7F894E091D3
:10053000DA12F091DB1290818091D9128095892393
:1005400080832FBF0895CF93DF9300D01F92CDB744
:10055000DEB78FEA0E94655120912B1330912C1346
:10056000CE0101962115310529F48F5293419A83CA
:10057000898304C0821B930B9A83898389819A8122
:10058000092E000CAA0BBB0B89839A83AB83BC8317
:100590000E9459508A810E9459508B810E94595063
:1005A0008C810E94595080917C0390917D03891B1E
:1005B0008F3F31F480918403825080937C0313C079
:1005C00080918203909183038F3F2FEF920731F048
:1005D0009927FC01E658FD4F8FEF828380918003BD
:1005E0008F5F809380030F900F900F900F90DF919B
:1005F000CF9108950F931F93CF93DF93CDB7DEB7BD
:1006000060970FB6F894DEBF0FBECDBF87E80E949B
:100610006551BE016F5F7F4F8CE893E00E94BB5332
:10062000882309F45DC08981807C71F58F81837096
:1006300090E0982F8827990F990F288544E0249FF0
:1006400090011124822B932B29852295269526959E
:100650002370822B0196A0E0B0E04A854370440FDE
:100660002B8527FB222720F9422B2E812F7030E08B
:10067000240F311D2750310904C0880F991FAA1F6C
:10068000BB1F2A95D2F72FC0803451F58A8590E0A0
:10069000A0E0B0E08C019D010F5F1F4F2F4F3F4F37
:1006A000498550E060E070E0B62FA52F942F882791
:1006B000800F911FA21FB31F48854F7350E060E069
:1006C00070E0BA0155274427840F951FA61FB71F56
:1006D0003AE0880F991FAA1FBB1F3A95D1F703C0B4
:1006E00080E090E0DC010197A109B10989839A8338
:1006F000AB83BC830E9459508A810E9459508B81E0
:100700000E9459508C810E94595080917C03909195
:100710007D03891B8F3F31F4809184038250809345
:100720007C0313C080918203909183038F3F2FEF4E
:10073000920731F09927FC01E658FD4F8FEF828335
:10074000809180038F5F8093800360960FB6F8944A
:10075000DEBF0FBECDBFDF91CF911F910F910895E6
:10076000CF93DF9380914B1190914C11029734F00D
:1007700065E172E088EE95E00E94394210921D1109
:10078000C1E0D0E0D093CC11C093CB1181E090E0D8
:10079000A0E0B0E08093C7119093C811A093C91155
:1007A000B093CA111092D111109261111092601180
:1007B0000E94C1331092F00D1092EF0DD0934C11A6
:1007C000C0934B119FB7F894E0912913F0912A132D
:1007D000208180912813822B80839FBF80E094E04A
:1007E000A0E0B0E08093391190933A11A0933B11AF
:1007F000B0933C11DF91CF9108950F931F93CF9346
:10080000C82F8B01823030F065E172E086E896E017
:100810000E943942C80117FF04C088279927801B0E
:10082000910B813F910534F065E172E087E896E035
:100830000E943942EC2FF0E0EE0FFF1FEA5EFE4E01
:1008400012830183CF911F910F910895CF93DF936E
:100850000E94C649C82F0E94C649282F30E0322F77
:100860002227C9018C0F911D9093030280930202ED
:100870000E94C649843631F062E084EADF91CF916C
:100880000C940449CEE4D0E1F8DD8993999381E199
:10089000C631D807C9F761E084EADF91CF910C94A3
:1008A0000449DB018F939F935DD0BF91AF91A29FCD
:1008B000800D911DA39F900DB29F900D112408955E
:1008C000A1E21A2EAA1BBB1BFD010DC0AA1FBB1F54
:1008D000EE1FFF1FA217B307E407F50720F0A21BC6
:1008E000B30BE40BF50B661F771F881F991F1A9433
:1008F00069F760957095809590959B01AC01BD015D
:10090000CF010895052E97FB16F400940FD057FDE4
:1009100005D0D6DF07FC02D046F408C050954095BC
:10092000309521953F4F4F4F5F4F0895909580959B
:10093000709561957F4F8F4F9F4F0895EE0FFF1F6A
:10094000881F8BBF0790F691E02D19948927082EF8
:10095000029480258C5F8B7F8A5F83FD83958170F5
:100960009927089509D0A59F900DB49F900DA49F3D
:10097000800D911D11240895A29FB001B39FC00165
:10098000A39F700D811D1124911DB29F700D811DBB
:100990001124911D0895FB01DC014150504048F0A5
:1009A00001900D920020C9F701C01D9241505040A6
:1009B000E0F70895F8940BC0FC016150704001907D
:1009C0000110D8F7809590958E0F9F1F0895F89489
:0209D000FFCF57
:1009D2000300AA0000002F13800074786275666617
:1009E20065722E680064647072696E742E63707032
:1009F2000068616C5F6176722E6370700037383008
:100A0200383100323032362D30342D3038006464C3
:100A120074656D702E6370700066696C73656E73B9
:080A22006F722E63707000007A
:00000001FF
