{
    "tempFlowrateCurve_80": {
        "version": 3,
        "slippage": 0.100000,
        "data": [
            [207.862562, 8.014906],
            [216.202183, 9.016956],
            [220.237987, 10.418904],
            [225.461687, 11.081912],
            [229.775369, 11.606770],
            [236.831835, 13.115882],
            [239.713579, 13.202653],
            [245.742772, 13.489723],
            [249.838025, 13.706955]
        ]
    }
}
