{
    "tempFlowrateCurve_80": {
        "version": 3,
        "slippage": 0.100000,
        "data": [
            [208.773102, 10.253815],
            [215.117553, 10.690352],
            [220.099797, 11.125734],
            [225.291538, 11.390097],
            [230.373836, 11.675959],
            [235.528315, 12.169484],
            [242.015417, 13.170867],
            [245.697259, 13.504519],
            [249.612716, 13.655322],
            [254.995655, 14.147365],
            [260.143795, 14.403180]
        ]
    }
}
