{
    "tempFlowrateCurve_80": {
        "version": 3,
        "slippage": 0.100000,
        "data": [
            [188.537414, 11.249236],
            [194.802153, 12.084226],
            [199.906985, 13.063640],
            [204.987074, 13.089260],
            [210.822919, 14.592587],
            [215.044534, 15.010980],
            [220.187230, 15.673952],
            [224.656974, 15.899157],
            [231.479579, 17.531961],
            [235.344040, 18.226803],
            [240.659082, 18.969921],
            [246.780193, 19.958201],
            [250.303130, 21.082086]
        ]
    }
}
