{
    "tempFlowrateCurve_80": {
        "version": 2,
        "slippage": 0.100000,
        "data": [
            [188.220614, 3.238317],
            [192.727361, 5.456876],
            [198.659740, 5.731931],
            [203.245141, 6.572795],
            [208.685021, 6.972728],
            [213.069900, 9.001865],
            [218.791654, 9.437877],
            [223.518920, 10.960473],
            [228.967978, 11.763094],
            [233.568937, 13.385424],
            [238.895835, 13.735678],
            [243.652273, 14.617650],
            [248.422972, 14.915564],
            [253.673723, 15.270908],
            [258.602826, 15.770742]
        ]
    }
}
