{
    "tempFlowrateCurve_80": {
        "version": 3,
        "slippage": 0.100000,
        "data": [
            [187.590524, 3.876169],
            [193.510617, 4.907725],
            [198.399837, 5.278401],
            [203.551904, 5.805852],
            [208.787896, 6.661524],
            [213.192225, 8.092454],
            [218.590858, 8.715639],
            [223.835974, 9.220649],
            [228.680953, 10.419033],
            [233.042557, 10.806484],
            [238.402248, 11.177799],
            [244.247869, 11.792612],
            [248.397552, 12.138801],
            [253.683850, 12.380862],
            [258.790278, 12.830027]
        ]
    },
    "tempFlowrateCurve_40": {
        "version": 3,
        "slippage": 0.100000,
        "data": [
            [189.161369, 1.047165],
            [195.724685, 1.861889],
            [200.424261, 2.423880],
            [205.863960, 3.542508],
            [209.948768, 3.804544],
            [215.512515, 4.135423],
            [220.045329, 4.442706],
            [225.268552, 4.897315],
            [230.454637, 5.281404],
            [235.402313, 5.668922],
            [240.212873, 5.908264],
            [246.126691, 6.737062],
            [249.923750, 7.061626],
            [254.734013, 7.145435],
            [260.200378, 7.567780]
        ]
    }
}
