{
    "tempFlowrateCurve_80": {
        "version": 3,
        "slippage": 0.100000,
        "data": [
            [187.590524, 3.876169],
            [193.510617, 4.907725],
            [198.399837, 5.278401],
            [203.551904, 5.805852],
            [208.787896, 6.661524],
            [213.192225, 8.092454],
            [218.590858, 8.715639],
            [223.835974, 9.220649],
            [228.680953, 10.419033],
            [233.042557, 10.806484],
            [238.402248, 11.177799],
            [244.247869, 11.792612],
            [248.397552, 12.138801],
            [253.683850, 12.380862],
            [258.790278, 12.830027]
        ]
    }
}
