{
    "tempFlowrateCurve_80": {
        "version": 3,
        "slippage": 0.100000,
        "data": [
            [209.818025, 2.656466],
            [214.550214, 3.070709],
            [220.208957, 3.359603],
            [225.265281, 3.924775],
            [230.318656, 4.404986],
            [236.048955, 5.023709],
            [240.797322, 5.772205],
            [245.493258, 6.560333],
            [249.709932, 7.368255],
            [254.909878, 7.940747],
            [260.100742, 9.533010]
        ]
    },
    "tempFlowrateCurve_40": {
        "version": 3,
        "slippage": 0.100000,
        "data": [
            [210.524226, 1.032827],
            [214.959831, 1.227443],
            [220.128182, 1.370794],
            [224.981964, 1.571592],
            [230.228571, 1.771713],
            [235.496829, 1.975742],
            [239.971604, 2.157259],
            [245.861370, 2.512592],
            [250.665860, 2.859257],
            [255.486052, 3.268666],
            [259.971425, 3.662424]
        ]
    }
}

