{
  "properties_80" : {
      "version":  4,
      "slippage": 0.10,
      "Kpwm":     0.198854741183,
      "Ktemp":    0.240853974938,
      "P0pwm":    82.3496732026,
      "FR0pwm":   3.23754772644
      "P0temp": 200.0
  }
}
