{
  "properties_80" : {
      "version":  4,
      "slippage": 0.10,
      # Material properties:
      "Kpwm": 0.176060370046,
      "Ktemp": 0.191552696915,
      "P0pwm": 90.2549019608,
      "FR0pwm": 6.15280506958 
  }
}
