{
    "tempFlowrateCurve_80": {
        "version": 2,
        "slippage": 0.05,
        "data": [
            [209.163634, 3.634751],
            [213.708847, 4.705544],
            [219.183945, 5.233750],
            [223.946022, 6.074395],
            [229.010938, 6.625092],
            [233.927017, 7.175560],
            [239.295168, 7.877014],
            [244.191563, 8.595316],
            [248.884462, 9.082484],
            [254.037966, 9.516080],
            [259.005698, 9.965450]
        ]
    }
}
