{
    "tempFlowrateCurve_80": {
        "version": 1,
        "slippage": 0.100000,
        "data": [
            [207.486284, 1.878551],
            [213.988801, 2.153964],
            [218.854882, 2.860538],
            [223.611836, 3.045236],
            [227.946000, 4.854304],
            [234.058306, 5.528232],
            [238.236325, 6.910613],
            [243.504674, 8.526718],
            [248.173193, 9.193122],
            [253.309275, 9.911382],
            [258.586441, 10.102316]
        ]
    }
}
