{
    "tempFlowrateCurve_80": {
        "version": 1,
        "data": [
            [209.505302, 2.746306],
            [214.009709, 3.828465],
            [219.270973, 4.837974],
            [224.138213, 5.720601],
            [229.090804, 6.628119],
            [234.060489, 7.335363],
            [239.081344, 8.169357],
            [244.345300, 9.246423],
            [248.879061, 10.133983],
            [254.050781, 10.964606],
            [258.992920, 11.787493]
        ]
    }
}

