{
    "tempFlowrateCurve_80": {
        "version": 3,
        "slippage": 0.100000,
        "data": [
            [209.753331, 8.438891],
            [215.052287, 10.112316],
            [220.055291, 11.006960],
            [225.319181, 11.853188],
            [230.954253, 12.660169],
            [235.015224, 13.272586],
            [240.268657, 13.933204],
            [245.809497, 14.548718],
            [249.848115, 15.174756]
        ]
    }
}

