{
    "tempFlowrateCurve_80": {
        "version": 3,
        "slippage": 0.100000,
        "data": [
            [206.362161, 8.495961],
            [213.577119, 9.784095],
            [219.114997, 10.455492],
            [224.344148, 12.715272],
            [228.890415, 13.529014],
            [234.475080, 13.742990],
            [239.297397, 16.402237],
            [244.136398, 17.914795],
            [248.741548, 18.196555]
        ]
    }
}
