:1000000058C6000087C6000085C6000083C60000F1
:1000100081C600007FC600007DC600007BC60000D0
:1000200079C6000077C6000075C6000073C60000E0
:1000300071C600006FC600006DC600006BC60000F0
:1000400069C600000C94504C0C94664863C60000CE
:1000500061C600005FC600005DC600000C94FC6530
:1000600059C600000C94B44E55C6000053C600009B
:1000700051C600004FC600004DC600004BC6000030
:1000800049C6000047C6000045C6000043C6000040
:1000900041C600003FC600003DC600003BC6000050
:1000A00039C6000037C6000035C6000033C6000060
:1000B00031C600002FC600002DC600002BC6000070
:1000C00029C6000027C6000025C6000023C6000080
:1000D00021C600001FC600001DC600001BC6000090
:1000E00019C60000161FDD1E1B1B1B1B1B1BAE1E93
:1000F000A11E9E1E711E5F1E5A1E1B1B1B1B1B1B5F
:100100001B1B1B1B1B1B1B1B1B1B1B1B1B1B1B1B3F
:100110001B1B571E541E1B1B1B1B1B1B441E411E5F
:100120003E1E3B1E1B1B381E1B1B1B1B971C921CC1
:10013000A61C9A1CB51C901CBE1CB21C301D1B1B9F
:100140001C1D191D161D0A1D1B1B1B1B041D1B1B23
:10015000FF1CEE1C261E0F1EDA1DD41D2E1E2B1E8C
:10016000311EB81DA21DDA1E656369636D6373637A
:10017000796364637F6385638B63916397639D6336
:10018000A363A9636463AF63B5635F631F6527659A
:100190002C65366540650E654A6552655A6564652D
:1001A0006E657865876591650E659B65A565AF652C
:1001B000441F041D671B2A1A2B195718A21706176C
:1001C0007B16001692152D15D1147C142E14E513F0
:1001D000A11362132613ED12B812851255122712BD
:1001E000FC11D211AA1184115F113B111911F810E1
:1001F000D910BA109C108010641049102F101510DF
:10020000FC0FE40FCD0FB60FA00F8A0F750F610F13
:100210004C0F390F250F130F000FEE0EDD0ECB0E16
:10022000BA0EAA0E990E890E7A0E6A0E5B0E4C0E4D
:100230003E0E2F0E210E130E060EF80DEB0DDE0DE9
:10024000D10DC50DB80DAC0DA00D940D880D7D0D13
:10025000710D660D5B0D500D450D3B0D300D260DDE
:100260001B0D110D070DFD0CF30CEA0CE00CD70C67
:10027000CD0CC40CBB0CB20CA90CA00C980C8F0CB0
:10028000860C7E0C760C6D0C650C5D0C550C4D0CC3
:10029000450C3D0C350C2E0C260C1F0C170C100CAD
:1002A000080C010CFA0BF30BEC0BE50BDE0BD70B78
:1002B000D00BC90BC20BBC0BB50BAE0BA80BA10B23
:1002C0009B0B950B8E0B880B820B7B0B750B6F0BAF
:1002D000690B630B5D0B570B510B4C0B460B400B23
:1002E0003A0B350B2F0B290B240B1E0B190B130B81
:1002F0000E0B080B030BFE0AF80AF30AEE0AE90AD2
:10030000E40ADE0AD90AD40ACF0ACA0AC50AC00A10
:10031000BB0AB60AB10AAD0AA80AA30A9E0A990A3C
:10032000950A900A8B0A870A820A7E0A790A740A59
:10033000700A6B0A670A620A5E0A5A0A550A510A6B
:100340004C0A480A440A400A3B0A370A330A2F0A71
:100350002A0A260A220A1E0A1A0A160A120A0E0A6D
:100360000A0A060A020AFE09FA09F609F209EE0962
:10037000EA09E609E209DE09DA09D709D309CF0952
:10038000CB09C809C409C009BC09B909B509B10933
:10039000AE09AA09A609A3099F099B09980994090E
:1003A00091098D098A09860983097F097C097809E1
:1003B000750971096E096B096709640960095D09AE
:1003C0005A095609530950094C0949094609420975
:1003D0003F093C093909350932092F092C09290936
:1003E000250922091F091C091909160912090F09F3
:1003F0000C090909060903090009FD08FA08F708AC
:10040000F408F108ED08EA08E708E408E108DE0866
:10041000DB08D908D608D308D008CD08CA08C70811
:10042000C408C108BE08BB08B808B508B308B008BE
:10043000AD08AA08A708A408A1089F089C08990865
:100440009608930891088E088B0888088608830808
:1004500080087D087B0878087508720870086D08A8
:100460006A086808650862085F085D085A08570846
:10047000550852084F084D084A08480845084208E0
:1004800040083D083A0838083508330830082E0877
:100490002B0828082608230821081E081C0819080C
:1004A0001708140811080F080C080A08070805089F
:1004B00002080008FD07FB07F807F607F307F10736
:1004C000EE07EC07EA07E707E507E207E007DD07C5
:1004D000DB07D807D607D407D107CF07CC07CA0751
:1004E000C707C507C307C007BE07BB07B907B707DC
:1004F000B407B207B007AD07AB07A807A607A40764
:10050000A1079F079D079A079807960793079107EA
:100510008F078C078A0788078507830781077E076F
:100520007C077A0778077507730771076E076C07F2
:100530006A0767076507630761075E075C075A0775
:1005400058075507530751074F074C074A074807F5
:100550004607430741073F073D073A073807360775
:10056000340731072F072D072B07290726072407F4
:10057000220720071D071B07190717071507120772
:1005800010070E070C070A070707050703070107EF
:10059000FF06FC06FA06F806F606F406F206EF0673
:1005A000ED06EB06E906E706E506E206E006DE06EE
:1005B000DC06DA06D806D506D306D106CF06CD0668
:1005C000CB06C806C606C406C206C006BE06BC06E2
:1005D000B906B706B506B306B106AF06AD06AA065C
:1005E000A806A606A406A206A0069E069C069906D4
:1005F00097069506930691068F068D068B0688064C
:1006000086068406820680067E067C067A067706C3
:100610007506730671066F066D066B06690666063B
:100620006406620660065E065C065A0658065606B2
:10063000530651064F064D064B064906470645062A
:10064000430640063E063C063A06380636063406A1
:10065000320630062D062B06290627062506230618
:1006600021061F061D061A0618061606140612068F
:1006700010060E060C060A06070605060306010606
:10068000FF05FD05FB05F905F605F405F205F00586
:10069000EE05EC05EA05E805E505E305E105DF05FE
:1006A000DD05DB05D905D705D405D205D005CE0576
:1006B000CC05CA05C805C605C305C105BF05BD05EE
:1006C000BB05B905B705B405B205B005AE05AC0567
:1006D000AA05A705A505A305A1059F059D059B05E1
:1006E000980596059405920590058E058B0589055C
:1006F00087058505830581057E057C057A057805D6
:100700007605730571056F056D056B056805660552
:100710006405620560055D055B05590557055505CE
:10072000520550054E054C0549054705450543054D
:1007300041053E053C053A053805350533053105CB
:100740002F052C052A0528052605230521051F054B
:100750001C051A0518051605130511050F050C05CE
:100760000A050805060503050105FF04FC04FA0453
:10077000F804F504F304F104EE04EC04EA04E704DD
:10078000E504E304E004DE04DB04D904D704D40464
:10079000D204D004CD04CB04C804C604C404C104EC
:1007A000BF04BC04BA04B804B504B304B004AE0476
:1007B000AB04A904A604A404A1049F049D049A0404
:1007C00098049504930490048E048B048904860491
:1007D000830481047E047C04790477047404720425
:1007E0006F046C046A046704650462045F045D04BA
:1007F0005A0458045504520450044D044A04480451
:100800004504420440043D043A04370435043204EC
:100810002F042D042A042704240421041F041C048B
:1008200019041604130411040E040B04080405042F
:1008300002040004FD03FA03F703F403F103EE03DB
:10084000EB03E803E503E203DF03DC03D903D6038C
:10085000D303D003CD03CA03C703C403C103BE033C
:10086000BB03B703B403B103AE03AB03A803A403F4
:10087000A1039E039B039703940391038E038A03B2
:100880008703840380037D037903760373036F0377
:100890006C036803650361035E035A035703530344
:1008A0004F034C034803440341033D03390336031C
:1008B00032032E032A03260323031F031B031703FC
:1008C00013030F030B0307030303FF02FB02F702EB
:1008D000F302EE02EA02E602E202DD02D902D502EA
:1008E000D002CC02C702C302BE02BA02B502B102F4
:1008F000AC02A702A3029E02990294028F028A020E
:10090000850280027B02760271026C02660261023D
:100910005C02560251024B02460240023A02340285
:100920002F02290223021D02160210020A020402EB
:10093000FD01F701F001E901E201DC01D501CD0182
:10094000C601BF01B701B001A801A0019801900143
:100950008801800177016E0165015C0153014A0144
:10096000400136012C01220117010C010101F500A3
:10097000EA00DD00D100C400B600A9009A008B0097
:100980007C006C005B004900370023000F00F9FF7A
:1009900000002110422063308440A550C660E770FB
:1009A000088129914AA16BB18CC1ADD1CEE1EFF1A3
:1009B0003112100273325222B5529442F772D6624B
:1009C000399318837BB35AA3BDD39CC3FFF3DEE3F3
:1009D0006224433420040114E664C774A44485549B
:1009E0006AA54BB528850995EEE5CFF5ACC58DD543
:1009F0005336722611163006D776F6669556B446EB
:100A00005BB77AA719973887DFF7FEE79DD7BCC792
:100A1000C448E5588668A77840086118022823383A
:100A2000CCC9EDD98EE9AFF9488969990AA92BB9E2
:100A3000F55AD44AB77A966A711A500A333A122A8A
:100A4000FDDBDCCBBFFB9EEB799B588B3BBB1AAB32
:100A5000A66C877CE44CC55C222C033C600C411CDA
:100A6000AEED8FFDECCDCDDD2AAD0BBD688D499D82
:100A7000977EB66ED55EF44E133E322E511E700E2A
:100A80009FFFBEEFDDDFFCCF1BBF3AAF599F788FD2
:100A90008891A981CAB1EBA10CD12DC14EF16FE1B2
:100AA0008010A100C230E3200450254046706760EA
:100AB000B9839893FBA3DAB33DC31CD37FE35EF302
:100AC000B1029012F322D23235421452776256723A
:100AD000EAB5CBA5A89589856EF54FE52CD50DC552
:100AE000E234C324A014810466744764245405448A
:100AF000DBA7FAB79987B8975FE77EF71DC73CD7A2
:100B0000D326F2369106B0165766767615463456D9
:100B10004CD96DC90EF92FE9C899E9898AB9ABA9F1
:100B20004458654806782768C018E1088238A32829
:100B30007DCB5CDB3FEB1EFBF98BD89BBBAB9ABB41
:100B4000754A545A376A167AF10AD01AB32A923A79
:100B50002EFD0FED6CDD4DCDAABD8BADE89DC98D91
:100B6000267C076C645C454CA23C832CE01CC10CC9
:100B70001FEF3EFF5DCF7CDF9BAFBABFD98FF89FE1
:100B8000176E367E554E745E932EB23ED10EF01E19
:100B900000002100240027002A002D00300033002F
:100BA00001010000040107010A01000022002500E4
:100BB00028002B002E003100340002010000050146
:100BC00008010B01000020002300260029002C0052
:100BD0002F00320000010000030106010901050594
:100BE0000505070508080808020202020A0A0808A3
:100BF00004040404010101010101010103030303D1
:100C000003030303040707070C0C0C0C0C0C0C0C5F
:100C10000202020206060606060606060B0B0B0B70
:100C20000B0B0B0B01021020200808102040102095
:100C300040800201020108040201010204081020A0
:100C4000408080402010080402018004020180409E
:100C50002010080402010804020101020408102007
:100C60004080010204081020408000000A0B0209A5
:100C70000C0D0E0807030401000000000000000036
:100C80000000000000000000000000000000000064
:100C90000000000000001211100000000000000021
:100CA0000000000000000000000000000000000044
:100CB000DC7211241FBECFEFD1E2DEBFCDBF00E05A
:100CC0000CBF12E0A0E0B2E0E2EEF3E001E00BBF07
:100CD00002C007900D92A038B107D9F723E1A0E830
:100CE000B2E001C01D92A331B207E1F716E0C9E5F9
:100CF000D6E000E006C021970109802FFE010E9486
:100D0000AE81C835D10780E00807A9F70E947D6849
:100D10000C94E28175C94F925F926F927F928F928D
:100D20009F92AF92BF92CF92DF92EF92FF920F937A
:100D30001F93CF93DF93CDB7DEB7C756D1090FB658
:100D4000F894DEBF0FBECDBF0E94F065C0902712A1
:100D5000D0902812E0902912F0902A12DC01CB01E9
:100D60008C199D09AE09BF09C0902B12D0902C128E
:100D7000E0902D12F0902E122FEFC21AD20AE20A42
:100D8000F20AC0922B12D0922C12E0922D12F09205
:100D90002E12C0902F12D0903012E0903112F090AD
:100DA0003212C80ED91EEA1EFB1EC0922F12D0921C
:100DB0003012E0923112F0923212C0903312D09081
:100DC0003412E0903512F0903612C816D906EA06B1
:100DD000FB0640F48093331290933412A0933512A3
:100DE000B09336120E94F0656B017C0180919102F4
:100DF000882309F484C180908D0290908E02A09087
:100E00008F02B090900280918502811111C0D701AC
:100E1000C6018C599F4FAF4FBF4F80938102909373
:100E20008202A0938302B093840281E080938502C2
:100E30000E94F0656093A7127093A8128093A91284
:100E40009093AA12C814D904EA04FB0408F4CAC097
:100E5000D701C6010A96A11DB11D80938D02909302
:100E60008E02A0938F02B0939002809160119091B6
:100E70006111029709F4A3C50E94F06560933712CF
:100E8000709338128093391290933A1280918D0F9B
:100E900090918E0F863F910509F455C18C3031E059
:100EA000930709F4A7C1892B09F43CC18FEF9FEF89
:100EB00090938E0F80938D0F0E94F06500913712F2
:100EC000109138122091391230913A12DC01CB0185
:100ED000801B910BA20BB30B80903B1290903C12A5
:100EE000A0903D12B0903E12EFEF8E1A9E0AAE0A0D
:100EF000BE0A80923B1290923C12A0923D12B09298
:100F00003E1280903F1290904012A0904112B090FB
:100F10004212880E991EAA1EBB1E80923F1290920A
:100F20004012A0924112B0924212809043129090CF
:100F30004412A0904512B090461288169906AA064F
:100F4000BB0640F48093431290934412A093451241
:100F5000B09346128091651190916611A09167112E
:100F6000B09168110097A105B10531F0C816D906F6
:100F7000EA06FB0608F090C780916A11882341F0C9
:100F80009091070480910804981711F40C94D619D5
:100F900080916B1190916C11A0916D11B0916E11B7
:100FA000B7FD15C040916F11509170116091711192
:100FB00070917211C416D506E606F70640F030911E
:100FC000070420910804321711F40C94291480911D
:100FD0005E1190915F11039711F40C94E3108FEF61
:100FE000809359110E94F065C0908102D0908202D6
:100FF000E0908302F09084026C157D058E059F05BC
:1010000008F041C30E94F0656093971270939812A4
:101010008093991290939A120E94A61F0E94F065E5
:10102000C0909712D0909812E0909912F0909A1276
:10103000DC01CB018C199D09AE09BF09C0909B1240
:10104000D0909C12E0909D12F0909E124FEFC41A27
:10105000D40AE40AF40AC0929B12D0929C12E09245
:101060009D12F0929E12C0909F12D090A012E0901C
:10107000A112F090A212C80ED91EEA1EFB1EC09249
:101080009F12D092A012E092A112F092A212C090F0
:10109000A312D090A412E090A512F090A612C81648
:1010A000D906EA06FB0640F48093A3129093A4129B
:1010B000A093A512B093A6120E94F06560937712D8
:1010C000709378128093791290937A12809105032D
:1010D000909106038B37910509F4B3C608F4F7C164
:1010E000833A910509F4E3C008F4CFC0863A91052C
:1010F00009F4EBC0893A910509F4F5C0F0C1460145
:1011000057013AE0830E911CA11CB11C80928D0204
:1011100090928E02A0928F02B092900281E0809312
:10112000910271CE88E080937B0085E480937C00FF
:1011300080917A00806480937A0086EF90E09093AB
:101140008E0F80938D0F80917A0086FDB5CE8091B1
:10115000780090917900039797FF02C00C94F81AD9
:10116000803F43E0940714F00C948014FC01EE0FD0
:10117000FF1FE055FE4F85919491E091101021E002
:101180002E0F20931010EF71F0E0EE0FFF1FE053D1
:10119000F04F91838083E0E1F0E140E050E0BA015C
:1011A00092918291092E000CAA0BBB0B480F591F7C
:1011B0006A1F7B1F8FE0E03DF80791F715E07595FA
:1011C0006795579547951A95D1F75093000340932B
:1011D000FF0288E080937B0087E480937C0080910D
:1011E0007A00806480937A008CE091E090938E0F77
:1011F00080938D0F80917A0086FD5ECE809178007D
:1012000090917900039797FF02C00C94251B803FB3
:10121000A3E09A0714F00C945315FC01EE0FFF1F86
:10122000E055FE4F85919491E091CF0F21E02E0F74
:101230002093CF0FEF71F0E0EE0FFF1FE357F04F59
:1012400093838283EFECFFE040E050E0BA0192919B
:101250008291092E000CAA0BBB0B480F591F6A1F65
:101260007B1FBFE0EF38FB0791F7E5E075956795C9
:1012700057954795EA95D1F75093020340930103A0
:1012800010928E0F10928D0F17CE803A910509F0B3
:1012900026C18091C00085FF3DC0809111048093DC
:1012A000C60083EA90E09093060380930503809143
:1012B000C00085FF2FC0809115048093C60086EA88
:1012C00090E090930603809305038091C00085FF12
:1012D00021C0809113048093C60089EA90E0909326
:1012E00006038093050380910B04815080930B04C7
:1012F00081110CC09091070480910804981731F077
:1013000063E372E08EEA90E00E94493E1092060389
:10131000109205030E94F065C0907712D090781269
:10132000E0907912F0907A12DC01CB018C199D09C2
:10133000AE09BF09C0907B12D0907C12E0907D1264
:10134000F0907E126FEFC61AD60AE60AF60AC0922D
:101350007B12D0927C12E0927D12F0927E12C090AD
:101360007F12D0908012E0908112F0908212C80E0D
:10137000D91EEA1EFB1EC0927F12D0928012E0920C
:101380008112F0928212C0908312D0908412E09069
:101390008512F0908612C816D906EA06FB0640F4BC
:1013A0008093831290938412A0938512B093861237
:1013B0000E94F065609367127093681280936912BF
:1013C00090936A1280915310909154108B31A9E040
:1013D0009A0709F4CFC708F4E9C0833549E09407B8
:1013E00011F40C94881208F4C2C28D35E9E09E070E
:1013F00011F40C9450128336994011F00C94081299
:1014000060915D1070915E1080918A0F9091890FAC
:10141000981B562F23E0260F921710F40C945F1799
:10142000662311F40C941E1C90E020915B10309107
:101430005C10DC01A757B14FFD0101964FEF460F3D
:10144000840F911D8757914F41912427022E229599
:10145000207F2025032E322F22952F7002262695DD
:1014600032272327220F220F220F2025E817F90702
:1014700059F730935C1020935B10890181E0850F50
:10148000FD01E80FF11D808192E0950F9D01290F6C
:10149000311DF9013081A60FB11D9C91933011F4DB
:1014A0000C94BF1B943011F40C94CD1A923011F4AB
:1014B0000C94CE1A90E0932B8017910711F40C94A2
:1014C000FE1A6091591085E00E94856792C38C36A0
:1014D000910591F08237910531F1892B39F08FEF29
:1014E0009FEF909306038093050314CF8CE690E062
:1014F000909306038093050380910B04882309F4DD
:1015000009CFE091080481E08E0F80930804F0E099
:10151000EB5FFC4F828180930C0482E790E0909314
:101520000603809305038091C00085FFF3CE809170
:101530000C048093C6008FEF9FEF90930A04809372
:101540000904E0910804F0E0EB5FFC4F8281809396
:101550000C04811170C48091090490910A04292F10
:1015600033273093140420931304AC015527509370
:10157000160440931504892B11F40C946A14232B40
:1015800011F00C94C21A82E090E0909312048093C0
:10159000110481E090E0909314048093130480EA96
:1015A00090E0909306038093050373CE893DE8E0B5
:1015B0009E0709F40DC308F402C3853E28E0920794
:1015C00009F46FC68930994009F022C7E0918A0F6B
:1015D0004091890FE41711F40C94731981E08E0F78
:1015E00080938A0FF0E0E757F14F808180935F107E
:1015F00020915B1030915C102827022E2295207FCD
:101600002025032E322F22952F7002262695322771
:101610002327220F220F220F202530935C102093C6
:101620005B1020915D1030915E1090E001972817BB
:10163000390710F40C945915782F80936010281BEB
:10164000310930935E1020935D10772311F40C94D0
:101650009815672F713108F060E1609361108BE19C
:1016600099E0909354108093531080918A0F942F97
:10167000981B961710F40C94341870916010761B18
:10168000709360108AC6DC01CB018C599F4FAF4F1D
:10169000BF4F8093810290938202A0938302B09304
:1016A00084020E94F0656093471270934812809301
:1016B000491290934A128091FF0290910003803565
:1016C00091050CF46BC78132B2E19B070CF0F3C3B8
:1016D0006091201061110C949017C090F412D0907A
:1016E000F512C81AD90A0D2C000CEE08FF08E0917B
:1016F0001110F0911210F7FE02C00C945B1AB0E1C9
:10170000E232FB0711F40C948614A701960168E4F9
:1017100070E182E290E10E94E7450E94F065C0908E
:101720004712D0904812E0904912F0904A12DC0122
:10173000CB018C199D09AE09BF09C0904B12D09006
:101740004C12E0904D12F0904E12FFEFCF1ADF0ACC
:10175000EF0AFF0AC0924B12D0924C12E0924D1247
:10176000F0924E12C0904F12D0905012E090511251
:10177000F0905212C80ED91EEA1EFB1EC0924F12E4
:10178000D0925012E0925112F0925212C090531225
:10179000D0905412E0905512F0905612C816D90607
:1017A000EA06FB0640F48093531290935412A093E0
:1017B0005512B09356120E94F065C090A712D090B7
:1017C000A812E090A912F090AA12DC01CB018C19AA
:1017D0009D09AE09BF098093A7129093A812A09308
:1017E000A912B093AA1280915E1190915F11029795
:1017F00011F40C946F180E94F065C090A712D0905D
:10180000A812E090A912F090AA12DC01CB018C1969
:101810009D09AE09BF098093A7129093A812A093C7
:10182000A912B093AA1280915E1190915F11039753
:1018300009F0E8CB809160119091611181309105A0
:1018400011F40C94EF198091350A9091360A892B86
:1018500009F0D8CB40912B0650912C0660912D06B3
:1018600070912E0680912F0A9091300AA091310A32
:10187000B091320A481759076A077B0709F0C2CBB3
:101880002091F8113091F9118091F6119091F71192
:101890002817390709F0B6CB90917A0E80917B0E0C
:1018A0009813B0CB80916F008D7F80936F008091F3
:1018B0006F008B7F80936F0081E090E090935F11C9
:1018C00080935E1110926111109260119093DF115C
:1018D0008093DE1181E090E0A0E0B0E08093DA1127
:1018E0009093DB11A093DC11B093DD111092E31102
:1018F00010927411109273111092F9111092F81144
:101900001092F7111092F61110922B0610922C06DD
:1019100010922D0610922E06109226061092250681
:1019200010922F0A1092300A1092310A1092320A45
:101930001092370A8093270690932806A0932906D1
:10194000B0932A0610927B0E10927A0E1092840E9B
:101950001092850E1092860E1092870E1092800EB5
:101960001092810E1092820E1092830E4BCB853313
:10197000A9E09A0709F453C58B34994009F048C58A
:101980008091350A9091360A892B09F03AC182E09C
:1019900090E09093360A8093350A109224041092B6
:1019A0002304809159108F5F09F481E080935910CE
:1019B00083E599E0909354108093531022C1E091F5
:1019C000CE12F091CF1290818091CD12892309F42B
:1019D00036C3E091BB12F091BC1290818091BA1293
:1019E000892309F42CC3E091B812F091B9129081C7
:1019F0008091B712892309F422C34091BD125091FE
:101A0000BE126091BF127091C01277FD3CC08091F0
:101A10003D1190913E11A0913F11B091401184175A
:101A20009507A607B7077CF18091C1129091C21269
:101A3000A091C312B091C412B7FD25C040914111CD
:101A40005091421160914311709144114817590708
:101A50006A077B07C4F08091C5129091C612A091CD
:101A6000C712B091C812B7FD0EC0409145115091F8
:101A700046116091471170914811481759076A073C
:101A80007B070CF0F9C980E00E94BB6180E192E025
:101A90000E94A36181E00E94BB6188E192E00E9404
:101AA000A36184E090E00E94316282E00E94BB6109
:101AB00081E292E00E94A36189E292E00E94A36128
:101AC00083E00E94BB618AE292E00E94A36189E206
:101AD00092E00E94A3618FEF9FEF90930E0480939A
:101AE0000D048091070490910804282F291B2F3F93
:101AF00041F1E1E0E80FE0930704A82FB0E0AB5F0D
:101B0000BC4F12961C922E2F291B2F3FD1F022E0A2
:101B1000280F20930704F0E0EB5FFC4F33E03283A3
:101B2000422F50E05093100440930F04291B2F3F85
:101B300041F08D5F80930704FA01EB5FFC4F81E079
:101B4000828384E00E94616080910D0490910E0474
:101B50005091080420910F04309110043327ADEB0D
:101B6000B2E12B5F3C4F61E01FC0FC01FF27EB5F40
:101B7000FC4F42814F5F4283E09107044E2F451B8B
:101B80004F3F41F041E04E0F40930704F0E0EB5F20
:101B9000FC4F7283F90142814F5F4283F2E1A93C1D
:101BA000BF0711F40C94DF177D918F3F4FEF94071F
:101BB00009F4FEC77111D9CF8FEF9FEFEFCF892BBB
:101BC00009F026C489ED98E0909354108093531047
:101BD000E0918A0F8091890F8E1799F081E08E0F26
:101BE00080938A0FF0E0E757F14F8081882309F452
:101BF00042C310928A0F1092890F109254101092C3
:101C000053100E94F065C0906712D0906812E09067
:101C10006912F0906A12DC01CB018C199D09AE09A2
:101C2000BF09C0906B12D0906C12E0906D12F090D2
:101C30006E12EFEFCE1ADE0AEE0AFE0AC0926B12A7
:101C4000D0926C12E0926D12F0926E12C0906F12F0
:101C5000D0907012E0907112F0907212C80ED91EDE
:101C6000EA1EFB1EC0926F12D0927012E0927112A7
:101C7000F0927212C0907312D0907412E0907512AC
:101C8000F0907612C816D906EA06FB0640F4809357
:101C9000731290937412A0937512B09376120E94EF
:101CA000F0656093871270938812809389129093E5
:101CB0008A1287E194E00E94D63F0E94F065C090AE
:101CC0008712D0908812E0908912F0908A12DC017D
:101CD000CB018C199D09AE09BF09C0908B12D09021
:101CE0008C12E0908D12F0908E12FFEFCF1ADF0A67
:101CF000EF0AFF0AC0928B12D0928C12E0928D12E2
:101D0000F0928E12C0908F12D0909012E0909112AB
:101D1000F0909212C80ED91EEA1EFB1EC0928F12BE
:101D2000D0929012E0929112F0929212C09093127F
:101D3000D0909412E0909512F0909612C816D906A1
:101D4000EA06FB0640F48093931290939412A093BA
:101D50009512B09396120E94F065C090A712D09091
:101D6000A812E090A912F090AA12DC01CB018C1904
:101D70009D09AE09BF09C090AB12D090AC12E090A3
:101D8000AD12F090AE122FEFC21AD20AE20AF20A96
:101D9000C092AB12D092AC12E092AD12F092AE12A1
:101DA000C090AF12D090B012E090B112F090B21289
:101DB000C80ED91EEA1EFB1EC092AF12D092B012FE
:101DC000E092B112F092B212C090B312D090B4125D
:101DD000E090B512F090B612C816D906EA06FB06D6
:101DE00040F48093B3129093B412A093B512B093C1
:101DF000B6120E94F06560932712709328128093A8
:101E0000291290932A12C959DF4F0FB6F894DEBFFA
:101E10000FBECDBFDF91CF911F910F91FF90EF903B
:101E2000DF90CF90BF90AF909F908F907F906F90FA
:101E30005F904F9008958BE790E090930603809316
:101E400005038091C00085FF65CA20910C04209392
:101E5000C600E0910804EF5FE09308048091090454
:101E600090910A048227082E8295807F8025092E72
:101E7000982F82958F700826869598278927880F36
:101E8000880F880F802590930A048093090420917D
:101E90000704E21358CB63CB6091641170E089E0D2
:101EA0000E94F664109265111092661110926711EB
:101EB0001092681161C880E00E94BB6180E192E0ED
:101EC0000E94A36181E00E94BB6188E192E00E94D0
:101ED000A3618BE090E00E94316282E00E94BB61CE
:101EE00081E292E00E94A36181E090E00E94316271
:101EF00083E00E94BB618AE292E00E94A36180912C
:101F0000FF029091000395958795959587959595F6
:101F10008795959587950E943162F09007042091EE
:101F200008049F2D921B9F3F09F4CCC5E1E0EF0D03
:101F3000E0930704AF2DB0E0AB5FBC4F12961C924C
:101F40009E2F921B9F3F09F4ECC592E09F0D90934A
:101F50000704F0E0EB5FFC4F83E08283492F50E001
:101F60005093100440930F04921B9F3F11F40C9464
:101F70008A1BF3E0EF2EEF0CE0920704DA01AB5F6F
:101F8000BC4F81E012968C9312970E2D10E09E2D7F
:101F9000921B10930E0400930D049F3F11F40C94B8
:101FA0008C1F34E03F0D30930704B8016B5F7C4F0A
:101FB000FB01828312968C9112978F5F12968C93FD
:101FC0001297C80112811F5F1283E32FE21BEF3FBC
:101FD00009F493C5E5E0EE2EEF0CE0920704832FA1
:101FE00090E08B5F9C4F3BE0FC0132839E2D921B67
:101FF00012968C9112978F5F12968C931297FB0119
:1020000082818F5F82839F3F11F40C94E21981E0FB
:102010008E0D80930704EE2DF0E0EB5FFC4F91E016
:10202000928312969C9112979F5F12969C93821BAB
:102030008F3F09F072C342504093070477C380E09A
:102040000E94BB6180E192E00E94A36181E00E9456
:10205000BB6188E192E00E94A36183E090E00E946E
:10206000316282E00E94BB6181E292E00E94A36142
:1020700089E292E00E94A36183E00E94BB618AE250
:1020800092E00E94A36189E292E00E94A3613091F4
:10209000070470910804832F871B8F3F11F40C9461
:1020A000DA19E1E0E30FE0930704A32FB0E0AB5FA0
:1020B000BC4F12961C928E2F871B8F3F09F448C588
:1020C00022E0230F20930704F0E0EB5FFC4F63E076
:1020D0006283822F90E09093100480930F04271B5B
:1020E0002F3F11F40C94751C23E0230F2093070459
:1020F000FC01EB5FFC4FAA24A394A282422F50E084
:1021000050930E0440930D04271B2F3F11F40C94A1
:102110006E1F24E0B22EB30EB09207048A010B5F4B
:102120001C4FD8011296AC92129722812F5F228306
:1021300012962C9112972F5F12962C932B2D271B02
:102140002F3F49F03B5F30930704AB2DB0E0AB5F0E
:10215000BC4F12966C939C0182818F5F82833327E0
:1021600080910D0490910E04ADEBB2E12B5F3C4FDA
:1021700011E01FC0FC01FF27EB5FFC4F42814F5F66
:102180004283E09107044E2F471B4F3F41F041E04F
:102190004E0F40930704F0E0EB5FFC4F6283F901C0
:1021A00042814F5F4283AC01F2E1A93CBF0709F4D1
:1021B000BCC66D914F3F5F4F09F4E6C46111DACFA1
:1021C0008FEF9FEFF0CF8FB7F8940091840E1091AE
:1021D000850E2091860E3091870E8FBF8091800EE4
:1021E0009091810EA091820EB091830EBC01CD0121
:1021F000601B710B820B930B10915911603328EC0B
:10220000720727E08207910590F530EDC32E37E085
:10221000D32EE12CF12CA70196010E948C8121176D
:1022200030F58FB7F8940091840E1091850E2091AF
:10223000860E3091870E8FBF8091800E9091810E17
:10224000A091820EB091830EBC01CD01601B710B79
:10225000820B930B603338EC730737E083079105EB
:1022600008F04CC3A70196010E948C81122F109395
:1022700059110C94F2070E94F06560935510709309
:10228000561080935710909358108FEF9FEF9093B4
:102290005C1080935B1085EE98E0909354108093CF
:1022A00053104091890F942FE0918A0F842F8E1B39
:1022B000823008F462C281E08E0F80938A0FAE2FC5
:1022C000B0E0A757B14F2C9120938002222309F44C
:1022D00090CC60915B1070915C106227062E629525
:1022E000607F6025072E762F62956F7006266695B3
:1022F00076276727660F660F660F602570935C1060
:1023000060935B10EE5FE0938A0FA82FB0E0A757B1
:10231000B14F8C9180935A10882309F46ACC6827B6
:10232000062E6295607F6025072E762F62956F706E
:102330000626669576276727660F660F660F602567
:1023400070935C1060935B1087FF02C00C947E1C3E
:102350006091591026130C94C21B80E092E0909378
:102360005E1080935D1089E099E090935410809303
:10237000531030C96091611080918A0F4091890F8C
:10238000942F981B961708F46FC670916010761BF7
:1023900070936010662309F458C9009125061091C6
:1023A000260620915B1030915C10D801AB5DBB4FCD
:1023B000562F580FE82FF0E0E757F14F90819D938B
:1023C0002927022E2295207F2025032E322F2295A9
:1023D0002F700226269532272327220F220F220F45
:1023E00020258F5F8513E6CF80938A0F909380021C
:1023F0000F5F1F4F6150060F111D109326060093AB
:10240000250630935C1020935B10109261101DC95B
:102410008FEF9FEF9093541080935310F2CB409125
:10242000890FE0918A0F842F8E1B833008F4E9C650
:10243000AE2FB0E0A757B14F9C91A1E0AE0FB0E036
:10244000A757B14F8C9123E02E0F20938A0FEE5F98
:10245000F0E0E757F14F308160915B1070915C10B4
:10246000933009F473C3943011F40C94211B92300F
:1024700011F40C94221B90E0932B6817790711F448
:102480000C947A1B6091591085E00E948567109228
:102490008A0F1092890F1092260610922506ADCB56
:1024A0009091890FE0918A0F9E1709F4DBC681E0B5
:1024B0008E0FF0E0981B80938A0FE757F14F6081F1
:1024C00020915B1030915C102627022E2295207FF0
:1024D0002025032E322F22952F7002262695322793
:1024E0002327220F220F220F202530935C102093E8
:1024F0005B1070E06150710970935E1060935D1025
:1025000023E639E030935410209353100C94090AB9
:102510008091350A9091360A029709F472CB8FEFB9
:102520009FEF90930E0480930D0480910704909187
:102530000804282F291B2F3F09F4BEC2E1E0E80F51
:10254000A82FB0E0AB5FBC4F12961C922E2F291B18
:102550002F3F09F4B1C2F0E0EB5FFC4F26E022838D
:1025600022E0280F422F50E05093100440930F04B4
:10257000291B2F3F09F4A0C28D5F80930704FA0145
:10258000EB5FFC4F21E02283891B8F3F09F494C24B
:1025900080910B048F5F80930B042FCB80E00E940F
:1025A000BB6180E192E00E94A36181E00E94BB6177
:1025B00088E192E00E94A3618AE090E00E9431628B
:1025C00082E00E94BB6181E292E00E94A36181E00F
:1025D00090E00E94316283E00E94BB618AE292E057
:1025E0000E94A3618091FF029091000395958795C9
:1025F0009595879595958795959587950E943162D4
:10260000F0900704309108049F2D931B9F3F09F41D
:1026100059C2E1E0EF0DE0930704AF2DB0E0AB5FEE
:10262000BC4F12961C929E2F931B9F3F09F479C2B8
:1026300092E09F0D90930704F0E0EB5FFC4F83E086
:102640008283492F50E05093100440930F04931B52
:102650009F3F11F40C948A1B03E0E02EEF0CE092F4
:102660000704DA01AB5FBC4F81E012968C9312979E
:102670000E2D10E09E2D931B10930E0400930D045D
:102680009F3F11F40C94991F24E02F0D2093070411
:10269000B8016B5F7C4FFB01828312968C9112977D
:1026A0008F5F12968C931297C80112811F5F12835D
:1026B000E22FE31BEF3F09F420C215E0E12EEF0CFF
:1026C000E0920704822F90E08B5F9C4F2AE0FC0190
:1026D00022839E2D931B12968C9112978F5F1296D8
:1026E0008C931297FB0182818F5F82839F3F09F455
:1026F00069C681E08E0D80930704EE2DF0E0EB5F5C
:10270000FC4F91E0928312969C9112979F5F1296D4
:102710009C93831B8F3F09F48ECC8FEFDB011296C5
:102720008C9380910B048F5F80930B040E94403B3D
:102730008091010390910203803591050CF44DC204
:10274000813DB7E09B070CF005C32091F612309154
:10275000F712821793070CF4F0C22FB7F894E091A8
:10276000FB12F091FC1290818091F81280958923E0
:1027700080832FBFA8950C948D0B0E94F06500916B
:102780005510109156102091571030915810DC01BF
:10279000CB01801B910BA20BB30B8B3F9105A105C5
:1027A000B10508F42ECA809159102FEF3FEF3093F6
:1027B0000E0420930D049091070420910804392FF2
:1027C000321B3F3F41F1E1E0E90FE0930704A92FFD
:1027D000B0E0AB5FBC4F12961C923E2F321B3F3FC6
:1027E000D1F032E0390F30930704F0E0EB5FFC4F9B
:1027F00048E04283432F50E05093100440930F046D
:10280000321B3F3F41F09D5F90930704FA01EB5F5D
:10281000FC4F91E092830E94616080910704909147
:102820000804891B8F3F09F4C1C780910D04909162
:102830000E048F3F2FEF920731F09927FC01EB5FD9
:10284000FC4F8FEF828380910B048F5F80930B048A
:10285000D0C91092C5006C017D01F0E8CF0EF4E8FC
:10286000DF1EFEE1EF1EF11CCC0CDD1CEE1CFF1C7C
:10287000CC0CDD1CEE1CFF1CCC0CDD1CEE1CFF1C6C
:10288000880F991FAA1FBB1F880F991FAA1FBB1F64
:102890009C01AD01220F331F441F551F220F331F10
:1028A000441F551FC701B6010E948C81DA01C9017E
:1028B0000197A109B1098093C4008FEF9FEFDC015C
:1028C00080936B1190936C11A0936D11B0936E1166
:1028D0000C94E70784E090E0909312048093110435
:1028E0002F5F3F4F30931404209313044F5F5F4FCB
:1028F00050931604409315040C94CF0A1FEFB7CCE5
:10290000EEE8F9E0859194910C94BD086091221055
:10291000709123108091241090912510A7019601A9
:102920000E947D812B013C010090261004C076940A
:102930006794579447940A94D2F780912110882382
:1029400009F4E6C520911310309114104091151030
:102950005091161057FD7FC66581768187819085DD
:102960000E947D81DC01CB01018404C0B695A7954E
:10297000979587950A94D2F753014201880E991EC4
:10298000AA1EBB1E8091171090911810A0911910CB
:10299000B0911A10A7019601281B390B4A0B5B0B4B
:1029A00057FD82C666857785808991890E947D81E1
:1029B000DC01CB01028804C0B695A7959795879551
:1029C0000A94D2F700911B1010911C1020911D1039
:1029D00030911E10AC01BD01400F511F621F731FCB
:1029E00040931B1050931C1060931D1070931E1089
:1029F00014161506160617060CF04CC63FEF831684
:102A00009104A104B1040CF0E1C48FEF90E0A0E0C8
:102A1000B0E088199909AA09BB098A019B018417AA
:102A20009507A607B70714F48C019D01D501C401D1
:102A3000800F911FA21FB31F401B510B620B730B22
:102A400040931B1050931C1060931D1070931E1028
:102A5000F7FC0CC04091521050E060E070E0841729
:102A60009507A607B70714F4DB01CA018F3F91054C
:102A7000A105B1050CF0AAC4181619061A061B0602
:102A80000CF0D4C680931F1010922110BC018AE074
:102A90000E94F664C0921710D0921810E09219109C
:102AA000F0921A1045CEEEE8F9E0859194910C94DD
:102AB0001409C9010C941C0B80910F04825080935F
:102AC00007049BC88F2D90E040910F045091100493
:102AD00090930E0480930D04DA01BB27AB5FBC4FCB
:102AE00012962C9112972F5F12962C931297FC013D
:102AF000EB5FFC4F22812F5F228312962C9112975D
:102B00002F5F12962C931297FC01EB5FFC4F2281F2
:102B10002F5F228312968C9112978F5F12968C935F
:102B20008ACA8E2F90E040910F0450911004D0CFAC
:102B300080915D1090915E10009709F03EC685E38C
:102B400099E090935410809353106BCC8E7F93CC6C
:102B50004E2F50E020910F0430911004C901509382
:102B60000E0440930D04FC01FF27EB5FFC4F8281B4
:102B70008F5F8283DA01AB5FBC4F12968C91129704
:102B80008F5F12968C93E8CA40910704842F90E0DF
:102B9000542F571B5F3F39F04F5F40930704FC01F0
:102BA000EB5FFC4F1283F90142814F5F428306CBFA
:102BB00040910704842F90E0E42FE51BEF3F39F0AC
:102BC0004F5F40930704FC01EB5FFC4F6283F90108
:102BD00042814F5F42830C94DA0D80E00E94BB611A
:102BE00080E192E00E94A36181E00E94BB6188E1E4
:102BF00092E00E94A3618AE090E00E94316282E04C
:102C00000E94BB6181E292E00E94A36180E090E0BB
:102C10000E94316283E00E94BB618AE292E00E94DE
:102C2000A3618091010390910203959587959595F5
:102C3000879595958795959587950E9431628FEF39
:102C40009FEF90930E0480930D04809107045091A0
:102C50000804982F951B9F3F09F4A9C4E1E0E80FF1
:102C6000E0930704A82FB0E0AB5FBC4F12961C9214
:102C70009E2F951B9F3F09F436C592E0980F9093C5
:102C80000704F0E0EB5FFC4F23E02283292F30E0C4
:102C90003093100420930F04951B9F3F09F4DEC569
:102CA00043E0480F40930704F901EB5FFC4F91E0CC
:102CB0009283642F70E0451B70930E0460930D04A3
:102CC0004F3F11F40C945F1F44E0480F40930704FA
:102CD0006B5F7C4FDB0112969C93129792819F5FF2
:102CE000928312969C9112979F5F12969C93942FB9
:102CF000951B9F3F11F40C947E1F8B5F80930704FC
:102D0000A42FB0E0AB5FBC4F9AE012969C93482F83
:102D1000451B92819F5F92838FEF9FEF90930E04EC
:102D200080930D044F3F09F4C6C080910B048F5F60
:102D300080930B040E94403B1DCD9FB7F894E09117
:102D4000FB12F091FC1220818091F812822B80837B
:102D50009FBF10CD80E00E94BB6180E192E00E94A5
:102D6000A36181E00E94BB6188E192E00E94A361BF
:102D70008BE090E00E94316282E00E94BB6181E2C0
:102D800092E00E94A36180E090E00E94316283E0C3
:102D90000E94BB618AE292E00E94A36180910103DC
:102DA000909102039595879595958795959587952B
:102DB000959587950E9431628FEF9FEF90930E0457
:102DC00080930D04E0910704609108048E2F861B08
:102DD0008F3F09F4B5C321E02E0F209307048E2FF7
:102DE00090E08B5F9C4FDC0112961C92822F861B19
:102DF0008F3F09F4A4C382E08E0F80930704A22FB3
:102E0000B0E0AB5FBC4F93E012969C93282F30E06C
:102E10003093100420930F04861B8F3F09F42EC5B6
:102E20009E0F90930704A9014B5F5C4F81E0DA018C
:102E300012968C93092F10E0961B10930E040093AA
:102E40000D049F3F11F40C94801F94E09E0F90930B
:102E500007040B5F1C4FD80112968C93DA0112966F
:102E60008C9112978F5F12968C93D80112968C9149
:102E700012978F5F12968C93892F861B8F3F11F4C8
:102E80000C947C1FEB5FE0930704A92FB0E0AB5FCD
:102E9000BC4F8BE012968C939E2F961BFA01828179
:102EA0008F5F82834FEF5FEF50930E0440930D04CA
:102EB0009F3F09F03ACF2250209307043BCF0E9456
:102EC000F0650091551010915610209157103091D7
:102ED0005810DC01CB01801B910BA20BB30B8B3F75
:102EE0009105A105B10510F40C94010E1091591033
:102EF00088E00E946D61812F0E94616080910704CB
:102F000090910804891B8F3F09F450C480910D04EF
:102F100090910E048F3FBFEF9B0709F08ECC93CCAE
:102F200070E08AE00E94F66403CC90930E048093D4
:102F30000D04E091CE12F091CF1290818091CD12CC
:102F4000982381E009F080E00E946160E091BB126B
:102F5000F091BC1290818091BA12982381E009F01F
:102F600080E00E946160E091B812F091B912908106
:102F70008091B712982381E009F074C00E946160CB
:102F80008091070490910804891B8F3F09F409C3BD
:102F900080910D0490910E048F3F2FEF920731F036
:102FA0009927FC01EB5FFC4F8FEF828380910B042C
:102FB0008F5F80930B040E94403B0C943C079093DE
:102FC0000E0480930D044091BD125091BE12609189
:102FD000BF127091C01281E077FD0EC000913D11CB
:102FE00010913E1120913F113091401104171507A7
:102FF000260737070CF080E00E9461604091C11203
:103000005091C2126091C3127091C41281E077FD99
:103010000EC0009141111091421120914311309145
:10302000441104171507260737070CF080E00E94AB
:1030300061604091C5125091C6126091C7127091A3
:10304000C81281E077FD9ACF009145111091461189
:1030500020914711309148110417150726073707AB
:103060000CF48CCF80E08ACF0E94F065009155105F
:10307000109156102091571030915810DC01CB015F
:10308000801B910BA20BB30B8B3F9105A105B105E2
:1030900010F40C94010E1091591088E00E946D619B
:1030A000812F0E9461608091070490910804891B20
:1030B0008F3F09F474C380910D0490910E048F3FEB
:1030C0004FEF940731F09927FC01EB5FFC4F8FEF36
:1030D000828380910B048F5F80930B04D8C9C090CA
:1030E0005511D0905611E0905711F090581121E0F1
:1030F000C21620E9D20621E0E206F10430F0C12C2C
:1031000050E9D52EEE24E394F12C8090511190904B
:103110005211A0905311B0905411BE016F5F7F4FB8
:1031200087E194E00E948062882339F1260137010B
:10313000480C591C6A1C7B1C8B8586FDEDC28F7365
:10314000880F9C8597FB992790F9892B082E000CF6
:10315000990BAA0BBB0BB301A201482959296A2973
:103160007B2984239523A623B723892B8A2B8B2B9A
:1031700009F4D2C282E68093170480911A0488234E
:1031800021F087E194E00E945D476EE372E083E204
:1031900096E00E94493E8091511190915211A09168
:1031A0005311B09154118C0D9D1DAE1DBF1D809308
:1031B000511190935211A0935311B09354118091D7
:1031C000551190915611A0915711B09158118C1929
:1031D0009D09AE09BF098093551190935611A09394
:1031E0005711B0935811892B8A2B8B2B11F00C940B
:1031F000FB0B81E090E090935F1180935E110C9443
:10320000FB0B0E94F0650091551010915610209113
:10321000571030915810DC01CB01801B910BA20B91
:10322000B30B8B3F9105A105B10510F40C94010E71
:103230001091591088E00E946D61812F0E94616099
:103240008091070490910804891B8F3F09F4A7C25D
:1032500080910D0490910E048F3F6FEF960709F057
:1032600032CF37CF0E94F065009155101091561063
:103270002091571030915810DC01CB01801B910B2D
:10328000A20BB30B8B3F9105A105B10510F40C9473
:10329000010E1091591088E00E946D61812F0E94EB
:1032A00061608091070490910804891B8F3F09F4A5
:1032B0001FC380910D0490910E048F3FAFEF9A07CA
:1032C00031F09927FC01EB5FFC4F8FEF82838091F7
:1032D0000B048F5F80930B041092890F9FEFE0E047
:1032E000F0E081E0E8C80E94F0650091551010916F
:1032F00056102091571030915810DC01CB01801BE3
:10330000910BA20BB30B8B3F9105A105B10510F4F6
:103310000C94010E809159102FEF3FEF30930E0463
:1033200020930D049091070420910804392F321B3B
:103330003F3F41F1E1E0E90FE0930704A92FB0E03E
:10334000AB5FBC4F12961C923E2F321B3F3FD1F019
:1033500032E0390F30930704F0E0EB5FFC4F48E0B8
:103360004283432F50E05093100440930F04321BCC
:103370003F3F41F09D5F90930704FA01EB5FFC4FE4
:1033800091E092830E94616080910704909108040B
:10339000891B8F3F09F403C280910D0490910E04A4
:1033A0008F3F3FEF930709F08ECE93CE0C94000031
:1033B0000C94C807432F50E020910F043091100463
:1033C000C901CDCBDA01AB5FBC4FA4CB8FEF8093AB
:1033D0001F1081E0809321106FEF70E058CB209197
:1033E0006F0022FF02C00C94230C9093DF11809396
:1033F000DE1181E090E0A0E0B0E08093DA119093DC
:10340000DB11A093DC11B093DD111092E311109247
:103410007411109273111092F9111092F811109208
:10342000F7111092F6118091350A9091360A892B86
:1034300051F087E194E00E94D63F8091350A909147
:10344000360A892BB1F710922B0610922C06109297
:103450002D0610922E061092260610922506109226
:103460002F0A1092300A1092310A1092320A1092EA
:10347000370A81E090E0A0E0B0E0809327069093C7
:103480002806A0932906B0932A0610927B0E10926C
:103490007A0E1092840E1092850E1092860E109263
:1034A000870E1092800E1092810E1092820E109252
:1034B000830E0C942A0C20E1E533F20741F0D7018A
:1034C000C6018E7F892B8A2B8B2B09F0CDC100275B
:1034D000112798010C191D092E093F09608171817E
:1034E00082819381A90198010E947D81DC01CB0139
:1034F000048004C0B695A795979587950A94D2F74E
:10350000442455243201481A590A6A0A7B0A15CA0A
:103510008091131090911410A0911510B091161075
:10352000A7019601280F391F4A1F5B1F2093131014
:103530003093141040931510509316100BCAE22FBD
:10354000F0E020910F0430911004D901BB27AB5F4C
:10355000BC4F12968C9112978F5F12968C93129794
:10356000EB5FFC4F82818F5F828312968C91129762
:103570008F5F12968C938FEF9FEF90930E04809342
:103580000D0499CC452B09F4ECC081E090E09093B8
:103590001204809311040C94CF0A8E7F3E7F0C940A
:1035A0005A0A80910F0482508093070404CD282F7B
:1035B00030E040910F0450911004FA01FF27EB5FB7
:1035C000FC4F82818F5F8283D901AB5FBC4F129623
:1035D0008C9112978F5F12968C9382818F5F82837A
:1035E0008FEF9FEF90930E0480930D049A0163CCAC
:1035F000E0EBF1E0859194910C94BD0890915A1004
:10360000933809F4F9C060915910809180026813D1
:10361000B9C06F5F09F424C16093591050938B0FA8
:1036200010928C0F492F50E0FA01E058F109E23472
:10363000F10508F40DC1692F81E00E9485670C94A3
:10364000F90D8E7F3E7F0C943B12E0EBF1E085910B
:1036500094910C94140950954095309521953F4FC5
:103660004F4F5F4F65817681878190850E947D8174
:10367000DC01CB01018404C0B695A7959795879589
:103680000A94D2F7B095A095909581959F4FAF4F32
:10369000BF4F72C9411551056105710509F0F0C0B0
:1036A00000E010E09801C2C95095409530952195F1
:1036B0003F4F4F4F5F4F66857785808991890E9484
:1036C0007D81DC01CB01028804C0B695A795979552
:1036D00087950A94D2F7B095A095909581959F4FC4
:1036E000AF4FBF4F6FC92E2F30E040910F04509164
:1036F000100463CF241731F06EE372E087E499E0A1
:103700000E94493E8BE499E09093541080935310AB
:103710000C94C00CCA01DCC931E0431A510861089D
:10372000710880911C04833071F039E0880C991C79
:10373000AA1CBB1C3A95D1F749E0440C551C661CE9
:10374000771C4A95D1F7A501940160E287E194E0E6
:103750000E94D362882309F4A9C081E680931704EC
:103760000CCD83E090E0909312048093110481E0EB
:1037700090E090931604809315040C94CF0A8E7FEA
:103780000C945A0A87E00E94856710928A0F109263
:10379000890F10925410109253100C94010E8091C6
:1037A0000F048250809307040C94471280910F04F9
:1037B0008250809307040C94F90D20915F102F3FE5
:1037C000B9F02091250630912606B9016F5F7F4F31
:1037D0007093260660932506F901E95EFB4F168675
:1037E000019790935E1080935D10892B09F4A7C90F
:1037F000E0918A0F0C94B31181E08093591050939B
:103800008B0F10928C0F0E9444678091890F9091CA
:103810008A0F891B833010F00C94F90D6EE372E06F
:1038200087ED9AE00E94493E0C94F90D10921F100A
:1038300081E08093211060E070E029C900915B1065
:1038400010915C1090E0DC01A757B14F0C943E0A38
:103850008827EE58FF4F8F4F0C94AE81A901ADCE53
:1038600081E080935910DACEA70196016DE470E1F2
:1038700085E390E10E94E7450C948D0BF90165CE3C
:10388000181419041A041B040CF00ACF882799276E
:10389000DC0188199909AA09BB098A019B0148170B
:1038A00059076A077B070CF0C1C8BEC8A301920183
:1038B00061E287E194E00E94D36281114ECF20E063
:1038C00030E0A90166E287E194E00E94D3628111B1
:1038D00044CF60E177E287E194E00E948347811161
:1038E00015C083E68093170448CCAC019C0137C90E
:1038F00080910F04825080930704EECC2DE539E0CF
:1039000030935410209353100C94541280911A0445
:10391000882309F440CC87E194E00E945D473BCCCA
:103920000E9444810E9447680E9444676ECF0E94B3
:1039300052816BCF0E944768182F0E944481BC01BE
:10394000812F0E945C790E9444675FCF0E9444816E
:103950000097E1F12FB7F89490937F0E80937E0E3D
:103960002FBFE2CF0E94527E50CF0E9444810E941E
:1039700047680E9444810E94446747CF0E9447687D
:10398000082F109280028823D9F00E94476889830B
:1039900081E0809380027E0132E0E30EF11CDD24A1
:1039A000D394D00E12E00AC00E944768D7018D93CD
:1039B0007D01109380021F5F113411F01D11F4CFAF
:1039C000602FCE0101960E94777C1FCF0E94834E0C
:1039D00080916F008B7F80936F00A6CF0E94476815
:1039E000182F0E944768082F61E0812F0E94B5645C
:1039F000602F812F0E94BB630E94446706CF0E9404
:103A000047680E94F67F01CF81E08093E3110E9416
:103A10004467FBCE0E944768182F0E944768682FB2
:103A2000812F0E94D27A0E944467EFCE0E940981C2
:103A3000ECCE0E946A7BE9CE0E944768182F0E9454
:103A40004768082F0E944768682F70E0762F662726
:103A5000600F711D812F0E94417B0E944467D5CE6B
:103A6000CE01815A9F4F0E94C47ACE01865A9F4F41
:103A70000E94C47A0E94E3799B01AC01CE018B5A6B
:103A80009F4FA5962FAFA597A6963FAFA697A7964F
:103A90004FAFA797A8965FAFA8970E94C47ACE01B0
:103AA000805B9F4F0E94C47ACE01855B9F4F0E942E
:103AB000C47A0E94E3794B015C018E010A5B1F4FBF
:103AC000C8010E94C47A7E01B1E4EB0EF11CC7016B
:103AD0000E94C47AFE0131966F01CF010E94C47A20
:103AE0000E9444813C01DF92CF92FF92EF921F939C
:103AF0000F93CE01855B9F4F6C01DE01A05BBF4F32
:103B00007D01015F1F4FA5962FADA597A6963FADEE
:103B1000A697A7964FADA797A8965FADA897BE01A9
:103B2000665A7F4F44960E94567A70923011609286
:103B30002F110E9444670F900F900F900F900F90DD
:103B40000F9063CE0E941C7A60934D1170934E11BA
:103B500080934F119093501121E0611574408105BD
:103B6000910509F4B9C120934C110E9444674DCED0
:103B70000E941C7A60936B1170936C1180936D118D
:103B800090936E110E94F065DC01CB010A96A11D95
:103B9000B11D80936F1190937011A0937111B09328
:103BA00072110E94446731CE81E080936A110E94B5
:103BB00044672BCE0E941C7A2B013C010E941C7A88
:103BC0004B015C010E941C7A6B017C010E944768DA
:103BD000082F0E944768182F0E94476840923D11A5
:103BE00050923E1160923F117092401180924111AB
:103BF00090924211A0924311B0924411C09245118B
:103C0000D0924611E0924711F09248110093491169
:103C100010934A1180934B110E944467F6CD0E9485
:103C200044817C010E9444818C010E944481F09275
:103C30003811E092371110933A1100933911909393
:103C40003C1180933B110E944467DFCD0E9447687E
:103C50000E946780DACD0E94C477D7CD0E94457755
:103C6000D4CD0E94E3790E94CD800E944467CDCDDF
:103C70000E944378CACD0E94B376C7CD0E94667574
:103C8000C4CD0E94B275C1CD0E94834E10922A11FC
:103C90006FE770E08DE00E94F66410925F11109261
:103CA0005E110E944467B1CD0E94FE75AECD0E94A8
:103CB000CE7FABCD0E94E3740E944467A6CD0E94E4
:103CC0004768109265111092661110926711109258
:103CD0006811682F70E089E00E94F6640E944467D2
:103CE00094CD0E941C7A6B017C0180915E119091B1
:103CF0005F11019731F06EE372E08BED96E00E9468
:103D0000493E81E090E0A0E0B0E0809351119093B3
:103D10005211A0935311B0935411C0925511D092E7
:103D20005611E0925711F092581182E090E0909372
:103D30005F1180935E110E94446767CD0E94C17B32
:103D400064CD0E944768182F0E94448140E0BC0166
:103D5000812F0E9471620E94446757CD0E94E379CF
:103D60002B013C010E94E3794B015C010E94E37945
:103D70006B017C010E94E3790E94E37981E08093EA
:103D80002A114092BD125092BE126092BF127092E0
:103D9000C0128092C1129092C212A092C312B0922D
:103DA000C412C092C512D092C612E092C712F0920D
:103DB000C812BACD0E949D7F28CD0E944768082F67
:103DC00010E00115110509F451C080915E11909128
:103DD0005F11019781F583E090E090935F118093EC
:103DE0005E1110936111009360118FEF8093591150
:103DF00010925D1110925C1110925B1110925A1189
:103E00008FE00E94DC7A10926311109262110130EF
:103E10001105C1F080ED97E09093890080938800B0
:103E200080916F00826080936F007ECD0E94197B2D
:103E30000E944467EACC6EE372E08AE696E00E9454
:103E4000493EC9CF10927D0E10927C0E80ED97E016
:103E500090938B0080938A009093890080938800D0
:103E600080916F00846080936F005ECD6EE372E09E
:103E700089E696E00E94493E80915E1190915F1123
:103E80000197C9F683E090E090935F1180935E11F3
:103E900010926111109260118FEF8093591110925E
:103EA0005D1110925C1110925B1110925A118FE00B
:103EB0000E94DC7A1092631110926211ABCF82E003
:103EC0008283DB01AB5FBC4F12968C9112978F5FA0
:103ED00012968C930C94891620E045CE22E0228322
:103EE000DA01AB5FBC4F12962C9112972F5F12969E
:103EF0002C939C010C94AC10DA0137CBA9016DCB4B
:103F000082E0DA0112968C93F801EB5FFC4F82811C
:103F10008F5F82830C944E1782E012968C931297D7
:103F2000B8016B5F7C4FFB0182818F5F82830C94B1
:103F3000F80F82E012968C931297B8016B5F7C4F5A
:103F4000FB0182818F5F82830C946B13CF92DF928F
:103F5000EF92FF920F931F93CF93DF938091731192
:103F600090917411883B23E0920711F40C94A02FD8
:103F700008F463C18E3AF4E09F0709F4FBC508F02A
:103F800088C18531A4E09A0711F40C944F3308F0EE
:103F900021C5823EE3E09E0709F467C010F40C944B
:103FA000BF318D3FB3E09B0711F40C94AE2B8C30E6
:103FB000E4E09E0711F40C94DE2B813F934011F056
:103FC0000C948C2B8091E21181508093E211882314
:103FD00009F423C12091F0113091F1118091800EEC
:103FE0009091810EA091820EB091830E820F931F4B
:103FF000A11DB11D8093800E9093810EA093820E1F
:10400000B093830EE0917A0E81E08E0F80937A0E4A
:10401000F0E0EE0FFF1FEE0FFF1FE658F54F809107
:10402000EE119091EF11A091F011B091F1118083F8
:104030009183A283B383809184119091851101971C
:104040009093851180938411892B11F40C94952BF6
:104050001092F3111092F21181E08093FA1182EE26
:1040600093E090937411809373110E94C75E811145
:10407000DAC08091ED11E0910112F09102128823D3
:1040800011F40C94AF35A0812091E4113091E51129
:104090004091E6115091E711B0E00E94B681DC0139
:1040A000CB012AE0B695A795979587952A95D1F7E4
:1040B0009093F1118093F01190917F119093EF11F3
:1040C00080917E11882311F40C94313440919A111F
:1040D00050919B1160919C1170919D1177FF02C0CE
:1040E0000C940C3A0091C2111091C3112091C4118B
:1040F0003091C511400F511F621F731F40939A11D9
:1041000050939B1160939C1170939D1191609093BB
:10411000EF11813011F00C9431344091A211509183
:10412000A3116091A4117091A51177FF02C00C94A6
:104130003F380091CA111091CB112091CC113091D0
:10414000CD11400F511F621F731F4093A211509356
:10415000A3116093A4117093A5119091EF11946035
:104160009093EF11833039F14091A6115091A7112E
:104170006091A8117091A91177FF02C00C94553875
:104180000091CE111091CF112091D0113091D11109
:10419000400F511F621F731F4093A6115093A71128
:1041A0006093A8117093A9119091EF11986090936A
:1041B000EF11843029F18091AA119091AB11A09157
:1041C000AC11B091AD11B7FF02C00C94BC39409155
:1041D000D2115091D3116091D4117091D511840FE7
:1041E000951FA61FB71F8093AA119093AB11A093A0
:1041F000AC11B093AD118091EF1180618093EF11FC
:1042000081EF93E090937411809373118091E21188
:1042100081508093E2118111DDCE82EE91E10E9406
:10422000DA4E8111D7CE81E0DF91CF911F910F91AE
:10423000FF90EF90DF90CF900895863AB2E09B0711
:1042400011F40C947C2A08F0EDC08338F2E09F074B
:1042500011F40C94922908F405C78F38A2E09A074C
:1042600011F40C94F82910F40C94B431873922E03D
:10427000920711F40C943C2A8B39A2E09A0711F4AE
:104280000C94582A8339924011F00C948C2B0C9486
:104290001A2A873FB4E09B0711F40C94D23208F03D
:1042A00012C58D3CF4E09F0709F477C010F40C941C
:1042B000C9318F3DE4E09E07E1F08B3EF4E09F07BB
:1042C00011F40C949E328A3D944011F00C948C2B86
:1042D0000E94C75E8111A7CFE0910112F0910212F6
:1042E00080818093EF118FED94E09093741180930F
:1042F00073118091E21181508093E211882311F4AF
:104300000C94E7342091F0113091F1118091800EDE
:104310009091810EA091820EB091830E820F931F17
:10432000A11DB11D8093800E9093810EA093820EEB
:10433000B093830EE0917A0E81E08E0F80937A0E17
:10434000F0E0EE0FFF1FEE0FFF1FE658F54F8091D4
:10435000EE119091EF11A091F011B091F1118083C5
:104360009183A283B3838091DE119091DF11019735
:104370009093DF118093DE11892B11F40C94F432A9
:104380001092F3111092F21181E08093FA118DECEA
:1043900094E090937411809373110E94C75E811111
:1043A00042CFE0910112F09102128081A091781128
:1043B000B0917911A80FB11D87FDBA95B09379110D
:1043C000A09378118091ED11882311F40C94093693
:1043D0002091E4113091E5114091E6115091E711DF
:1043E0000E94B681DC01CB015AE0B695A79597955E
:1043F00087955A95D1F79093F1118093F01110920F
:10440000F3111092F21181E08093FA118AED94E099
:1044100090937411809373110E94C75E882309F4EE
:104420005BCF01CF8F34E3E09E0709F4C7C108F0EA
:10443000D8C48A3023E0920711F40C94652B10F451
:104440000C94AA318733F3E09F0709F48DC08634BA
:1044500023E0920709F459C18E30934011F00C9477
:104460008C2B0E94C75E8111DECEE0910112F0918B
:1044700002122081318130938311209382110091A7
:104480007E11E02FF0E0EE0FFF1FEE0FFF1FED5843
:10449000FE4EC388D488E588F688C092D611D092A3
:1044A000D711E092D811F092D911C6E8D1E1EEEA25
:1044B000F1E110E00117F1F0488159816A817B81B7
:1044C000440F551F661F771FDB01CA018C199D0918
:1044D000AE09BF098C8B9D8BAE8BBF8B4083518304
:1044E000628373838C199D09AE09BF09848B958BF8
:1044F000A68BB78B1F5F249634961530D9F6609142
:104500007A1170917B1180917C1190917D11FC0149
:10451000E60FF71F40918411509185114E0F5F1FD8
:10452000240F351FC21AD30AE108F108C092DA112C
:10453000D092DB11E092DC11F092DD11672B11F4C7
:104540000C948C308091EE118F7B8093EE11109241
:10455000F3111092F21182E08093FA1187E393E055
:1045600090937411809373110E94C75E81115BCE8A
:104570008091ED11E0910112F0910212882311F463
:104580000C944135A081B1812091E4113091E51165
:104590004091E6115091E7110E94B681DC01CB01F8
:1045A0000AE0B695A795979587950A95D1F79093C8
:1045B000F1118093F01190917F119093EF11809100
:1045C0007E11882311F40C94D03340919A115091AC
:1045D0009B1160919C1170919D1177FF02C00C940A
:1045E000D2390091C2111091C3112091C4113091A0
:1045F000C511400F511F621F731F40939A115093B2
:104600009B1160939C1170939D1191609093EF1199
:10461000813011F00C94D0334091A2115091A3112C
:104620006091A4117091A51177FF02C00C94C0375E
:104630000091CA111091CB112091CC113091CD1164
:10464000400F511F621F731F4093A2115093A3117B
:104650006093A4117093A5119091EF1194609093C1
:10466000EF11833039F14091A6115091A71160915B
:10467000A8117091A91177FF02C00C94D637009150
:10468000CE111091CF112091D0113091D111400F46
:10469000511F621F731F4093A6115093A71160937F
:1046A000A8117093A9119091EF1198609093EF1158
:1046B000843029F18091AA119091AB11A091AC1195
:1046C000B091AD11B7FF02C00C944A394091D2119C
:1046D0005091D3116091D4117091D511840F951F11
:1046E000A61FB71F8093AA119093AB11A093AC1192
:1046F000B093AD118091EF1180618093EF1186E44A
:1047000093E090937411809373118091E211815022
:104710008093E211882311F40C94F1342091F0116C
:104720003091F1118091800E9091810EA091820EB6
:10473000B091830E820F931FA11DB11D8093800E37
:104740009093810EA093820EB093830EE0917A0E27
:1047500081E08E0F80937A0EF0E0EE0FFF1FEE0FD8
:10476000FF1FE658F54F8091EE119091EF11A09147
:10477000F011B091F11180839183A283B383809172
:10478000EE118F778093EE1180917A1190917B11C9
:10479000019790937B1180937A11892B11F40C94DB
:1047A00088301092F3111092F21182E08093FA1186
:1047B0008FE493E090937411809373110E94C75E0D
:1047C000811131CD8091ED11E0910112F091021231
:1047D000882311F40C94BF35A081B1812091E4119C
:1047E0003091E5114091E6115091E7110E94B68198
:1047F000DC01CB01DAE0B695A79597958795DA9518
:10480000D1F79093F1118093F01190917F119093D3
:10481000EF1180917E11882311F40C948334409120
:104820009A1150919B1160919C1170919D1177FF8D
:1048300002C00C94603A0091C2111091C3112091F2
:10484000C4113091C511400F511F621F731F409357
:104850009A1150939B1160939C1170939D119160DC
:104860009093EF11813011F00C9483344091A21198
:104870005091A3116091A4117091A51177FF02C00E
:104880000C94D6380091CA111091CB112091CC1103
:104890003091CD11400F511F621F731F4093A21121
:1048A0005093A3116093A4117093A5119091EF11EF
:1048B00094609093EF11833039F14091A61150919B
:1048C000A7116091A8117091A91177FF02C00C94F3
:1048D000EC380091CE111091CF112091D011309170
:1048E000D111400F511F621F731F4093A6115093A7
:1048F000A7116093A8117093A9119091EF1198607E
:104900009093EF11843029F18091AA119091AB110D
:10491000A091AC11B091AD11B7FF02C00C94E83971
:104920004091D2115091D3116091D4117091D51151
:10493000840F951FA61FB71F8093AA119093AB11E8
:10494000A093AC11B093AD118091EF118061809371
:10495000EF118EE593E09093741180937311809121
:10496000E21181508093E211882311F40C943635C2
:104970002091F0113091F1118091800E9091810E73
:10498000A091820EB091830E820F931FA11DB11DC5
:104990008093800E9093810EA093820EB093830E2D
:1049A000E0917A0E81E08E0F80937A0EF0E0EE0FA8
:1049B000FF1FEE0FFF1FE658F54F8091EE1190910B
:1049C000EF11A091F011B091F11180839183A28336
:1049D000B383DACE8D3324E0920711F40C94F731CF
:1049E00010F40C94D5318C35F4E09F0751F18036EA
:1049F00024E0920709F446C08135944009F08CC642
:104A00000E94C75E81110FCCE0910112F091021259
:104A1000808191819093DF118093DE111092ED11CE
:104A20008091751185FF99C01092F3111092F211C7
:104A300084E08093FA118CE594E090937411809354
:104A400073110E94C75E8111EECBE0910112F091CB
:104A5000021280819181A281B3818093E8119093A9
:104A6000E911A093EA11B093EB111092F311109297
:104A7000F21181E08093FA1180E694E09093741132
:104A8000809373110E94C75E8111CDCBE09101121A
:104A9000F0910212C081C093EC118091FF029091BD
:104AA0000003959587959595879595958795959507
:104AB00087952091000230910102821B930B97FF92
:104AC00002C00C9405378436910514F40C94F73524
:104AD000209128113091291140E050E06091E811B7
:104AE0007091E9118091EA119091EB110E947D8102
:104AF000DC01CB0104C0B695A79597958795CA951B
:104B0000D2F78130E0E19E07A105B10520F080E0F9
:104B100090E1A0E0B0E08093E4119093E511A093C0
:104B2000E611B093E7118130F4E09F07A105B105CC
:104B300010F40C94FB3481E08093ED1180915A11B4
:104B400090915B118E3F2FEF920711F40C94763900
:104B5000019690935B1180935A111092F311109269
:104B6000F21182E08093FA118EEA94E0909374112E
:104B7000809373110E94C75E811155CBE0910112A1
:104B8000F0910212A081B181B0937911A0937811B4
:104B90008091ED11882311F40C9494332091E41149
:104BA0003091E5114091E6115091E7110E94B681D4
:104BB000DC01CB017AE0B695A795979587957A9514
:104BC000D1F79093F1118093F0111092F31110929C
:104BD000F21181E08093FA118BEB94E090937411C1
:104BE000809373110E94C75E81111DCBE091011269
:104BF000F091021280818093EF1180EC94E0909309
:104C00007411809373118091E21181508093E211AD
:104C1000882311F40C9400342091F0113091F1119B
:104C20008091800E9091810EA091820EB091830EA2
:104C3000820F931FA11DB11D8093800E9093810E52
:104C4000A093820EB093830EE0917A0E81E08E0FD6
:104C500080937A0EF0E0EE0FFF1FEE0FFF1FE65875
:104C6000F54F8091EE119091EF11A091F011B0915C
:104C7000F11180839183A283B3838091EE118F77AA
:104C80008093EE11809175119091761186FD02C08E
:104C90000C94C1332091DE113091DF112150310984
:104CA0003093DF112093DE11232B09F069CB91FFA4
:104CB00005C08091E31181110E94855710927411F3
:104CC00010927311B0CA8C31A5E09A0711F40C94BC
:104CD000073310F40C942732863325E0920709F449
:104CE00076C08F33A5E09A0711F40C942A338C32E6
:104CF000954009F011C58091F2119091F311863A17
:104D0000E1E09E0711F40C945B36873BF1E09F07CE
:104D100011F40C94C136892B11F40C941C36E091DB
:104D20000112F09102128FEF9FEF9093F311809395
:104D3000F211808191811092EF1120E533EC3093D4
:104D4000F1112093F01133C02091F0113091F11145
:104D50008091800E9091810EA091820EB091830E71
:104D6000820F931FA11DB11D8093800E9093810E21
:104D7000A093820EB093830E81E08E0F80937A0E03
:104D8000F0E0EE0FFF1FEE0FFF1FE658F54F80918A
:104D9000EE119091EF11A091F011B091F11180837B
:104DA0009183A283B3838091E0119091E1119C01E2
:104DB000215031093093E1112093E011892B09F43E
:104DC0007DCF86E395E09093741180937311E09109
:104DD0007A0E80917B0EFE2FF81BFF3F09F0B4CFB7
:104DE00022CA8937B3E09B0711F40C946A3110F49E
:104DF0000C941C328139A3E09A0709F4DAC08D3A89
:104E0000B3E09B0709F49DC78238934009F084C43E
:104E10000E94C75E811107CA8091ED11E0910112D5
:104E2000F0910212882311F40C94B735A0812091DF
:104E3000E4113091E5114091E6115091E711B0E095
:104E40000E94B681DC01CB01EAE0B695A795979563
:104E50008795EA95D1F79093F1118093F011909195
:104E60007F119093EF1180917E11882311F40C949F
:104E70005A3440919A1150919B1160919C117091FC
:104E80009D1177FF02C00C944A3A0091C211109113
:104E9000C3112091C4113091C511400F511F621FE1
:104EA000731F40939A1150939B1160939C117093C0
:104EB0009D1191609093EF11813011F00C945A3450
:104EC0004091A2115091A3116091A4117091A5116C
:104ED00077FF02C00C9495380091CA111091CB1144
:104EE0002091CC113091CD11400F511F621F731FC3
:104EF0004093A2115093A3116093A4117093A51134
:104F00009091EF1194609093EF11833039F14091BB
:104F1000A6115091A7116091A8117091A91177FF66
:104F200002C00C94AB380091CE111091CF1120919A
:104F3000D0113091D111400F511F621F731F409348
:104F4000A6115093A7116093A8117093A911909185
:104F5000EF1198609093EF11843029F18091AA119C
:104F60009091AB11A091AC11B091AD11B7FF02C0FF
:104F70000C9490394091D2115091D3116091D41179
:104F80007091D511840F951FA61FB71F8093AA118A
:104F90009093AB11A093AC11B093AD118091EF1130
:104FA00080618093EF1181E993E090937411809375
:104FB00073118091E21181508093E211882311F4E2
:104FC0000C942C352091F0113091F1118091800ECC
:104FD0009091810EA091820EB091830E820F931F4B
:104FE000A11DB11D8093800E9093810EA093820E1F
:104FF000B093830EE0917A0E81E08E0F80937A0E4B
:10500000F0E0EE0FFF1FEE0FFF1FE658F54F809107
:10501000EE119091EF11A091F011B091F1118083F8
:105020009183A283B38380917C1190917D1101972C
:1050300090937D1180937C11892B09F4BEC5109249
:10504000F3111092F21181E08093FA1182E893E05B
:1050500090937411809373110E94C75E882309F4A2
:10506000DBCEE1C88436A2E09A0709F401C108F05A
:105070004AC3009711F40C9440338234924009F0F3
:105080004BC30E94C75E8111CEC8E0910112F0911E
:105090000212C081CC3011F40C940F3610F00C9435
:1050A0009335C73009F4DEC0CB3011F40C94FA32DA
:1050B000C33011F40C94FE3980E00E94BB6180E1A2
:1050C00092E00E94A36181E00E94BB6188E192E0CE
:1050D0000E94A3614AE065E070E080E090E00E94F9
:1050E000CE6182E00E94BB6181E292E00E94A361F6
:1050F0008C2F90E0A0E0B0E04AE0BC01CD010E941E
:10510000CE6183E00E94BB618AE292E00E94A361CB
:1051100089E292E00E94A3618091070490910804C3
:10512000282F291B2F3F41F1E1E0E80FE09307040E
:10513000A82FB0E0AB5FBC4F12961C922E2F291BFC
:105140002F3FD1F022E0280F20930704F0E0EB5F1F
:10515000FC4F33E03283422F50E0509310044093D1
:105160000F04291B2F3F41F08D5F80930704FA0144
:10517000EB5FFC4F81E0828380910704282F30E0B1
:1051800030930E0420930D04482F491B4F3F11F418
:105190000C94213B8F5F80930704D901AB5FBC4F18
:1051A00081E012968C93129720910F043091100495
:1051B000F901FF27EB5FFC4F82818F5F828312969C
:1051C0008C9112978F5F12968C93A09107048A2F6F
:1051D000891B8F3F11F40C943A3B81E08A0F809336
:1051E0000704B0E0AB5FBC4F45E012964C934281A0
:1051F0004F5F4283CC2311F40C94003B00910D04CB
:1052000010910E04A80155274B5F5C4FDA011296EE
:105210006C9112976F5F12966C93682F691B6F3FAA
:1052200011F40C94363B61E0680F60930704A82FDB
:10523000B0E0AB5FBC4F1296CC9382818F5F8283CC
:10524000691B6F3F11F40C940B3B0F3F1F4F19F07C
:105250008FEFFA01828380910B048F5F80930B04A0
:105260000E94403B84E692E0909374118093731106
:1052700080917A0E90917B0E891B80958093E2112C
:10528000882311F40C9413211092F3111092F2114F
:1052900082E08093FA1188E692E0909374118093F3
:1052A00073110E94C75E81110C941321E0910112C9
:1052B000F091021280819181809375119093761103
:1052C00087FF03C08F798093EE111092F311109233
:1052D000F21181E08093FA118AE792E090937411C1
:1052E000809373110E94C75E81110C941321E09189
:1052F0000112F0910212908190937E1181E001C021
:10530000880F9A95EAF780937F111092F31110920B
:10531000F21184E08093FA1183E892E09093741183
:10532000809373110E94C75E81110C941321E09148
:105330000112F091021280819181A281B381809348
:10534000861190938711A0938811B09389111092C0
:10535000F3111092F21184E08093FA1187E892E041
:1053600090937411809373110E94C75E81110C9405
:105370001321E0910112F091021280819181A281AA
:10538000B38180938A1190938B11A0938C11B09369
:105390008D111092F3111092F21184E08093FA11A2
:1053A0008BE892E090937411809373110E94C75E12
:1053B00081110C941321E0910112F091021280816D
:1053C0009181A281B38180938E1190938F11A093CC
:1053D0009011B09391111092F3111092F21184E098
:1053E0008093FA118FE892E0909374118093731177
:1053F0000E94C75E81110C941321E0910112F0917B
:10540000021280819181A281B38180939211909345
:105410009311A0939411B09395111092F3111092DF
:10542000F21184E08093FA1183E992E09093741171
:10543000809373110E94C75E81110C941321E09137
:105440000112F091021280819181A281B381809337
:10545000961190939711A0939811B093991110926F
:10546000F3111092F21182E08093FA1187E992E031
:1054700090937411809373110E94C75E81110C94F4
:105480001321E0910112F091021280819181909399
:105490007B1180937A111092F3111092F21182E035
:1054A0008093FA118BE992E09093741180937311B9
:1054B0000E94C75E81110C941321E0910112F091BA
:1054C00002128081918190937D1180937C111092C2
:1054D000ED11809175119091761190FFB4C01092EA
:1054E000F3111092F21184E08093FA1186EA92E0AF
:1054F00090937411809373110E94C75E81110C9474
:105500001321E0910112F091021280819181A28118
:10551000B3818093E8119093E911A093EA11B093BD
:10552000EB111092F3111092F21181E08093FA11B5
:105530008AEA92E090937411809373110E94C75E7F
:1055400081110C941321E0910112F0910212C0819B
:10555000C093EC116091E8117091E9118091EA110A
:105560009091EB11611571058105910511F40C9471
:10557000F9332091FF0230910003A9015595479519
:105580005595479555954795559547952091000216
:1055900030910102DA01A21BB30B9D01B7FF02C0DB
:1055A0000C944239A436B10514F40C94743720914C
:1055B00028113091291140E050E00E947D81DC01EA
:1055C000CB0104C0B695A79597958795CA95D2F754
:1055D0008130E0E19E07A105B10520F080E090E177
:1055E000A0E0B0E08093E4119093E511A093E61160
:1055F000B093E71181309440A105B10510F40C94EB
:105600000D3781E08093ED1180915A1190915B11DB
:105610008E3F2FEF920711F40C94FC3A0196909371
:105620005B1180935A118091E4119091E511A09142
:10563000E611B091E7118F3F9105A105B10509F081
:1056400010F40C942E371092F3111092F21182E0A4
:105650008093FA1180E093E090937411809373111A
:105660000E94C75E81110C9413218091ED11E0918D
:105670000112F0910212882311F40C946533A08179
:10568000B1812091E4113091E5114091E6115091E2
:10569000E7110E94B681DC01CB012AE0B695A795FF
:1056A000979587952A95D1F79093811180938011D2
:1056B0001092F3111092F21182E08093FA118AE0B5
:1056C00093E090937411809373110E94C75E8111CF
:1056D0000C941321E0910112F091021280819181CA
:1056E00090938511809384111092F3111092F2110E
:1056F00082E08093FA118EE093E09093741180938E
:1057000073110C9431228836F2E09F0709F4C9CD59
:105710008A37924009F4E6CD8FEF9FEF9093741192
:105720008093731180E00C941421809182119091E8
:105730008311892B09F4E2C48091EE118F7B809351
:10574000EE111092F3111092F21182E08093FA118F
:105750008DEF93E090937411809373110E94C75E54
:1057600081110C9413218091ED11E0910112F091BF
:105770000212882311F40C94AC34A081B1812091E1
:10578000E4113091E5114091E6115091E7110E942A
:10579000B681DC01CB011AE0B695A7959795879560
:1057A0001A95D1F79093F1118093F0110E945456FD
:1057B0008CE094E090937411809373118091E211C6
:1057C00081508093E211882311F40C94B434209119
:1057D000F0113091F1118091800E9091810EA09185
:1057E000820EB091830E820F931FA11DB11D809375
:1057F000800E9093810EA093820EB093830EE09161
:105800007A0E81E08E0F80937A0EF0E0EE0FFF1F8C
:10581000EE0FFF1FE658F54F8091EE119091EF11BA
:10582000A091F011B091F11180839183A283B38391
:105830008091EE118F778093EE118091821190917B
:10584000831101979093831180938211892B09F41E
:1058500055C41092F3111092F21182E08093FA1164
:1058600085E194E090937411809373118091F81105
:105870009091F9116091F6117091F711681B790BF5
:10588000709300126093FF11A091FA112A2F30E05B
:105890006217730710F00C9401386115710511F44B
:1058A0000C944935E091F411F091F51140E050E08D
:1058B00020E0E80FF91F80E090E0A150EF01C40F55
:1058C000D51F3881EC01CE50DE4E39878A2F821BDE
:1058D0008093FA112F5F822F90E0AC018617970713
:1058E00068F386EA91E09093F3118093F21180912E
:1058F000370A882311F40C9413218091380A90916F
:10590000390A8F52964011F40C94183B8FE296E0BE
:105910009093390A8093380ADC018091330A909180
:10592000340A40912F0A5091300A6091310A7091E7
:10593000320A480F591F611D711D40932F0A509361
:10594000300A6093310A7093320A1092370A9093AA
:10595000F7118093F611B093F511A093F4114091D3
:10596000FA114423A9F08091FF1190910012FC01DB
:10597000E550FE4E9C01265F3F4F8FEF840F280FAE
:10598000311D2E503E4E8D918193E217F307D9F7CA
:105990008BEF91E19093021280930112842F90E09B
:1059A0009093F9118093F811EBEFF1E18FEF9FEFF6
:1059B0009093F3118093F2118091ED11882311F4EB
:1059C0000C94A535A081B1812091E4113091E511AD
:1059D0004091E6115091E7110E94B681DC01CB01A4
:1059E000CAE0B695A79597958795CA95D1F79093F4
:1059F000F1118093F01190917F119093EF118091AC
:105A00007E11882309F406C740919A1150919B1189
:105A100060919C1170919D1177FF02C00C94343AF3
:105A20000091C2111091C3112091C4113091C51180
:105A3000400F511F621F731F40939A1150939B1187
:105A400060939C1170939D1191609093EF11813040
:105A500009F0E0C64091A2115091A3116091A411E8
:105A60007091A51177FF02C00C9413380091CA11F0
:105A70001091CB112091CC113091CD11400F511FBD
:105A8000621F731F4093A2115093A3116093A4113E
:105A90007093A5119091EF1194609093EF11833062
:105AA00039F14091A6115091A7116091A811709100
:105AB000A91177FF02C00C9429380091CE111091E2
:105AC000CF112091D0113091D111400F511F621F81
:105AD000731F4093A6115093A7116093A811709360
:105AE000A9119091EF1198609093EF11843029F1F2
:105AF0008091AA119091AB11A091AC11B091AD1110
:105B0000B7FF02C00C947A394091D2115091D31151
:105B10006091D4117091D511840F951FA61FB71FE6
:105B20008093AA119093AB11A093AC11B093AD11D7
:105B30008091EF1180618093EF1184E294E0909363
:105B40007411809373118091E21181508093E2115E
:105B5000882309F478C72091F0113091F1118091D8
:105B6000800E9091810EA091820EB091830E820FD3
:105B7000931FA11DB11D8093800E9093810EA09361
:105B8000820EB093830EE0917A0E81E08E0F8093A7
:105B90007A0EF0E0EE0FFF1FEE0FFF1FE658F54FF5
:105BA0008091EE119091EF11A091F011B091F1114F
:105BB00080839183A283B38340CE8091DA11909148
:105BC000DB11A091DC11B091DD11892B8A2B8B2B7D
:105BD00009F40CC28091EE1183FF03C080648093AE
:105BE000EE1180918011909181119093F111809329
:105BF000F01190917F119093EF1180917E11882385
:105C000009F498C540919A1150919B1160919C1193
:105C100070919D1177FF02C00C94A6390091C211BA
:105C20001091C3112091C4113091C511400F511F23
:105C3000621F731F40939A1150939B1160939C11A4
:105C400070939D1191609093EF11813009F072C5AE
:105C50004091A2115091A3116091A4117091A511CE
:105C600077FF02C00C9494370091CA111091CB11A8
:105C70002091CC113091CD11400F511F621F731F25
:105C80004093A2115093A3116093A4117093A51196
:105C90009091EF1194609093EF11833039F140911E
:105CA000A6115091A7116091A8117091A91177FFC9
:105CB00002C00C94AA370091CE111091CF112091FF
:105CC000D0113091D111400F511F621F731F4093AB
:105CD000A6115093A7116093A8117093A9119091E8
:105CE000EF1198609093EF11843029F18091AA11FF
:105CF0009091AB11A091AC11B091AD11B7FF02C062
:105D00000C942C394091D2115091D3116091D4113F
:105D10007091D511840F951FA61FB71F8093AA11EC
:105D20009093AB11A093AC11B093AD118091EF1192
:105D300080618093EF118DEA93E0909374118093CA
:105D400073118091E21181508093E211882309F44C
:105D50002EC62091F0113091F1118091800E90911A
:105D6000810EA091820EB091830E820F931FA11D10
:105D7000B11D8093800E9093810EA093820EB093FC
:105D8000830EE0917A0E81E08E0F80937A0EF0E020
:105D9000EE0FFF1FEE0FFF1FE658F54F8091EE113B
:105DA0009091EF11A091F011B091F1118083918346
:105DB000A283B3838091EE118F778093EE1140918F
:105DC000DA115091DB116091DC117091DD114150BD
:105DD0005109610971094093DA115093DB11609305
:105DE000DC117093DD11452B462B472B09F4FBC0CA
:105DF00090917F119093EF1180917E11882309F487
:105E0000CFC640919A1150919B1160919C11709155
:105E10009D1177FF02C00C94E63A0091C2111091D7
:105E2000C3112091C4113091C511400F511F621F41
:105E3000731F40939A1150939B1160939C11709320
:105E40009D1191609093EF11813009F0A9C64091A6
:105E5000A2115091A3116091A4117091A51177FF27
:105E600002C00C948F3A0091CA111091CB1120916D
:105E7000CC113091CD11400F511F621F731F409301
:105E8000A2115093A3116093A4117093A511909146
:105E9000EF1194609093EF11833039F14091A61186
:105EA0005091A7116091A8117091A91177FF02C0BC
:105EB0000C94A53A0091CE111091CF112091D011E0
:105EC0003091D111400F511F621F731F4093A611D3
:105ED0005093A7116093A8117093A9119091EF119D
:105EE00098609093EF11843029F18091AA119091DC
:105EF000AB11A091AC11B091AD11B7FF02C00C94E1
:105F0000D03A4091D2115091D3116091D411709137
:105F1000D511840F951FA61FB71F8093AA119093C8
:105F2000AB11A093AC11B093AD118091EF118061D2
:105F30008093EF1188EB93E0909374118093731129
:105F40008091E21181508093E211882309F41FC6E9
:105F50002091F0113091F1118091800E9091810E7D
:105F6000A091820EB091830E820F931FA11DB11DCF
:105F70008093800E9093810EA093820EB093830E37
:105F8000E0917A0E81E08E0F80937A0EF0E0EE0FB2
:105F9000FF1FEE0FFF1FE658F54F8091EE11909115
:105FA000EF11A091F011B091F11180839183A28340
:105FB000B3838091DA119091DB11A091DC11B09143
:105FC000DD110197A109B1098093DA119093DB11DA
:105FD000A093DC11B093DD11892B8A2B8B2B09F058
:105FE00007CF8091EE118F7B8093EE118091841109
:105FF00090918511892B09F498CB8091EE118F7BBC
:106000008093EE111092F3111092F21181E08093BF
:10601000FA118AEC93E090937411809373110E94AB
:10602000C75E81110C9413218091ED11E091011252
:10603000F0910212882309F4AAC4A0812091E411EE
:106040003091E5114091E6115091E711B0E00E94C6
:10605000B681DC01CB014AE0B695A7959795879567
:106060004A95D1F79093F1118093F0110E94545604
:1060700089ED93E090937411809373118091E211F4
:1060800081508093E211882309F478C42091F011A3
:106090003091F1118091800E9091810EA091820E2D
:1060A000B091830E820F931FA11DB11D8093800EAE
:1060B0009093810EA093820EB093830EE0917A0E9E
:1060C00081E08E0F80937A0EF0E0EE0FFF1FEE0F4F
:1060D000FF1FE658F54F8091EE119091EF11A091BE
:1060E000F011B091F11180839183A283B3838091E9
:1060F000EE118F778093EE110C941B208091751117
:106100009091761192FF02C00C9459260C945E2651
:1061100080917C1190917D11892B09F44ECD809155
:10612000EE118F7B8093EE111092F3111092F21109
:1061300081E08093FA118AE693E090937411809342
:1061400073110E94C75E81110C9413218091ED118F
:10615000E0910112F0910212882309F431C4A08168
:106160002091E4113091E5114091E6115091E71131
:10617000B0E00E94B681DC01CB01CAE0B695A795DC
:1061800097958795CA95D1F79093F1118093F01167
:1061900090917F119093EF1180917E11882309F4E3
:1061A0009CC240919A1150919B1160919C117091E9
:1061B0009D1177FF02C00C9460390091C2111091BB
:1061C000C3112091C4113091C511400F511F621F9E
:1061D000731F40939A1150939B1160939C1170937D
:1061E0009D1191609093EF11813009F076C240913A
:1061F000A2115091A3116091A4117091A51177FD86
:1062000049C60091CA111091CB112091CC11309147
:10621000CD11400F511F621F731F4093A211509365
:10622000A3116093A4117093A5119091EF11946044
:106230009093EF11833029F14091A6115091A7114D
:106240006091A8117091A91177FD39C60091CE1106
:106250001091CF112091D0113091D111400F511FC9
:10626000621F731F4093A6115093A7116093A8114A
:106270007093A9119091EF1198609093EF11843071
:1062800019F18091AA119091AB11A091AC11B0912C
:10629000AD11B7FDCCC74091D2115091D31160918F
:1062A000D4117091D511840F951FA61FB71F80932D
:1062B000AA119093AB11A093AC11B093AD11809142
:1062C000EF1180618093EF1189E793E0909374114F
:1062D000809373118091E21181508093E2118823A1
:1062E00009F45CC32091F0113091F1118091800E7E
:1062F0009091810EA091820EB091830E820F931F18
:10630000A11DB11D8093800E9093810EA093820EEB
:10631000B093830EE0917A0E81E08E0F80937A0E17
:10632000F0E0EE0FFF1FEE0FFF1FE658F54F8091D4
:10633000EE119091EF11A091F011B091F1118083C5
:106340009183A283B3838091EE118F778093EE11B6
:106350000C9413288A3AB2E09B0709F4EFC8811520
:10636000934009F47DC9D8C98738E2E09E0711F44B
:106370000C94B4298B38924009F418C8CDC98A3CD2
:1063800023E0920709F44BCE893D934009F476CE81
:10639000C3C98B3BA4E09A0711F40C94F225803C0E
:1063A000944011F40C940326B7C98432B4E09B07DF
:1063B00009F4C9CB8933944009F0AEC980917A0EB3
:1063C00090917B0E891B80958093E211882311F4B4
:1063D0000C9413211092F3111092F21182E0809329
:1063E000FA118DE394E090937411809373110E94DD
:1063F000C75E81110C941321E0910112F0910212F9
:1064000080819181809375119093761187FDA5C34A
:106410008091EE118F7B8093EE111092F311109208
:10642000F21182E08093FA1181E594E09093741167
:10643000809373110C9400258E35F3E09F0711F4BF
:106440000C94AF248A36934009F47BCE65C98C3F07
:10645000E4E09E0709F18331954009F05DC90E948F
:10646000C75E81110C941321E0910112F091021288
:10647000D181C081D1110C94763A1092651110929D
:10648000661110926711109268116C2F70E089E00C
:106490000E94F6640C945E268091E21181508093F4
:1064A000E211882309F497C02091F0113091F11185
:1064B0008091800E9091810EA091820EB091830EFA
:1064C000820F931FA11DB11D8093800E9093810EAA
:1064D000A093820EB093830EE0917A0E81E08E0F2E
:1064E00080937A0EF0E0EE0FFF1FEE0FFF1FE658CD
:1064F000F54F8091EE119091EF11A091F011B091B4
:10650000F11180839183A283B3838091DE119091F6
:10651000DF1101979093DF118093DE11892B09F42D
:1065200063C01092F3111092F21182E08093FA117D
:106530008BEE94E090937411809373110E94C75E68
:1065400081110C9413218091ED11E0910112F091D1
:106550000212882309F456C3A081B1812091E4116D
:106560003091E5114091E6115091E7110E94B681FA
:10657000DC01CB013AE0B695A795979587953A95BA
:10658000D1F79093F1118093F0111092F3111092C2
:10659000F21181E08093FA1187EF94E090937411E7
:1065A000809373110E94C75E81110C941321E091B6
:1065B0000112F091021280818093EF118CEF94E030
:1065C00090937411809373118091E21181508093A4
:1065D000E211811169CF82EE91E10E94DA4E8823A7
:1065E00011F40C94132160CF809175119091761164
:1065F0000C9457261092F3111092F21183E08093BD
:10660000FA118CE195E090937411809373110E94BC
:10661000C75E81110C941321E0910112F0910212D6
:106620006181728140E080810E94716210927411D8
:106630001092731181E00C9414211092F3111092B6
:10664000F21184E08093FA118FE395E09093741136
:10665000809373110E94C75E81110C941321E09105
:106660000112F091021261817281438180810E9446
:106670007162109274111092731181E00C941421C4
:106680001092F3111092F21181E08093FA1182E4DA
:1066900092E090937411809373110C94412880912F
:1066A000F2119091F311863A21E0920709F41FC983
:1066B000873BA1E09A0709F4F2C1892B09F4D6C8F7
:1066C000E0910112F091021271C980819181909341
:1066D0008111809380110C94582B40919E11509100
:1066E0009F116091A0117091A11177FDBEC300911F
:1066F000C6111091C7112091C8113091C911400FD6
:10670000511F621F731F40939E1150939F116093FE
:10671000A0117093A1119091EF1192609093EF11DD
:10672000823009F064CD88CDB093F111A093F011BF
:106730000C94E52540919E1150919F116091A011FC
:106740007091A11177FDDBC30091C6111091C711A3
:106750002091C8113091C911400F511F621F731F42
:1067600040939E1150939F116093A0117093A111BB
:106770009091EF1192609093EF11823009F068CA06
:106780008ECA2091DE113091DF11215031093093F2
:10679000DF112093DE11232B11F40C945726C1CE68
:1067A00040919E1150919F116091A0117091A11183
:1067B00077FD12C40091C6111091C7112091C81124
:1067C0003091C911400F511F621F731F40939E11DA
:1067D00050939F116093A0117093A1119091EF11AC
:1067E00092609093EF11823011F00C940C230C9472
:1067F00033238091ED1181110C94132B0C94232BD6
:1068000082EE91E10E94DA4E882311F40C94132158
:106810000C940C2640919E1150919F116091A011F3
:106820007091A11177FD57C40091C6111091C71145
:106830002091C8113091C911400F511F621F731F61
:1068400040939E1150939F116093A0117093A111DA
:106850009091EF1192609093EF11823009F0FAC895
:1068600020C940919E1150919F116091A01170918B
:10687000A11177FD45C40091C6111091C711209157
:10688000C8113091C911400F511F621F731F4093EF
:106890009E1150939F116093A0117093A11190913C
:1068A000EF1192609093EF11823011F00C948D20D3
:1068B0000C94B42040919E1150919F116091A011B1
:1068C0007091A11177FD5DC40091C6111091C7119F
:1068D0002091C8113091C911400F511F621F731FC1
:1068E00040939E1150939F116093A0117093A1113A
:1068F0009091EF1192609093EF11823011F00C940F
:1069000060270C94872740919E1150919F116091B0
:10691000A0117091A11177FD75C40091C61110915D
:10692000C7112091C8113091C911400F511F621F2A
:10693000731F40939E1150939F116093A011709309
:10694000A1119091EF1192609093EF11823011F0AC
:106950000C9436240C945D24808191819093F111E4
:106960008093F0110C94D62B82EE91E10E94DA4EC6
:10697000882311F40C9413210C94E72B82EE91E1FF
:106980000E94DA4E882311F40C9413217FCB80816E
:1069900090E09093F1118093F01168CB82EE91E139
:1069A0000E94DA4E882311F40C9413219BCC82EEC2
:1069B00091E10E94DA4E882311F40C941321C9C985
:1069C000808190E09093F1118093F011E1CB82EE01
:1069D00091E10E94DA4E882311F40C9413210C9457
:1069E000822182EE91E10E94DA4E882311F40C9408
:1069F00013210C948E2320914C11222309F427C2D9
:106A000080914D1190914E11A0914F11B091501164
:106A10008093E4119093E511A093E611B093E711F0
:106A200021E02093ED118F3F9105A105B10519F0EB
:106A300010F00C94AD256EE372E087EA94E00E94BA
:106A4000493E0C94AD2582EE91E10E94DA4E8823F6
:106A500011F40C9413217FC882EE91E10E94DA4E6A
:106A6000882311F40C9413210C94E22780917A0E60
:106A700090917B0E891B80958093E21181E00C94AC
:106A80001421808191819093F1118093F0110C94E5
:106A9000DB2287EB91E09093F3118093F2118091C8
:106AA000370A882311F40C9413218091380A9091AD
:106AB000390A8F52964009F4B3C58FE296E090935D
:106AC000390A8093380AFC012091330A3091340A44
:106AD00080912F0A9091300AA091310AB091320A28
:106AE000820F931FA11DB11D80932F0A9093300A2E
:106AF000A093310AB093320A1092370A3093F711FB
:106B00002093F611F093F511E093F411F093021233
:106B1000E09301128091FA1190E09093F911809323
:106B2000F8110C94D62CC13109F487CDC73711F474
:106B30000C945E26CD3011F00C945C2889E394E02F
:106B4000909374118093731139CC808191819093CB
:106B5000F1118093F0110C94FB2C8F795BCC808128
:106B600090E09093F1118093F0110C945C2080815F
:106B700090E09093F1118093F0110C942F27808175
:106B800091819093F1118093F0110C94052482EE81
:106B900091E10E94DA4E882311F40C941321D8C994
:106BA00040919E1150919F116091A0117091A1117F
:106BB00077FDE1C40091C6111091C7112091C81151
:106BC0003091C911400F511F621F731F40939E11D6
:106BD00050939F116093A0117093A1119091EF11A8
:106BE00092609093EF11823009F031C957C9880F34
:106BF000991FFC01EE59FF4E2081318140E050E0A9
:106C00000C946E25808191819093F1118093F01105
:106C1000BCCCB093F111A093F0110C94FF21109211
:106C2000F3111092F21182E08093FA118CE295E058
:106C30009093741180937311A091F811B091F91190
:106C40006091F6117091F7116A1B7B0B7093001223
:106C50006093FF115091FA11852F90E06817790722
:106C600008F0F0C36115710509F485C0C091F411F5
:106C7000D091F51120E030E040E080E090E051500C
:106C80002C0F3D1FF901EA0FFB1F2081FC01EE5084
:106C9000FE4E2187852F841B8093FA114F5F842F2E
:106CA00090E09C018617970758F386EA91E090934D
:106CB000F3118093F2118091370A882311F40C9418
:106CC00013218091380A9091390A8F52964009F425
:106CD000BDC48FE296E09093390A8093380ADC01B4
:106CE0008091330A9091340A40912F0A5091300AD2
:106CF0006091310A7091320A480F591F611D711D50
:106D000040932F0A5093300A6093310A7093320AED
:106D10001092370A9093F7118093F611B093F51102
:106D2000A093F4114091FA114423A9F08091FF112E
:106D300090910012FC01E550FE4E9C01265F3F4FF2
:106D40008FEF840F280F311D2E503E4E8D91819371
:106D5000E217F307D9F78BEF91E19093021280933A
:106D60000112842F90E09093F9118093F811EBEFCA
:106D7000F1E10C94932687EB91E09093F3118093CB
:106D8000F2118091370A882311F40C941321809119
:106D9000380A9091390A8F52964009F45FC48FE205
:106DA00096E09093390A8093380AFC012091330AC7
:106DB0003091340A80912F0A9091300AA091310AC3
:106DC000B091320A820F931FA11DB11D80932F0A2B
:106DD0009093300AA093310AB093320A1092370A86
:106DE0003093F7112093F611F093F511E093F4111D
:106DF000F0930212E09301128091FA1190E09093C7
:106E0000F9118093F8110C9493262091621030911F
:106E1000631040E050E00C946E2580914C11882363
:106E200009F4E7CC80914D1190914E11A0914F1132
:106E3000B09150118093E4119093E511A093E61165
:106E4000B093E71121E02093ED110C941B2B2091BE
:106E5000ED11222311F40C94AD25E5CD6EE372E023
:106E60008AEF92E016D70C94232B0091B211109167
:106E7000B3112091B4113091B511400F511F621F11
:106E8000731F40939E1150939F116093A0117093B4
:106E9000A11146CC0091B6111091B7112091B811F3
:106EA0003091B911400F511F621F731F4093A211FF
:106EB0005093A3116093A4117093A511BBC90091C5
:106EC000BA111091BB112091BC113091BD11400F2E
:106ED000511F621F731F4093A6115093A711609317
:106EE000A8117093A911CBC9220F331FF901EE59D4
:106EF000FF4E2081318140E050E00C94DD2A00916A
:106F0000B2111091B3112091B4113091B511400F0D
:106F1000511F621F731F40939E1150939F116093E6
:106F2000A0117093A11129CC0091B6111091B71145
:106F30002091B8113091B911400F511F621F731F7A
:106F40004093A2115093A3116093A4117093A511C3
:106F50000C944D2E0091BA111091BB112091BC11CF
:106F60003091BD11400F511F621F731F4093A61136
:106F70005093A7116093A8117093A9110C94742ECB
:106F80000091B6111091B7112091B8113091B9113B
:106F9000400F511F621F731F4093A2115093A31102
:106FA0006093A4117093A5110C9431230091BA1130
:106FB0001091BB112091BC113091BD11400F511F98
:106FC000621F731F4093A6115093A7116093A811DD
:106FD0007093A9110C9458230091B2111091B31120
:106FE0002091B4113091B511400F511F621F731FD2
:106FF00040939E1150939F116093A0117093A11123
:10700000F2CBE091F411F091F511E80FF91FF09334
:107010000212E0930112820F931F9093F911809353
:10702000F8110C94D62C0091B6111091B711209143
:10703000B8113091B911400F511F621F731F409357
:10704000A2115093A3116093A4117093A5110C94F5
:107050004F2D0091BA111091BB112091BC113091AC
:10706000BD11400F511F621F731F4093A611509313
:10707000A7116093A8117093A9110C94762D00911B
:10708000B6111091B7112091B8113091B911400F7C
:10709000511F621F731F4093A2115093A31160935D
:1070A000A4117093A5110C94B2200091BA11109103
:1070B000BB112091BC113091BD11400F511F621FB7
:1070C000731F4093A6115093A7116093A81170935A
:1070D000A9110C94D9200091B2111091B3112091F3
:1070E000B4113091B511400F511F621F731F4093AF
:1070F0009E1150939F116093A0117093A111ADCB7D
:107100000091B2111091B3112091B4113091B511C9
:10711000400F511F621F731F40939E1150939F1188
:107120006093A0117093A111BFCB0091B611109183
:10713000B7112091B8113091B911400F511F621F42
:10714000731F4093A2115093A3116093A4117093E5
:10715000A5110C9485270091BA111091BB112091B3
:10716000BC113091BD11400F511F621F731F40931E
:10717000A6115093A7116093A8117093A9110C94B4
:10718000AC270091B2111091B3112091B41130913C
:10719000B511400F511F621F731F40939E115093F2
:1071A0009F116093A0117093A111A7CB0091B6110C
:1071B0001091B7112091B8113091B911400F511FA2
:1071C000621F731F4093A2115093A3116093A411E7
:1071D0007093A5110C945B240091BA111091BB110E
:1071E0002091BC113091BD11400F511F621F731FC0
:1071F0004093A6115093A7116093A8117093A91101
:107200000C9482240091B2111091B3112091B41109
:107210003091B511400F511F621F731F40939E1193
:1072200050939F116093A0117093A1118FCB409147
:10723000BE115091BF116091C0117091C111840FA6
:10724000951FA61FB71F8093AA119093AB11A0930F
:10725000AC11B093AD1138C84091BE115091BF111F
:107260006091C0117091C111840F951FA61FB71FA7
:107270008093AA119093AB11A093AC11B093AD1170
:107280000C949B2E209162103091631040E050E0EE
:107290000C94DD2A4091BE115091BF116091C01134
:1072A0007091C111840F951FA61FB71F8093AA115B
:1072B0009093AB11A093AC11B093AD110C947F23BC
:1072C0000091AE111091AF112091B0113091B11118
:1072D000400F511F621F731F40939A1150939B11CF
:1072E00060939C1170939D110C94F4308FEF9FEF7D
:1072F0000C94A9254091BE115091BF116091C0110D
:107300007091C111840F951FA61FB71F8093AA11FA
:107310009093AB11A093AC11B093AD110C949D2D33
:107320004091BE115091BF116091C0117091C11177
:10733000840F951FA61FB71F8093AA119093AB11BE
:10734000A093AC11B093AD110C94D3270091AE1162
:107350001091AF112091B0113091B111400F511F18
:10736000621F731F40939A1150939B1160939C115D
:1073700070939D110C94252E4091BE115091BF1118
:107380006091C0117091C111840F951FA61FB71F86
:107390008093AA119093AB11A093AC11B093AD114F
:1073A0000C9400210091AE111091AF112091B011F9
:1073B0003091B111400F511F621F731F40939A11FA
:1073C00050939B1160939C1170939D110C94082312
:1073D0004091BE115091BF116091C0117091C111C7
:1073E000840F951FA61FB71F8093AA119093AB110E
:1073F000A093AC11B093AD110C94A9241092F31189
:107400001092F21182E08093FA1183E195E090935B
:1074100074118093731123C80091AE111091AF11B4
:107420002091B0113091B111400F511F621F731F95
:1074300040939A1150939B1160939C1170939D11EE
:107440000C948920E091F411F091F511EA0FFB1FE3
:10745000F0930212E0930112A80FB91FB093F91133
:10746000A093F8110C9493260091AE111091AF11D6
:107470002091B0113091B111400F511F621F731F45
:1074800040939A1150939B1160939C1170939D119E
:107490000C94272D0091AE111091AF112091B011D5
:1074A0003091B111400F511F621F731F40939A1109
:1074B00050939B1160939C1170939D110C945C27C9
:1074C0000091AE111091AF112091B0113091B11116
:1074D000400F511F621F731F40939A1150939B11CD
:1074E00060939C1170939D110C9432246FEF70E0A7
:1074F00089E00E94F664C09364110E94F065DC018B
:10750000CB018D0F911DA11DB11D8093651190932D
:107510006611A0936711B09368110C945E260091D8
:10752000B6111091B7112091B8113091B911400FD7
:10753000511F621F731F4093A2115093A3116093B8
:10754000A4117093A5110C944C2F0091BA111091B5
:10755000BB112091BC113091BD11400F511F621F12
:10756000731F4093A6115093A7116093A8117093B5
:10757000A9110C94732F0091B2111091B3112091A5
:10758000B4113091B511400F511F621F731F40930A
:107590009E1150939F116093A0117093A11123CB62
:1075A0004091BE115091BF116091C0117091C111F5
:1075B000840F951FA61FB71F8093AA119093AB113C
:1075C000A093AC11B093AD110C949A2F0091AE1111
:1075D0001091AF112091B0113091B111400F511F96
:1075E000621F731F40939A1150939B1160939C11DB
:1075F00070939D110C94242F8FEF9FEF0C940F2B01
:107600004FEF5FEF50930E0440930D04891B8F3FA3
:1076100011F00C942B292250209307040C9430294C
:107620008FE298E09093390A8093380AFC014CCAA3
:107630008FE298E09093390A8093380ADC010C9429
:107640008D2CD901AB5FBC4F0C94D4288FE298E00D
:107650009093390A8093380ADC0142CB8FE298E09C
:107660009093390A8093380AFC01A0CB82818F5F06
:107670008283D1CF82818F5F82838A2F0C94FA28F4
:107680002F923F924F925F926F927F928F929F9232
:10769000AF92BF92CF92DF92EF92FF920F931F9320
:1076A000CF93DF93F8940E9479660E94834E1092E4
:1076B0002A116FE770E08DE00E94F66410925F116E
:1076C00010925E1120910B0439EAE32EF12C46EA68
:1076D000C42ED12C53EA652E712C60EAA62EB12C53
:1076E00044244394512CE4E02E2E312CFBE78F2EC2
:1076F000912CCFEFDFEF02E710E0222381F18091A0
:107700000503909106038B37910509F450C008F4E6
:1077100055C0833A910509F46EC008F45DC0863AFD
:10772000910509F474C0893A910509F050C02150BF
:1077300020930B0421110DC090910704809108043F
:10774000981739F063E372E08EEA90E0A2D22091BC
:107750000B0410920603109205032111D0CF109252
:107760000B041092080410920704C8EED3E061E005
:1077700070E080E090E00E94B965A8952197B9F784
:10778000DF91CF911F910F91FF90EF90DF90CF90FD
:10779000BF90AF909F908F907F906F905F904F9031
:1077A0003F902F9008959092060380920503809158
:1077B000C00085FD93C020910B049FCF8C369105AE
:1077C000A9F18237910509F441C0892B79F1D09351
:1077D0000603C093050391CF803A9105C1F78091CC
:1077E000C00085FFE8CF809111048093C60070929D
:1077F0000603609205038091C00085FFDCCF809175
:1078000015048093C600D0920603C09205038091B0
:10781000C00085FFD0CF809113048093C600F09202
:107820000603E092050320910B0481CFE091080448
:1078300081E08E0F80930804F0E0EB5FFC4F8281C3
:1078400080930C0410930603009305038091C000FD
:1078500085FF53CF80910C048093C600D0930A0417
:10786000C0930904E0910804F0E0EB5FFC4F8281D3
:1078700080930C04811197CF8091090490910A04A0
:10788000292F33273093140420931304AC01552778
:107890005093160440931504892BA9F430921204D6
:1078A000209211042F5F3F4F309314042093130450
:1078B0004F5F5F4F5093160440931504B092060338
:1078C000A09205038CCF232B09F42FC0452B09F47C
:1078D00037C05092120440921104F0CF20910C0452
:1078E0002093C600E0910804EF5FE09308048091C4
:1078F000090490910A048227082E8295807F8025B2
:10790000092E982F82958F700826869598278927AB
:10791000880F880F880F802590930A0480930904AC
:1079200020910704E213A0CFABCF82E090E09093C8
:107930001204809311045092140440921304BECF99
:1079400083E090E090931204809311045092160407
:1079500040921504B3CF1F93CF93DF93182FC62FF8
:10796000D42F80E00E94BB6180E192E00E94A3617D
:1079700081E00E94BB6188E192E00E94A361612FD7
:1079800070E080E090E04AE00E94CE6182E00E94D8
:10799000BB6181E292E00E94A3616C2F70E080E005
:1079A00090E04AE00E94CE6183E00E94BB618AE2DF
:1079B00092E00E94A36189E292E00E94A36160913B
:1079C000070420910804862F821B8F3F09F407C10A
:1079D000E1E0E60FE0930704A62FB0E0AB5FBC4FF9
:1079E00012961C928E2F821B8F3F09F404C182E0F5
:1079F000860F80930704F0E0EB5FFC4F93E09283E7
:107A0000482F50E05093100440930F04982F921B7E
:107A10009F3F09F4F8C083E0860F8093070431E0AC
:107A2000FA01EB5FFC4F3283A82FB0E0982F921B36
:107A3000B0930E04A0930D049F3F09F428C16C5F1E
:107A400060930704FD01EB5FFC4F3283962F921B7E
:107A5000FA01FF27EB5FFC4F82818F5F8283112346
:107A600009F47CC0AB5FBC4F12968C9112978F5F6C
:107A700012968C939F3F09F4D5C031E0360F3093B6
:107A80000704A62FB0E0AB5FBC4F12961C93932F58
:107A9000921B82818F5F8283CC2309F487C040913F
:107AA0000D0450910E04DA01BB27AB5FBC4F129658
:107AB0008C9112978F5F12968C939F3F09F4C6C0EA
:107AC00081E0830F80930704A32FB0E0AB5FBC4F2E
:107AD0001296CC93982F921B32813F5F32834F3F97
:107AE0005F4F09F462C0DD2309F44CC040910D04DE
:107AF00050910E04DA01BB27AB5FBC4F12963C914C
:107B000012973F5F12963C9312979F3F09F47EC0F5
:107B100091E0980F90930704E82FF0E0EB5FFC4FA3
:107B2000D28360910F0470911004FB01FF27EB5F7B
:107B3000FC4F82818F5F8283921B9F3F79F14F3F81
:107B40005F4F19F08FEF12968C9380910B048F5F2B
:107B500080930B04DF91CF911F9192CD462F50E07F
:107B600050930E0440930D049F3F09F481C031E00F
:107B7000360F30930704DA01AB5FBC4F81E01296F9
:107B80008C9385CF2FEF3FEF30930E0420930D049D
:107B90009F3FD9F660910F0470911004625060937A
:107BA0000704DF91CF911F916BCD382F432F50E009
:107BB00050930E0440930D049F3F09F45BC081E095
:107BC000830F80930704DA01AB5FBC4F91E01296FC
:107BD0009C93982F921B32813F5F328384CFA62FD4
:107BE000B0E040910F0450911004B0930E04A093A4
:107BF0000D049FEF2DCFAE2FB0E040910F045091B8
:107C000010046E2FF2CFDA01682FEFCF60910F04CE
:107C100070911004FB01FF27EB5FFC4F82818F5FA7
:107C20008283BCCF82818F5F8283CC2329F14091F4
:107C30000D0450910E04DA01BB27AB5FBC4F1296C6
:107C40008C9112978F5F12968C93362F82818F5F63
:107C500082834F3F8FEF580789F0832F9FEFD11119
:107C600049CF8FEF9FEF90930E0480930D0492CF36
:107C7000362F0FCF832FAFCF362F98CF832F90E0A3
:107C800090930E0480930D04832F9FEFA4CF682F51
:107C9000DFCECF92DF92EF92FF920F931F93CF939D
:107CA000DF931F921F92CDB7DEB78C016B01F89462
:107CB0000E9479660E94834E80E00E94BB6180E151
:107CC00092E00E94A36181E00E94BB6188E192E0A2
:107CD0000E94A36186E090E00E94316282E00E94EF
:107CE000BB6181E292E00E94A361B80180E090E074
:107CF0004AE00E94CE6183E00E94BB618AE292E08A
:107D00000E94A361C6010E94A36110920B0410920D
:107D100008041092070383E08093080322E030E018
:107D20003093100420930F0423E030E030930E04CE
:107D300020930D0492E090930A0395E0909307043A
:107D400096E090930B03809309031A83098383E0E1
:107D500090E015E0DE011196BE016D5F7F4F45E0BA
:107D6000F42E01E04D912F3F3F4F09F4C2C0442350
:107D700009F4D2C09C0133272B5F3C4FF90152819B
:107D80005F5F5283FFEFFF1609F4EFC011E01F0D94
:107D9000EF2DF0E0EB5FFC4F4283312FF12E20916D
:107DA00009032F5F20930903A617B70709F09BC0AB
:107DB0004F2D90930E0480930D0410930704D60169
:107DC0000D900020E9F711977D01EC18FD087E2D3C
:107DD000019609F4CCC0772309F4B8C0E0910D04F2
:107DE000F0910E04CF0199278B5F9C4FDC01129616
:107DF0002C9112972F5F12962C933F3F09F4D4C019
:107E000001E0040F00930704842F90E08B5F9C4FE8
:107E1000DC011296EC9220910F043091100433276C
:107E20002B5F3C4FD90112968C9112978F5F12965F
:107E30008C931C2DD601FF24F3944FEF5FEF23C0EA
:107E4000E0910D04F0910E04FF27EB5FFC4F82815F
:107E50008F5F82830F3F09F477C061E0600F60930A
:107E60000704E02FF0E0EB5FFC4F9283062FF9014F
:107E700082818F5F82838A2F811B871798F4E0911C
:107E80000D04F0910E049D91319609F449C09111B1
:107E9000D7CF50930E0440930D04602F8A2F811B7F
:107EA000871768F36F3F09F45AC080910D049091D1
:107EB0000E048F3FFFEF9F0731F09927FC01EB5F26
:107EC000FC4F8FEF828380910B048F5F80930B04B4
:107ED0000F900F90DF91CF911F910F91FF90EF9036
:107EE000DF90CF90CDCB9C014D912F3F3F4F09F0BC
:107EF0003ECF8F2D90E0EFEFFE1639F011E01F0D11
:107F0000FC01EB5FFC4F0283F12E209109032F5FF0
:107F10002093090341112ECF3F2D8FEF9FEF44CFC8
:107F2000C02ED12CD0920E04C0920D040F3F39F018
:107F30000F5F00930704F601EB5FFC4FF282F9013B
:107F400082818F5F8283A3CF6FEF91CF8FEF9FEFFF
:107F500090930E0480930D043F3F09F0B4CF8091BD
:107F60000F04825080930704B3CF3FEF18CF842FC4
:107F700090E090930E0480930D043F3F49F04F5FD3
:107F800040930704FC01EB5FFC4F21E02283342F78
:107F900080910F04909110049927FC01EB5FFC4F36
:107FA00022812F5F228317CF042F35CF8F929F928C
:107FB000AF92BF92CF92DF92EF92FF920F931F93F7
:107FC000CF93DF93EC018C859D858C3B910509F463
:107FD00051C0893E910509F49CC1892B91F08FEF26
:107FE0009FEF9D878C8780E0DF91CF911F910F914C
:107FF000FF90EF90DF90CF90BF90AF909F908F90C9
:108000000895FE01E25EF94F8081918181309105F2
:1080100021F1029709F470C1DE01A05EB94F8C9185
:10802000811117C0AC50B4404D915D916D917C9120
:108030001397AC5FBB4F8D919D910D90BC91A02D7E
:10804000481759076A077B0721F081E090E0918388
:1080500080831D861C8681E0C7CF0E94F065FE01EB
:10806000ED5CF94F60837183828393838CEB90E0A6
:108070009D878C870E94F0658E010D5D194FD80198
:108080006D937D938D939C9313976E01B8EECB1AED
:10809000BDEFDB0AFE01EF5DF94F808191817E012A
:1080A0008C159D0509F4B0C3F8EEEF1AF9EFFF0A3D
:1080B000F70180819181A281B381F9E0B695A795FE
:1080C00097958795FA95D1F79C01AD012F5F3F4FAA
:1080D0004F4F5F4F8D81833039F0E9E0220F331F1E
:1080E000441F551FEA95D1F761E1CE010E94D3628A
:1080F000882309F4ACC180E388838B818111A4C1FA
:108100008F8181508F83882309F419C30E94F06501
:10811000D8010D911D912D913C91DC01CB01801B6B
:10812000910BA20BB30BFE01E95DF94F00811181A8
:10813000228133810F5F1F4F2F4F3F4F00831183E9
:108140002283338334960081118122813381080F89
:10815000191F2A1F3B1F0083118322833383349608
:108160000081118122813381081719072A073B07F3
:1081700020F480839183A283B3834C8138818091E2
:10818000070490910804282F291B2F3F09F4CEC41F
:10819000E1E0E80FE0930704A82FB0E0AB5FBC4F2D
:1081A00012961C922E2F291B2F3F09F4E4C222E0C5
:1081B000280F20930704F0E0EB5FFC4F19E01283D7
:1081C000A22FB0E0B0931004A0930F04522F591BBC
:1081D0005F3F09F4C2C423E0280F20930704FD0188
:1081E000EB5FFC4F01E00283622F70E0522F591BBE
:1081F00070930E0460930D045F3F09F4CFC454E004
:10820000580F509307046B5F7C4FEB010A83228168
:108210002F5F22832A812F5F2A83252F291B2F3F3F
:1082200009F4BAC48B5F80930704C52FD0E0CB5FFD
:10823000DC4F1A83582F591B22812F5F228333234F
:1082400009F4E0C360910D0470910E04EB01DD2789
:10825000CB5FDC4F2A812F5F2A835F3F09F479C40B
:1082600021E0280F20930704C82FD0E0CB5FDC4F1C
:108270003A83522F591B82818F5F82836F3F7F4FDA
:1082800009F4BFC3442309F4B2C360910D04709193
:108290000E04DB01BB27AB5FBC4F12968C9112978B
:1082A0008F5F12968C9312975F3F09F4FAC381E0B7
:1082B000820F80930704E22FF0E0EB5FFC4F4283D4
:1082C00020910F0430911004F901FF27EB5FFC4F60
:1082D00042814F5F4283891B8F3F09F490C26F3FF9
:1082E0007F4F19F08FEF12968C9380910B048F5F64
:1082F00080930B0481E078CE0E94F065FE01ED5A78
:10830000F94F608371838283938389EE90E09D8728
:108310008C870E94F0657E012DEBE21A29EFF20AAC
:10832000D7016D937D938D939C9313978E01005F7E
:108330001D4FF80180809180A280B380809103035B
:1083400090910403892B09F43FC0CE0193D6882372
:1083500009F4D9C10E94F065F701008111812281E1
:108360003381DC01CB01801B910BA20BB30BFE010F
:10837000E95BF94F00811181228133810F5F1F4F2B
:108380002F4F3F4F00831183228333833496008124
:10839000118122813381080F191F2A1F3B1F00837F
:1083A000118322833383C15BD94F088119812A81CC
:1083B0003B81081719072A073B0720F48883998314
:1083C000AA83BB8381E010CECE0154D68111C2CFE7
:1083D000A50194010E8004C0220F331F441F551FB6
:1083E0000A94D2F768E1CE010E94D3628111B5C12F
:1083F000DE011E969E01225F3D4F80E090E04D9190
:10840000E92FFF27E427EE0FFF1FE057F64F4591B6
:108410005491982F882784279527A217B30779F7B7
:108420004EEF4EBD0DB407FEFDCF4E854EBD4F85C0
:10843000FE0170960DB407FEFDCF4EBDE217F307A7
:1084400009F4A4C04191F6CFCE0137D559CE40E012
:1084500052E0B601CE0184D5882309F44ECE8B813B
:1084600081111CC385E08F830E94F065D8010D91B6
:108470001D912D913C91DC01CB01801B910BA20B36
:10848000B30BFE01E95DF94F008111812281338137
:108490000F5F1F4F2F4F3F4F008311832283338382
:1084A00034960081118122813381080F191F2A1F00
:1084B0003B1F008311832283338334960081118113
:1084C00022813381081719072A073B0720F480838C
:1084D0009183A283B3830E94F065FE01ED5CF94FA6
:1084E0000081118122813381DC01CB01801B910B42
:1084F000A20BB30B349600811181228133810F5F6F
:108500001F4F2F4F3F4F00831183228333833496B5
:108510000081118122813381080F191F2A1F3B1FFF
:108520000083118322833383349600811181228159
:108530003381081719072A073B0720F480839183AA
:10854000A283B383FE01EC5EFD4F80819181A28105
:10855000B381F7014081518162817381841B950B46
:10856000A60BB70B8115F2E09F07A105B10510F02E
:1085700080E092E0FE01E45EF94F918380833296C1
:108580001182108281E03296808363CD0DB407FEA4
:10859000FDCF9EBD0DB407FEFDCF8EBD0DB407FE11
:1085A000FDCF8FEF8EBD0DB407FEFDCF8EB58C8352
:1085B0008F71853009F4D6C087E588838B81882345
:1085C00011F0CE017AD4888581508887882309F4F8
:1085D0005CC2CC24C394D12C0E94F065F70180804A
:1085E0009180A280B380DC01CB0188199909AA0986
:1085F000BB09FE01E95BF94F80809180A280B380C6
:108600002FEF821A920AA20AB20A80829182A28273
:10861000B382349680809180A280B380880E991EA8
:10862000AA1EBB1E80829182A282B3823496808071
:108630009180A280B38088169906AA06BB0620F412
:1086400080839183A283B383CA94CD2809F40DC19A
:108650000E94F065FE01ED5AF94FC080D180E280A2
:10866000F380DC01CB018C199D09AE09BF0934965A
:10867000C080D180E280F3802FEFC21AD20AE20AD2
:10868000F20AC082D182E282F3823496C080D18025
:10869000E280F380C80ED91EEA1EFB1EC082D18282
:1086A000E282F3823496C080D180E280F380C816E3
:1086B000D906EA06FB0620F480839183A283B38364
:1086C000FE01EC5EFD4F80819181A281B3819E5FAE
:1086D000AF4FBF4F80839183A283B38336971182BC
:1086E0001082F80180819181A281B3810196A11D40
:1086F000B11D80839183A283B383FE01E25EF94FB3
:1087000011821082A6CC20E030E0A9016DE0CE01FC
:108710000E94D3628823C1F04C8169E28CE01BD9AE
:108720008B81882311F0CE01C8D3109204031092DC
:10873000030385E0888792E0C92ED12C4DCF4C8170
:10874000688189E008D9E2CC8FEF8EBD0DB407FEB9
:10875000FDCF8EB58111E0CFE3CF4C8162E38CE099
:10876000FAD846CECE01F6D381E090E09093040390
:1087700080930303EFCDAE2FB0E060910F047091B2
:1087800010048E2FB0930E04A0930D04FB01FF275D
:10879000EB5FFC4F22812F5F2283AB5FBC4F1296B1
:1087A0002C9112972F5F12962C9322812F5F228398
:1087B000332309F4DCC160910D0470910E04DB01D8
:1087C000BB27AB5FBC4F12962C9112972F5F12966E
:1087D0002C9322812F5F2283282F6F3FBFEF7B07CF
:1087E00009F4C9C15FEF411154CD8FEF9FEF909312
:1087F0000E0480930D0420910F0430911004225038
:108800002093070481E0F0CBE8EEEE1AE9EFFE0AD0
:10881000F70180819181A281B38129E0B695A79566
:10882000979587952A95D1F79C01AD012F5F3F4F12
:108830004F4F5F4F8D81833039F0A9E0220F331FF6
:10884000441F551FAA95D1F761E1CE010E94D36262
:10885000811151CC40E052E0BE01685E7B4FCE01F9
:108860007FD3882309F449CCFACD5C81C8818091FB
:10887000070490910804282F291B2F3F09F41DC1DC
:10888000E1E0E80FE0930704A82FB0E0AB5FBC4F36
:1088900012961C922E2F291B2F3F09F44EC142E045
:1088A000480F40930704F0E0EB5FFC4F29E0228380
:1088B000242F30E03093100420930F04642F691BA1
:1088C0006F3F09F44DC143E0480F40930704F9019D
:1088D000EB5FFC4F11E01283642F70E0D42FD91BA3
:1088E00070930E0460930D04DF3F09F463C1D4E07C
:1088F000D80FD09307046B5F7C4FDB0112961C935B
:10890000129742814F5F428312964C9112974F5FAC
:1089100012964C934D2F491B4F3F09F449C18B5F71
:1089200080930704AD2FB0E0AB5FBC4F4CE01296D4
:108930004C93D82FD91B42814F5F4283CC2309F43B
:1089400088C060910D0470910E04DB01BB27AB5F02
:10895000BC4F12964C9112974F5F12964C93DF3F8B
:1089600009F4F3C041E0480F40930704A82FB0E09A
:10897000AB5FBC4F1296CC93D42FD91B82818F5FF3
:1089800082836F3F7F4F09F463C0552309F456C0BB
:1089900060910D0470910E04DB01BB27AB5FBC4FEF
:1089A00012968C9112978F5F12968C931297DF3FDD
:1089B00009F477C081E0840F80930704E42FF0E08E
:1089C000EB5FFC4F528320910F0430911004F901AA
:1089D000FF27EB5FFC4F42814F5F4283891B8F3F34
:1089E00009F40DCF6F3F7F4F09F07CCC7ECC8FEF29
:1089F0009FEF90930E0480930D045F3F09F075CCB8
:108A0000FACE822FFD01EB5FFC4F682F70E0709370
:108A10000E0460930D045F3F09F4A7C021E0280F06
:108A200020930704DB01AB5FBC4F81E012968C936F
:108A3000522F591B82818F5F828324CC8FEF9FEF4F
:108A400090930E0480930D04DF3F09F04ECCD3CEFB
:108A5000842FF901EB5FFC4F282F30E030930E0498
:108A600020930D04DF3F09F47EC041E0480F40939E
:108A70000704D901AB5FBC4F81E012968C93D42FD1
:108A8000D91B82818F5F828380CF4C8168818CE08B
:108A90000E94AB3CCC24C394D12C9ECDCE010DD2F0
:108AA000E1CC20910F0430911004F901FF27EB5F16
:108AB000FC4F82818F5F8283A2CE282F30E06091AD
:108AC0000F047091100430930E0420930D04FB01E9
:108AD000FF27EB5FFC4F42814F5F4283D901AB5FC1
:108AE000BC4F12963C9112973F5F12963C932281A5
:108AF0002F5F2283CC23E9F160910D0470910E0465
:108B0000DB01BB27AB5FBC4F12962C9112972F5FF6
:108B100012962C9322812F5F22836F3FCFEF7C0729
:108B200091F1482FDFEF511137CF5FCEA82FB0E082
:108B300060910F047091100425CE2E2F30E06091CB
:108B40000F04709110048E2FBECFF901EB5FFC4F24
:108B5000E1CFFD01EB5FFC4F3CCEBD01822F12CE79
:108B6000B901842FB0CF482F8CCF282F63CF5FEF70
:108B70004CCFDFEF71CF30E030930E0420930D0423
:108B8000282F5FEF57CF282F30E030930E0420932B
:108B90000D04482FDFEF75CF852F07CE82E082834B
:108BA000EB01CB5FDC4F8A818F5F8A83822F44CBBE
:108BB0008D2F9DCF82E08283DB01AB5FBC4F12968D
:108BC0008C9112978F5F12968C93842FB4CE4F9214
:108BD0005F926F927F928F929F92AF92BF92CF924D
:108BE000DF92EF92FF920F931F93CF93DF93EC01ED
:108BF000FB0149015A0157FD37C1688179818A819A
:108C00009B810E947D812B013C010C8004C07694E5
:108C10006794579447940A94D2F720911310309197
:108C20001410409115105091161057FDFEC0608130
:108C30007181828193810E947D819B01AC010480BE
:108C400004C056954795379527950A94D2F72093F7
:108C500013103093141040931510509316108091F8
:108C6000211081110CC0280D391D4A1D5B1D209358
:108C7000131030931410409315105093161057FD95
:108C8000B5C06D817E818F8198850E947D816B0149
:108C90007C01098404C0F694E794D794C7940A949D
:108CA000D2F7C40CD51CE61CF71C809117109091CC
:108CB0001810A0911910B0911A10A5019401281B49
:108CC000390B4A0B5B0B57FD72C06E857F85888917
:108CD00099890E947D81DC01CB010A8804C0B69588
:108CE000A795979587950A94D2F740901B105090BE
:108CF0001C1060901D1070901E10840D951DA61DF7
:108D0000B71D80931B1090931C10A0931D10B0935F
:108D10001E10B7FC0AC08091521090E0A0E0B0E0B5
:108D2000C816D906EA06FB068CF18FEFC816D104E7
:108D3000E104F1049CF51C141D041E041F040CF036
:108D4000B4C0C0921F1010922110B6018AE00E9498
:108D5000F6648092171090921810A0921910B09299
:108D60001A10D0931210C0931110DF91CF911F9160
:108D70000F91FF90EF90DF90CF90BF90AF909F90BA
:108D80008F907F906F905F904F9008956C017D0160
:108D90008FEFC816D104E104F1046CF28FEF8093D9
:108DA0001F1081E0809321106FEF70E0CFCF5095BE
:108DB0004095309521953F4F4F4F5F4F6E857F8592
:108DC000888999890E947D81DC01CB010A8804C0D1
:108DD000B695A795979587950A94D2F7B095A095E3
:108DE000909581959F4FAF4FBF4F7FCF5095409546
:108DF000309521953F4F4F4F5F4F6D817E818F8121
:108E000098850E947D81DC01CB01098404C0B69560
:108E1000A795979587950A94D2F7CC24DD247601FF
:108E2000C81AD90AEA0AFB0A3CCF509540953095FA
:108E300021953F4F4F4F5F4F6081718182819381B8
:108E40000E947D81DC01CB01048004C0B695A7950A
:108E5000979587950A94D2F722273327A901281BD3
:108E6000390B4A0B5B0BF3CE002711279801081929
:108E700019092A093B09688179818A819B81A901A5
:108E800098010E947D81DC01CB010C8004C0B69565
:108E9000A795979587950A94D2F7442455243201D3
:108EA000481A590A6A0A7B0AB8CE10921F1081E04C
:108EB0008093211060E070E049CFCF93DF93EC0105
:108EC000E981FA8161E082810E94BB638FEF8EBDF0
:108ED0000DB407FEFDCF1B82DF91CF910895CF9394
:108EE000DF93EC01E981FA8180818CBD81818DBDA8
:108EF000E981FA8160E082810E94BB6381E08B831B
:108F0000DF91CF910895FF920F931F93CF93DF933B
:108F10008B010E94F065EB01FF24FA94FEBC0DB4B6
:108F200007FEFDCF8EB58F3F71F00E94F0656C1B80
:108F30007D0B0617170790F780E0DF91CF911F9107
:108F40000F91FF90089581E0DF91CF911F910F91D4
:108F5000FF900895FC012381211101C00895ADCF38
:108F6000BF92CF92DF92EF92FF920F931F93CF9316
:108F7000DF93EC017B016A010E94F0658B01BB2449
:108F8000BA94BEBC0DB407FEFDCF8EB58C838F3F67
:108F9000C9F40E94F065601B710B693E734088F351
:108FA00085E588838B81882319F0CE0186DF80E0F8
:108FB000DF91CF911F910F91FF90EF90DF90CF90B5
:108FC000BF9008958E3F19F080E58883EBCFC114E0
:108FD000D104C9F0D60111978FEF8EBD109709F417
:108FE00047C0F701AE0DBF1D9FEF0DB407FEFDCFCB
:108FF0008EB59EBD8193EA17FB07B9F70DB407FE46
:10900000FDCF8EB58C931C828FEF8EBD0DB407FE05
:10901000FDCF2EB530E0322F22278FEF8EBD0DB45D
:1090200007FEFDCF8EB5282BC114D104F1F0D70176
:10903000CE0CDF1C80E090E04D91E92FFF27E42764
:10904000EE0FFF1FE057F64F45915491982F882758
:1090500084279527AC15BD0579F72817390719F02E
:1090600081E588839FCF81E0A3CF80E090E0F5CFBA
:10907000D701C4CF0F931F93CF93DF938C01FC01D3
:10908000C381C11101C02BDF98E03FEF3EBD0DB49D
:1090900007FEFDCF2EB52F3FB9F09150B9F7D1E0C3
:1090A000C11104C0F8018381811106C08D2FDF91A9
:1090B000CF911F910F910895C801FFDE8D2FDF9191
:1090C000CF911F910F910895D0E0EACF1F920F9298
:1090D0000FB60F9211240BB60F922F933F934F931D
:1090E0005F936F937F938F939F93AF93BF93EF9310
:1090F000FF9380917C0E90917D0E892B09F4C3C063
:1091000080917E0E90917F0E90938B0080938A00C9
:1091100090938900809388008091880E80FF21C001
:109120009FB7F894E091E612F091E71220818091C8
:10913000E512822B80839FBF8091BD129091BE1259
:10914000A091BF12B091C0120196A11DB11D8093D4
:10915000BD129093BE12A093BF12B093C012809123
:10916000880E81FF21C09FB7F894E091E312F0913F
:10917000E41220818091E212822B80839FBF809134
:10918000C1129091C212A091C312B091C412019663
:10919000A11DB11D8093C1129093C212A093C3125E
:1091A000B093C4128091880E82FF21C09FB7F894BB
:1091B000E091E012F091E11220818091DF12822B88
:1091C00080839FBF8091C5129091C612A091C71253
:1091D000B091C8120196A11DB11D8093C512909344
:1091E000C612A093C712B093C8128091880E83FF55
:1091F00021C09FB7F894E091DD12F091DE1220813A
:109200008091DC12822B80839FBF8091C912909144
:10921000CA12A091CB12B091CC120196A11DB11D22
:109220008093C9129093CA12A093CB12B093CC1220
:109230008091880E80FD10C181FD1FC182FD2EC16D
:1092400083FD13C0FF91EF91BF91AF919F918F91DB
:109250007F916F915F914F913F912F910F900BBE36
:109260000F900FBE0F901F9018952FB7F894E091B4
:10927000DD12F091DE1290818091DC1280958923BD
:1092800080832FBFDFCF80917B0E90917A0E98174D
:1092900009F416C191E0980F90937B0E90E0880F2F
:1092A000991F880F991FFC01E658F54F22813381E1
:1092B00030938B0020938A0030938900209388009C
:1092C000228133814091840E5091850E6091860EEB
:1092D0007091870E420F531F611D711D4093840EC4
:1092E0005093850E6093860E7093870E208127FD24
:1092F00071C2FC01E658F54F3081218120FF36C054
:10930000317020914911E091CE12F091CF1240813D
:10931000321709F420C22091CD12242309F4DBC0B6
:109320004091F2125091F3124F5F5F4F5093F3123E
:109330004093F212609137117091381166307105C7
:1093400008F030C262E070E04617570708F4C7C063
:109350001092F3121092F21220916F002B7F209343
:109360006F00FC01E658F54F3081218121FF3BC0A1
:1093700036953170632F70E040914A1150E0E091D2
:10938000BB12F091BC126417750709F48EC14081BD
:109390002091BA12242309F40EC14091EE1250918B
:1093A000EF124F5F5F4F5093EF124093EE126091B8
:1093B000391170913A116630710508F0F6C162E01A
:1093C00070E04617570708F4FAC01092EF12109297
:1093D000EE1220916F002B7F20936F00FC01E65866
:1093E000F54F3081218122FF2DCF32FB332730F919
:1093F000432F50E080914B1190E0E091B812F09132
:10940000B9124817590709F479C190818091B712B0
:10941000892309F49CC08091EA129091EB12019685
:109420009093EB128093EA1240913B1150913C11C2
:109430004630510508F0BCC142E050E08417950762
:1094400008F489C01092EB121092EA1280916F001A
:109450008B7F80936F00F6CE2FB7F894E091E612E1
:10946000F091E71290818091E512809589238083A5
:109470002FBF8091880E81FFE1CE2FB7F894E09145
:10948000E312F091E41290818091E2128095892399
:1094900080832FBF8091880E82FFD2CE2FB7F894A1
:1094A000E091E012F091E11290818091DF128095BD
:1094B000892380832FBF8091880E83FFC3CED5CEB2
:1094C00080ED97E090938B0080938A0090938900C1
:1094D00080938800B7CE1092F3121092F2124FB719
:1094E000F894E091E612F091E71250812091E51294
:1094F000252B20834FBF332309F499C04091BD121F
:109500005091BE126091BF127091C0124F5F5F4FB9
:109510006F4F7F4F4093BD125093BE126093BF12A6
:109520007093C0124FB7F894E091E612F091E712F1
:1095300030812091E5122095232320834FBFFC0129
:10954000E658F54F3081218121FD12CF4CCF10928A
:10955000EB121092EA129FB7F894E091E012F091AA
:10956000E11220818091DF12822B80839FBF332301
:1095700009F472C08091C5129091C612A091C712D1
:10958000B091C8120196A11DB11D8093C512909390
:10959000C612A093C712B093C8122FB7F894E091E7
:1095A000E012F091E11290818091DF128095892381
:1095B00080832FBF47CE1092EF121092EE124FB75A
:1095C000F894E091E312F091E41250812091E212BC
:1095D000252B20834FBF332309F452C04091C11281
:1095E0005091C2126091C3127091C4124F5F5F4FCD
:1095F0006F4F7F4F4093C1125093C2126093C312BA
:109600007093C4124FB7F894E091E312F091E41212
:1096100030812091E2122095232320834FBFFC014B
:10962000E658F54F3081218122FDDFCE0BCE4091EF
:10963000BD125091BE126091BF127091C012415084
:109640005109610971094093BD125093BE12609394
:10965000BF127093C01266CF8091C5129091C6124E
:10966000A091C712B091C8120197A109B1098093C6
:10967000C5129093C612A093C712B093C8128DCF93
:109680004091C1125091C2126091C3127091C412E4
:1096900041505109610971094093C1125093C2129E
:1096A0006093C3127093C412ADCF40812091BA125F
:1096B000242309F08AC04091EC125091ED124F5FC3
:1096C0005F4F5093ED124093EC12609139117091FD
:1096D0003A116036710508F4E0C076956795729589
:1096E00062956F7067277F7067274617570708F4E2
:1096F00066CF1092ED121092EC126BCE9081809199
:10970000B712892309F05CC08091E8129091E912A8
:1097100001969093E9128093E81240913B11509189
:109720003C114036510508F4B2C056954795529504
:1097300042954F7045275F7045278417950708F4B9
:109740000ACF1092E9121092E81280916F008B7F7D
:1097500080936F0077CD2091CD12242361F5409145
:10976000F0125091F1124F5F5F4F5093F1124093FE
:10977000F01260913711709138116036710508F45C
:1097800089C076956795729562956F7067277F702F
:1097900067274617570708F4A2CE1092F1121092CD
:1097A000F012DACD76956795CFCD7695679509CE8F
:1097B0005695479543CE1092F1121092F0128FCE2B
:1097C0001092E9121092E812C6CE1092ED12109289
:1097D000EC12F5CE20FD31C03FB7F894E091251290
:1097E000F0912612408120912412242B20833FBF28
:1097F000FC01E658F54F208121FD3BC03FB7F894AE
:10980000E0912212F0912312408120912112242B09
:1098100020833FBFFC01E658F54F208122FD1BC08D
:109820003FB7F894E0911F12F091201240812091EF
:109830001E12242B20833FBF5CCD4FB7F894E091DC
:109840002512F09126123081209124122095232395
:1098500020834FBFCDCF4FB7F894E0911F12F09106
:109860002012308120911E122095232320834FBF88
:1098700040CD4FB7F894E0912212F091231230813D
:10988000209121122095232320834FBFC3CF42E094
:1098900050E053CF62E070E07CCF62E070E025CF13
:1098A0001F920F920FB60F9211240BB60F92CF9208
:1098B000DF92EF92FF920F931F932F933F934F935B
:1098C0005F936F937F938F939F93AF93BF93EF9328
:1098D000FF9380917B0E90917A0E981709F438C10E
:1098E00091E0980F90937B0E90E0880F991F880F5E
:1098F000991FFC01E658F54F22813381309389008E
:1099000020938800208127FD38C1FC01E658F54FDF
:109910002181211119C0FF91EF91BF91AF919F91CA
:109920008F917F916F915F914F913F912F911F91F7
:109930000F91FF90EF90DF90CF900F900BBE0F90A4
:109940000FBE0F901F9018953081722F717020FFFD
:1099500024C05FB7F894A091E612B091E7126C9121
:109960004091E512462B4C935FBFC090BD12D09042
:10997000BE12E090BF12F090C01230FDA1C031E0E5
:10998000C31AD108E108F108C092BD12D092BE12EC
:10999000E092BF12F092C0123081622F627021FFFC
:1099A00027C05FB7F894E091E312F091E412A08130
:1099B0004091E2124A2B40835FBFC090C112D09009
:1099C000C212E090C312F090C41231FD9AC031E08F
:1099D000C31AD108E108F108C092C112D092C21294
:1099E000E092C312F092C412FC01E658F54F3081A8
:1099F000522F547022FF27C0AFB7F894E091E012C5
:109A0000F091E112B0814091DF124B2B4083AFBF48
:109A1000C090C512D090C612E090C712F090C81244
:109A200032FD5DC031E0C31AD108E108F108C092EF
:109A3000C512D092C612E092C712F092C812FC0171
:109A4000E658F54F3081922F987023FF22C02FB730
:109A5000F894E091DD12F091DE1240818091DC12E9
:109A6000842B80832FBF33FD5EC00091C9121091FB
:109A7000CA122091CB123091CC1201501109210948
:109A800031090093C9121093CA122093CB1230935C
:109A9000CC127111D3C06111C3C05111B3C099234D
:109AA00009F439CF2FB7F894E091DD12F091DE126E
:109AB00090818091DC128095892380832FBF2BCFEA
:109AC0003FEFC31AD30AE30AF30AC092BD12D09241
:109AD000BE12E092BF12F092C01230815ECF3FEF13
:109AE000C31AD30AE30AF30AC092C512D092C6126F
:109AF000E092C712F092C812FC01E658F54F30818F
:109B0000A2CF3FEFC31AD30AE30AF30AC092C112ED
:109B1000D092C212E092C312F092C412FC01E65835
:109B2000F54F308165CF0091C9121091CA12209172
:109B3000CB123091CC120F5F1F4F2F4F3F4F00932E
:109B4000C9121093CA122093CB123093CC12A1CF1A
:109B50008091F6119091F7112091F8113091F9113F
:109B6000821B930B8130924008F0AEC080ED97E0ED
:109B70009093890080938800CECE20FD6DC03FB7C2
:109B8000F894E0912512F091261240812091241240
:109B9000242B20833FBFFC01E658F54F208121FD97
:109BA00085C03FB7F894E0912212F09123124081D2
:109BB00020912112242B20833FBFFC01E658F54F52
:109BC000208122FD65C03FB7F894E0911F12F0910B
:109BD0002012408120911E12242B20833FBFFC01C4
:109BE000E658F54F208123FD45C03FB7F894E0913A
:109BF0001C12F0911D12408120911B12242B2083F6
:109C00003FBF83CE3FB7F894E091E012F091E112AC
:109C100020818091DF128095822380833FBF3FCFD8
:109C20003FB7F894E091E312F091E4122081809123
:109C3000E2128095822380833FBF2FCF3FB7F894F5
:109C4000E091E612F091E71220818091E512809573
:109C5000822380833FBF1FCF4FB7F894E091251236
:109C6000F091261230812091241220952323208305
:109C70004FBF91CF4FB7F894E0911C12F0911D1295
:109C8000308120911B122095232320834FBF3DCE8E
:109C90004FB7F894E0911F12F0912012308120917B
:109CA0001E122095232320834FBF99CF4FB7F894DE
:109CB000E0912212F09123123081209121122095FF
:109CC000232320834FBF79CF89E190E090938900CF
:109CD000809388008091621190916311092E000C8D
:109CE000AA0BBB0B0196A11DB11D009731E0A30784
:109CF000B10520F08FEF9FEFA0E0B0E090936311EB
:109D00008093621108CE9FB7F894E091DA12F09137
:109D1000DB1220818091D912822B80839FBF9FB755
:109D2000F894E091D712F091D81220818091D61248
:109D3000822B80839FBF9FB7F894E091D412F0915B
:109D4000D51220818091D312822B80839FBF9FB731
:109D5000F894E091D112F091D21220818091D0122A
:109D6000822B80839FBF08951F920F920FB60F9290
:109D700011240BB60F928F939F93AF93BF93EF93E2
:109D8000FF938091C600A9E8BFE0EC9191E09E0F9F
:109D90009C93F0E0E757F14F8083FF91EF91BF91E3
:109DA000AF919F918F910F900BBE0F900FBE0F90B0
:109DB0001F901895FC0190917A0E80917B0E981B54
:109DC0009095908380E008952F923F924F925F92FA
:109DD0006F927F928F929F92AF92BF92CF92DF92BB
:109DE000EF92FF920F931F93CF93DF9381E090E068
:109DF0009093DF118093DE1181E090E0A0E0B0E06D
:109E00008093DA119093DB11A093DC11B093DD11F4
:109E10001092E31110927411109273111092F911B3
:109E20001092F8111092F7111092F6112091350A44
:109E30003091360ACFEFDFEFAA24AA94BB24B39463
:109E4000A9E02A2EB2E03B2E01E010E089EEC82EF8
:109E5000D12C9CEBE92EF12C21153105B1F080912C
:109E60002304909124048C3B910509F465C0893E3C
:109E7000910509F4D6C1892B09F445C2D093240475
:109E8000C09323042115310551F710922B0610922F
:109E90002C0610922D0610922E0610922606109275
:109EA000250610922F0A1092300A1092310A109251
:109EB000320A1092370A81E090E0A0E0B0E080938F
:109EC000270690932806A0932906B0932A0610929D
:109ED0007B0E10927A0E1092840E1092850E1092C4
:109EE000860E1092870E1092800E1092810E1092A4
:109EF000820E1092830EDF91CF911F910F91FF90F0
:109F0000EF90DF90CF90BF90AF909F908F907F9019
:109F10006F905F904F903F902F9008950E94F06552
:109F200060934A0A70934B0A80934C0A90934D0AAF
:109F3000F0922404E09223040E94F06560933A0AB0
:109F400070933B0A80933C0A90933D0A8091380AB3
:109F50009091390A8F52964009F441C480912F0A9A
:109F60009091300AA091310AB091320A79E0B69509
:109F7000A795979587957A95D1F79C01AD012F5FAD
:109F80003F4F4F4F5F4F80911C04833039F069E0A1
:109F9000220F331F441F551F6A95D1F761E187E1F6
:109FA00094E00E94D362882309F403C280E3809383
:109FB000170480911A04882321F087E194E00E941D
:109FC0005D4780911E04815080931E04882309F40C
:109FD00001C50E94F06540903A0A50903B0A60909B
:109FE0003C0A70903D0ADC01CB0184199509A60951
:109FF000B70940913E0A50913F0A6091400A709122
:10A00000410A4F5F5F4F6F4F7F4F40933E0A50931F
:10A010003F0A6093400A7093410A4091420A50916E
:10A02000430A6091440A7091450A480F591F6A1FFC
:10A030007B1F4093420A5093430A6093440A7093F3
:10A04000450A4091460A5091470A6091480A70912A
:10A05000490A481759076A077B0740F48093460A64
:10A060009093470AA093480AB093490A80901B0432
:10A07000909017046091070470910804862F871B45
:10A080008F3F09F4B0C5E1E0E60FE0930704A62F87
:10A09000B0E0AB5FBC4F12961C928E2F871B8F3F98
:10A0A00009F4B0C442E0460F40930704F0E0EB5FD0
:10A0B000FC4F2282242F30E03093100420930F04B1
:10A0C000842F871B8F3F09F4B6C543E0460F4093AA
:10A0D0000704F901EB5FFC4FB282842F90E0742EED
:10A0E000771A90930E0480930D045FEF751609F4B0
:10A0F000C5C544E0460F40930704DC01AB5FBC4F8D
:10A100001296BC92129782818F5F828312968C91F5
:10A1100012978F5F12968C93842F871B8F3F09F4C1
:10A12000ABC56B5F60930704A42FB0E0AB5FBC4F7F
:10A1300012962C92762E771A82818F5F82839920D5
:10A1400009F4F4C480910D0490910E04AC015527DC
:10A150004B5F5C4FDA0112966C90129763941296E3
:10A160006C92BFEF7B1609F4B0C441E0460F4093F8
:10A170000704A62FB0E0AB5FBC4F12969C92742EE2
:10A18000771A52815F5F5283019609F4CEC488200A
:10A1900009F4BBC480910D0490910E04FC01FF27CB
:10A1A000EB5FFC4F22812F5F22832FEF721609F4A1
:10A1B00007C561E0640F60930704A42FB0E0AB5FB4
:10A1C000BC4F12968C9240910F04509110049A014A
:10A1D0003327D901AB5FBC4F12962C9112972F5F9A
:10A1E00012962C93671B6F3F09F487C4019609F000
:10A1F000A28280910B048F5F80930B042091350A1B
:10A200003091360A29CE0E94F06560936A0A7093F5
:10A210006B0A80936C0A90936D0AD0922404C092CA
:10A2200023040E94F06560935A0A70935B0A80933E
:10A230005C0A90935D0A4090270650902806609033
:10A24000290670902A068091030390910403892BBC
:10A2500009F085C087E194E00E943A48882309F418
:10A260007DC10E94F06540905A0A50905B0A609050
:10A270005C0A70905D0ADC01CB0184199509A6097E
:10A28000B70940915E0A50915F0A6091600A70912F
:10A29000610A4F5F5F4F6F4F7F4F40935E0A50934D
:10A2A0005F0A6093600A7093610A4091620A50915C
:10A2B000630A6091640A7091650A480F591F6A1F0A
:10A2C0007B1F4093620A5093630A6093640A709301
:10A2D000650A4091660A5091670A6091680A709118
:10A2E000690A481759076A077B0740F48093660A92
:10A2F0009093670AA093680AB093690A2091350A7F
:10A300003091360AA9CD2130310509F407CE22302B
:10A31000310509F478CF8091370A81111BC0409133
:10A320002B0650912C0660912D0670912E0680917F
:10A330002F0A9091300AA091310AB091320A481741
:10A3400059076A077B0731F01093360A0093350AE4
:10A3500021E030E010922404109223047DCD87E1A7
:10A3600094E00E943A4881117CCF20E030E0A901BE
:10A370006DE087E194E00E94D362882309F427C24C
:10A3800040911B0469E28CE00E94AB3C80911A046E
:10A39000882321F087E194E00E945D471092040336
:10A3A0001092030355E050931F0492E0892E912CE4
:10A3B0003FC140E052E06FE276E087E194E00E9426
:10A3C000B047882309F4F5CD80911A048111F3C3B5
:10A3D00045E040931E040E94F06540903A0A509078
:10A3E0003B0A60903C0A70903D0ADC01CB01841965
:10A3F0009509A609B70940913E0A50913F0A60911C
:10A40000400A7091410A4F5F5F4F6F4F7F4F4093FB
:10A410003E0A50933F0A6093400A7093410A40916C
:10A42000420A5091430A6091440A7091450A480FCC
:10A43000591F6A1F7B1F4093420A5093430A60933F
:10A44000440A7093450A4091460A5091470A609128
:10A45000480A7091490A481759076A077B0740F470
:10A460008093460A9093470AA093480AB093490AFA
:10A470000E94F06540904A0A50904B0A60904C0A46
:10A4800070904D0ADC01CB0184199509A609B70922
:10A4900040914E0A50914F0A6091500A7091510AB2
:10A4A0004F5F5F4F6F4F7F4F40934E0A50934F0A5D
:10A4B0006093500A7093510A4091520A5091530A86
:10A4C0006091540A7091550A480F591F6A1F7B1FEB
:10A4D0004093520A5093530A6093540A7093550A5A
:10A4E0004091560A5091570A6091580A7091590A42
:10A4F000481759076A077B0740F48093560A9093E0
:10A50000570AA093580AB093590A80912B0690914C
:10A510002C06A0912D06B0912E0640912F0A509145
:10A52000300A6091310A7091320A841B950BA60B98
:10A53000B70B811552E09507A105B10510F080E039
:10A5400092E09093340A8093330A1092360A109264
:10A55000350AB092370A20E030E0FCCEA301920128
:10A5600000901D0404C0220F331F441F551F0A947E
:10A57000D2F768E187E194E00E94D362811132C290
:10A58000A5E2B4E080E090E02D91E92FFF27E227DB
:10A59000EE0FFF1FE057F64F25913491982F882733
:10A5A0008227932726E0A532B20771F72EEF2EBD42
:10A5B0000DB407FEFDCF209125042EBD2091260469
:10A5C000E7E2F4E00DB407FEFDCF2EBD46E0E53234
:10A5D000F40711F02191F6CF0DB407FEFDCF9EBD1B
:10A5E0000DB407FEFDCF8EBD0DB407FEFDCFAEBC92
:10A5F0000DB407FEFDCF8EB580931B048F7185309F
:10A6000009F4F7C187E58093170480911A04882321
:10A6100021F087E194E00E945D4780911F04815002
:10A6200080931F04882309F4BBC288248394912C4F
:10A630000E94F06540905A0A50905B0A60905C0A54
:10A6400070905D0ADC01CB0184199509A609B70950
:10A6500040915E0A50915F0A6091600A7091610AB0
:10A660004F5F5F4F6F4F7F4F40935E0A50935F0A7B
:10A670006093600A7093610A4091620A5091630A84
:10A680006091640A7091650A480F591F6A1F7B1F09
:10A690004093620A5093630A6093640A7093650A58
:10A6A0004091660A5091670A6091680A7091690A40
:10A6B000481759076A077B0740F48093660A90930E
:10A6C000670AA093680AB093690A8A94892809F4F2
:10A6D000B9C00E94F06540906A0A50906B0A609081
:10A6E0006C0A70906D0ADC01CB0184199509A609EA
:10A6F000B70940916E0A50916F0A6091700A70918B
:10A70000710A4F5F5F4F6F4F7F4F40936E0A5093B8
:10A710006F0A6093700A7093710A4091720A5091A7
:10A72000730A6091740A7091750A480F591F6A1F65
:10A730007B1F4093720A5093730A6093740A70935C
:10A74000750A4091760A5091770A6091780A709163
:10A75000790A481759076A077B0740F48093760AFD
:10A760009093770AA093780AB093790A80912B0688
:10A7700090912C06A0912D06B0912E069E5FAF4FB2
:10A78000BF4F80932B0690932C06A0932D06B09379
:10A790002E0610922606109225068091270690918B
:10A7A0002806A0912906B0912A060196A11DB11D87
:10A7B0008093270690932806A0932906B0932A0633
:10A7C0001092360A1092350A20E030E0C3CDAEBCBC
:10A7D0000DB407FEFDCF8EB58111D2CDD7CD8091BE
:10A7E0002F0A9091300AA091310AB091320AF9E013
:10A7F000B695A79597958795FA95D1F79C01AD01E8
:10A800002F5F3F4F4F4F5F4F80911C04833039F0D3
:10A81000E9E0220F331F441F551FEA95D1F761E18C
:10A8200087E194E00E94D3628111C0CB40E052E006
:10A830006FE278E087E194E00E94B047882309F452
:10A84000B8CBC2CD40901B048090170470910704D0
:10A8500060910804872F861B8F3F09F4CBC1E1E08C
:10A86000E70FE0930704A72FB0E0AB5FBC4F129651
:10A870001C928E2F861B8F3F09F4F5C082E0870F54
:10A8800080930704F0E0EB5FFC4F2282282F30E03A
:10A890003093100420930F04982F961B9F3F09F4C8
:10A8A000D1C143E0470F40930704D901AB5FBC4FD0
:10A8B0001296BC921297842F90E0942E961A909341
:10A8C0000E0480930D045FEF951609F4CAC144E0AD
:10A8D000470F40930704FC01EB5FFC4FB2821296D6
:10A8E0008C9112978F5F12968C93129782818F5F53
:10A8F0008283842F861B8F3F09F4B1C17B5F7093E5
:10A900000704E42FF0E0EB5FFC4F8CE08283972E8E
:10A91000961A12968C9112978F5F12968C931297BB
:10A92000882009F420C180910D0490910E04AC019F
:10A930005527FA01EB5FFC4F42814F5F42834FEF97
:10A94000941609F45EC141E0470F40930704E72FD6
:10A95000F0E0EB5FFC4F8282942E961A12965C9187
:10A9600012975F5F12965C93019609F4FBC0442036
:10A9700009F4D3C080910D0490910E04FC01FF27CF
:10A98000EB5FFC4F22812F5F2283BFEF9B1609F400
:10A9900017C171E0740F70930704A42FB0E0AB5F90
:10A9A000BC4F12964C9240910F04509110049A01A2
:10A9B0003327D901AB5FBC4F12962C9112972F5FB2
:10A9C00012962C93761B7F3F09F497C0019609F0ED
:10A9D0000FCC0FCC40911B046091170489E00E94BA
:10A9E000AB3CF7CA40911B0462E38CE00E94AB3C95
:10A9F000C7CD87E194E00E94AA4710930403009317
:10AA000003032FCC8E2F90E020910F04309110047F
:10AA10006E2F90930E0480930D043327F901EB5FA2
:10AA2000FC4F22812F5F2283DC01AB5FBC4F12966B
:10AA30008C9112978F5F12968C9382818F5F8283A5
:10AA4000992009F4F5C080910D0490910E049C01A9
:10AA50003327D901AB5FBC4F12962C9112972F5F11
:10AA600012962C9335C02E2F30E0A0910F04B09198
:10AA700010047E2F30930E0420930D04BB27AB5F90
:10AA8000BC4F12968C9112978F5F12968C931297EF
:10AA9000F901EB5FFC4F82818F5F828312968C916C
:10AAA00012978F5F12968C931297882009F4BDC07D
:10AAB00080910D0490910E049C013327F901EB5F06
:10AAC000FC4F22812F5F22839FC0F901EB5FFC4F77
:10AAD00022812F5F22838F3FBFEF9B0709F4DAC0EB
:10AAE000462F77247A94811059CBD0930E04C093CB
:10AAF0000D0440910F0450911004425040930704FC
:10AB00002091350A3091360AA7C9D0930E04C0931C
:10AB10000D04BFEF7B126DCBECCFD0930E04C0932E
:10AB20000D04AFEF9A1265CBE4CF642FF901EB5F10
:10AB3000FC4F862F90E090930E0480930D04AFEFAE
:10AB40007A1609F47BC041E0460F40930704DC010C
:10AB5000AB5FBC4F1296BC92742E771A82818F5FC6
:10AB6000828315CB742FD901AB5FBC4FE72FF0E088
:10AB7000F0930E04E0930D048FEF981609F460C073
:10AB800041E0470F40930704EB5FFC4FB282942EE5
:10AB9000961A12968C9112978F5F12968C93E7CE2D
:10ABA00040911B04609117048CE00E94AB3C882408
:10ABB0008394912C3DCD87E194E00E945D4708CCC1
:10ABC00040910F0450911004FA01FF27EB5FFC4FF6
:10ABD00082818F5F82834250409307042091350A1F
:10ABE0003091360A39C9862F90E020910F043091B8
:10ABF00010040FCF272F30E0A0910F04B091100464
:10AC000039CFD901AB5FBC4F12962C9112972F5FB1
:10AC100012962C9312978F3F2FEF9207B1F0472F88
:10AC200099249A944110AACE60CF99249A949ECFE9
:10AC300077247A947ECFC901642FEBCE462F8ECF36
:10AC4000472FA7CFD901782F15CF872F90E090936A
:10AC50000E0480930D04472F99249A949ACF742F51
:10AC60001DCF12963C921297FC01EB5FFC4F828144
:10AC70008F5F8283742F4DCE642FDFCE32828B5F45
:10AC80009C4FDC0112965C9112975F5F12965C9369
:10AC9000642F52CA862F90E090930E0480930D0487
:10ACA000462F77247A945ACF0F931F9390917F1158
:10ACB0009093EF1180917E11882309F494C0409104
:10ACC0009A1150919B1160919C1170919D1177FD8B
:10ACD000B1C00091C2111091C3112091C4113091E3
:10ACE000C511400F511F621F731F40939A1150935B
:10ACF0009B1160939C1170939D1191609093EF1143
:10AD0000813009F070C04091A2115091A31160915F
:10AD1000A4117091A51177FDB7C00091CA111091CF
:10AD2000CB112091CC113091CD11400F511F621FDA
:10AD3000731F4093A2115093A3116093A4117093B9
:10AD4000A5119091EF1194609093EF11833029F148
:10AD50004091A6115091A7116091A8117091A9116D
:10AD600077FDA7C00091CE111091CF112091D01185
:10AD70003091D111400F511F621F731F4093A611D4
:10AD80005093A7116093A8117093A9119091EF119E
:10AD900098609093EF11843019F18091AA119091ED
:10ADA000AB11A091AC11B091AD11B7FD97C040911E
:10ADB000D2115091D3116091D4117091D511840F9B
:10ADC000951FA61FB71F8093AA119093AB11A09354
:10ADD000AC11B093AD118091EF1180618093EF11B0
:10ADE0001F910F91089540919E1150919F11609174
:10ADF000A0117091A11177FD32C00091C611109180
:10AE0000C7112091C8113091C911400F511F621F05
:10AE1000731F40939E1150939F116093A0117093E4
:10AE2000A1119091EF1192609093EF11823009F08F
:10AE30006ACF8ECF0091AE111091AF112091B01159
:10AE40003091B111400F511F621F731F40939A112F
:10AE500050939B1160939C1170939D1151CF009161
:10AE6000B2111091B3112091B4113091B511400F6E
:10AE7000511F621F731F40939E1150939F11609347
:10AE8000A0117093A111D2CF0091B6111091B711FA
:10AE90002091B8113091B911400F511F621F731FDB
:10AEA0004093A2115093A3116093A4117093A51124
:10AEB0004DCF0091BA111091BB112091BC1130916E
:10AEC000BD11400F511F621F731F4093A611509375
:10AED000A7116093A8117093A9115DCF4091BE1185
:10AEE0005091BF116091C0117091C111840F951FD5
:10AEF000A61FB71F8093AA119093AB11A093AC111A
:10AF0000B093AD111F910F9108952F923F924F92E0
:10AF10005F926F927F928F929F92AF92BF92CF92E9
:10AF2000DF92EF92FF920F931F93CF93DF931092D4
:10AF3000F9111092F8111092F7111092F611209158
:10AF4000350A3091360ACFEFDFEFAA24AA94BB244A
:10AF5000B394A9E02A2EB2E03B2E01E010E089EE86
:10AF6000C82ED12C9CEBE92EF12C21153105B1F026
:10AF700080912304909124048C3B910509F451C0E5
:10AF8000893E910509F4C2C1892B09F431C2D093DD
:10AF90002404C09323042115310551F710922B0688
:10AFA00010922C0610922D0610922E061092260654
:10AFB0001092250610922F0A1092300A1092310A30
:10AFC0001092320A1092370A81E090E0A0E0B0E0DF
:10AFD0008093270690932806A0932906B0932A060B
:10AFE000DF91CF911F910F91FF90EF90DF90CF9065
:10AFF000BF90AF909F908F907F906F905F904F9099
:10B000003F902F9008950E94F06560934A0A7093D4
:10B010004B0A80934C0A90934D0AF0922404E092DC
:10B0200023040E94F06560933A0A70933B0A809370
:10B030003C0A90933D0A8091380A9091390A8F52C8
:10B04000964009F440C480912F0A9091300AA09153
:10B05000310AB091320A79E0B695A7959795879510
:10B060007A95D1F79C01AD012F5F3F4F4F4F5F4F56
:10B0700080911C04833039F069E0220F331F441F94
:10B08000551F6A95D1F761E187E194E00E94D36290
:10B09000882309F403C280E38093170480911A0483
:10B0A000882321F087E194E00E945D4780911E048F
:10B0B000815080931E04882309F4FFC40E94F06528
:10B0C00040903A0A50903B0A60903C0A70903D0ACA
:10B0D000DC01CB0184199509A609B70940913E0A04
:10B0E00050913F0A6091400A7091410A4F5F5F4F53
:10B0F0006F4F7F4F40933E0A50933F0A6093400A40
:10B100007093410A4091420A5091430A6091440A67
:10B110007091450A480F591F6A1F7B1F4093420ACE
:10B120005093430A6093440A7093450A4091460A3B
:10B130005091470A6091480A7091490A4817590787
:10B140006A077B0740F48093460A9093470AA093CE
:10B15000480AB093490A80901B04909017046091AC
:10B16000070470910804862F871B8F3F09F4AEC532
:10B17000E1E0E60FE0930704A62FB0E0AB5FBC4F21
:10B1800012961C928E2F871B8F3F09F4AEC442E0AB
:10B19000460F40930704F0E0EB5FFC4F2282242F20
:10B1A00030E03093100420930F04842F871B8F3FCF
:10B1B00009F4B4C543E0460F40930704F901EB5F7F
:10B1C000FC4FB282842F90E0742E771A90930E0475
:10B1D00080930D045FEF751609F4C3C544E0460F74
:10B1E00040930704DC01AB5FBC4F1296BC921297F0
:10B1F00082818F5F828312968C9112978F5F129655
:10B200008C93842F871B8F3F09F4A9C56B5F6093D4
:10B210000704A42FB0E0AB5FBC4F12962C92762EA1
:10B22000771A82818F5F8283992009F4F2C480911A
:10B230000D0490910E04AC0155274B5F5C4FDA0171
:10B2400012966C901297639412966C92BFEF7B16D5
:10B2500009F4AEC441E0460F40930704A62FB0E0C6
:10B26000AB5FBC4F12969C92742E771A52815F5F2F
:10B270005283019609F4CCC4882009F4B9C48091A2
:10B280000D0490910E04FC01FF27EB5FFC4F22811F
:10B290002F5F22832FEF721609F405C561E0640F5A
:10B2A00060930704A42FB0E0AB5FBC4F12968C9262
:10B2B00040910F04509110049A013327D901AB5FDC
:10B2C000BC4F12962C9112972F5F12962C93671BEE
:10B2D0006F3F09F485C4019609F0A28280910B04A6
:10B2E0008F5F80930B042091350A3091360A3DCE52
:10B2F0000E94F06560936A0A70936B0A80936C0AEF
:10B3000090936D0AD0922404C09223040E94F065A9
:10B3100060935A0A70935B0A80935C0A90935D0A6B
:10B3200040902706509028066090290670902A06C3
:10B330008091030390910403892B09F085C087E174
:10B3400094E00E943A48882309F47DC10E94F06588
:10B3500040905A0A50905B0A60905C0A70905D0AB7
:10B36000DC01CB0184199509A609B70940915E0A51
:10B3700050915F0A6091600A7091610A4F5F5F4F60
:10B380006F4F7F4F40935E0A50935F0A6093600A4D
:10B390007093610A4091620A5091630A6091640A55
:10B3A0007091650A480F591F6A1F7B1F4093620AFC
:10B3B0005093630A6093640A7093650A4091660A29
:10B3C0005091670A6091680A7091690A4817590795
:10B3D0006A077B0740F48093660A9093670AA093FC
:10B3E000680AB093690A2091350A3091360ABDCDBA
:10B3F0002130310509F407CE2230310509F478CF28
:10B400008091370A81111BC040912B0650912C0668
:10B4100060912D0670912E0680912F0A9091300A2E
:10B42000A091310AB091320A481759076A077B0781
:10B4300031F01093360A0093350A21E030E0109283
:10B4400024041092230491CD87E194E00E943A48AD
:10B4500081117CCF20E030E0A9016DE087E194E02C
:10B460000E94D362882309F426C240911B0469E23A
:10B470008CE00E94AB3C80911A04882321F087E184
:10B4800094E00E945D47109204031092030355E07C
:10B4900050931F0492E0892E912C3EC140E052E06F
:10B4A0006FE276E087E194E00E94B047882309F4D8
:10B4B000F5CD80911A048111F1C345E040931E043B
:10B4C0000E94F06540903A0A50903B0A60903C0A16
:10B4D00070903D0ADC01CB0184199509A609B709D2
:10B4E00040913E0A50913F0A6091400A7091410A92
:10B4F0004F5F5F4F6F4F7F4F40933E0A50933F0A1D
:10B500006093400A7093410A4091420A5091430A65
:10B510006091440A7091450A480F591F6A1F7B1FAA
:10B520004093420A5093430A6093440A7093450A39
:10B530004091460A5091470A6091480A7091490A21
:10B54000481759076A077B0740F48093460A90938F
:10B55000470AA093480AB093490A0E94F0654090B8
:10B560004A0A50904B0A60904C0A70904D0ADC01D8
:10B57000CB0184199509A609B70940914E0A50914B
:10B580004F0A6091500A7091510A4F5F5F4F6F4FA1
:10B590007F4F40934E0A50934F0A6093500A709326
:10B5A000510A4091520A5091530A6091540A709185
:10B5B000550A480F591F6A1F7B1F4093520A509328
:10B5C000530A6093540A7093550A4091560A509159
:10B5D000570A6091580A7091590A481759076A0723
:10B5E0007B0740F48093560A9093570AA093580A19
:10B5F000B093590A80912B0690912C06A0912D06AC
:10B60000B0912E0640912F0A5091300A6091310A74
:10B610007091320A841B950BA60BB70B811552E073
:10B620009507A105B10510F080E092E09093340AEF
:10B630008093330A1092360A1092350AB092370A74
:10B6400020E030E0FCCEA301920100901D0404C074
:10B65000220F331F441F551F0A94D2F768E187E178
:10B6600094E0A1D7811131C2A5E2B4E080E090E07E
:10B670002D91E92FFF27E227EE0FFF1FE057F64F2E
:10B6800025913491982F88278227932726E0A53289
:10B69000B20771F72EEF2EBD0DB407FEFDCF20913E
:10B6A00025042EBD20912604E7E2F4E00DB407FE48
:10B6B000FDCF2EBD46E0E532F40711F02191F6CF23
:10B6C0000DB407FEFDCF9EBD0DB407FEFDCF8EBDB0
:10B6D0000DB407FEFDCFAEBC0DB407FEFDCF8EB599
:10B6E00080931B048F71853009F4F6C187E5809340
:10B6F000170480911A04882321F087E194E00E94C6
:10B700005D4780911F04815080931F04882309F4B2
:10B71000BAC288248394912C0E94F06540905A0A02
:10B7200050905B0A60905C0A70905D0ADC01CB016E
:10B7300084199509A609B70940915E0A50915F0ADC
:10B740006091600A7091610A4F5F5F4F6F4F7F4F4A
:10B7500040935E0A50935F0A6093600A7093610A97
:10B760004091620A5091630A6091640A7091650A7F
:10B77000480F591F6A1F7B1F4093620A5093630A48
:10B780006093640A7093650A4091660A5091670A53
:10B790006091680A7091690A481759076A077B0720
:10B7A00040F48093660A9093670AA093680AB09366
:10B7B000690A8A94892809F4B8C00E94F06540900B
:10B7C0006A0A50906B0A60906C0A70906D0ADC01F6
:10B7D000CB0184199509A609B70940916E0A5091C9
:10B7E0006F0A6091700A7091710A4F5F5F4F6F4FDF
:10B7F0007F4F40936E0A50936F0A6093700A709364
:10B80000710A4091720A5091730A6091740A7091A2
:10B81000750A480F591F6A1F7B1F4093720A509385
:10B82000730A6093740A7093750A4091760A509176
:10B83000770A6091780A7091790A481759076A0760
:10B840007B0740F48093760A9093770AA093780A56
:10B85000B093790A80912B0690912C06A0912D0629
:10B86000B0912E069E5FAF4FBF4F80932B069093F3
:10B870002C06A0932D06B0932E0610922606109249
:10B8800025068091270690912806A0912906B0915F
:10B890002A060196A11DB11D8093270690932806C4
:10B8A000A0932906B0932A061092360A1092350A00
:10B8B00020E030E0C4CDAEBC0DB407FEFDCF8EB5A8
:10B8C0008111D3CDD8CD80912F0A9091300AA091CB
:10B8D000310AB091320AF9E0B695A7959795879508
:10B8E000FA95D1F79C01AD012F5F3F4F4F4F5F4F4E
:10B8F00080911C04833039F0E9E0220F331F441F8C
:10B90000551FEA95D1F761E187E194E04CD68111AA
:10B91000C2CB40E052E06FE278E087E194E00E9421
:10B92000B047882309F4BACBC4CD40901B04809063
:10B9300017047091070460910804872F861B8F3FBE
:10B9400009F4CBC1E1E0E70FE0930704A72FB0E0D3
:10B95000AB5FBC4F12961C928E2F861B8F3F09F453
:10B96000F5C082E0870F80930704F0E0EB5FFC4FA7
:10B970002282282F30E03093100420930F04982F58
:10B98000961B9F3F09F4D1C143E0470F4093070442
:10B99000D901AB5FBC4F1296BC921297842F90E0F6
:10B9A000942E961A90930E0480930D045FEF9516D3
:10B9B00009F4CAC144E0470F40930704FC01EB5F60
:10B9C000FC4FB28212968C9112978F5F12968C93D5
:10B9D000129782818F5F8283842F861B8F3F09F4A9
:10B9E000B1C17B5F70930704E42FF0E0EB5FFC4F85
:10B9F0008CE08283972E961A12968C9112978F5F05
:10BA000012968C931297882009F420C180910D041E
:10BA100090910E04AC015527FA01EB5FFC4F428177
:10BA20004F5F42834FEF941609F45EC141E0470F28
:10BA300040930704E72FF0E0EB5FFC4F8282942EE7
:10BA4000961A12965C9112975F5F12965C9301961C
:10BA500009F4FBC0442009F4D3C080910D049091F7
:10BA60000E04FC01FF27EB5FFC4F22812F5F228336
:10BA7000BFEF9B1609F417C171E0740F70930704B0
:10BA8000A42FB0E0AB5FBC4F12964C9240910F04D4
:10BA9000509110049A013327D901AB5FBC4F129625
:10BAA0002C9112972F5F12962C93761B7F3F09F4EF
:10BAB00097C0019609F011CC11CC40911B04609104
:10BAC000170489E00E94AB3CF9CA40911B0462E371
:10BAD0008CE00E94AB3CC8CD87E194E00E94AA476D
:10BAE000109304030093030331CC8E2F90E0209138
:10BAF0000F04309110046E2F90930E0480930D0468
:10BB00003327F901EB5FFC4F22812F5F2283DC0199
:10BB1000AB5FBC4F12968C9112978F5F12968C93ED
:10BB200082818F5F8283992009F4F5C080910D0492
:10BB300090910E049C013327D901AB5FBC4F129644
:10BB40002C9112972F5F12962C9335C02E2F30E038
:10BB5000A0910F04B09110047E2F30930E04209317
:10BB60000D04BB27AB5FBC4F12968C9112978F5F71
:10BB700012968C931297F901EB5FFC4F82818F5FD5
:10BB8000828312968C9112978F5F12968C931297E4
:10BB9000882009F4BDC080910D0490910E049C0191
:10BBA0003327F901EB5FFC4F22812F5F22839FC077
:10BBB000F901EB5FFC4F22812F5F22838F3FBFEFA4
:10BBC0009B0709F4DAC0462F77247A9481105BCB67
:10BBD000D0930E04C0930D0440910F0450911004B3
:10BBE0004250409307042091350A3091360ABDC96E
:10BBF000D0930E04C0930D04BFEF7B126FCBECCF3C
:10BC0000D0930E04C0930D04AFEF9A1267CBE4CF2C
:10BC1000642FF901EB5FFC4F862F90E090930E04A8
:10BC200080930D04AFEF7A1609F47BC041E0460F14
:10BC300040930704DC01AB5FBC4F1296BC92742E9C
:10BC4000771A82818F5F828317CB742FD901AB5F04
:10BC5000BC4FE72FF0E0F0930E04E0930D048FEF5C
:10BC6000981609F460C041E0470F40930704EB5F6A
:10BC7000FC4FB282942E961A12968C9112978F5F77
:10BC800012968C93E7CE40911B04609117048CE0D0
:10BC90000E94AB3C88248394912C3ECD87E194E0B4
:10BCA0000E945D470ACC40910F0450911004FA01A4
:10BCB000FF27EB5FFC4F82818F5F8283425040936E
:10BCC00007042091350A3091360A4FC9862F90E03B
:10BCD00020910F04309110040FCF272F30E0A09156
:10BCE0000F04B091100439CFD901AB5FBC4F12964D
:10BCF0002C9112972F5F12962C9312978F3F2FEF54
:10BD00009207B1F0472F99249A944110AACE60CFA0
:10BD100099249A949ECF77247A947ECFC901642F78
:10BD2000EBCE462F8ECF472FA7CFD901782F15CF37
:10BD3000872F90E090930E0480930D04472F992451
:10BD40009A949ACF742F1DCF12963C921297FC01B1
:10BD5000EB5FFC4F82818F5F8283742F4DCE642F07
:10BD6000DFCE32828B5F9C4FDC0112965C91129782
:10BD70005F5F12965C93642F54CA862F90E0909375
:10BD80000E0480930D04462F77247A945ACF809125
:10BD9000F2119091F311863A21E0920709F44DC017
:10BDA000873B21E0920709F4B1C0009741F08FEF83
:10BDB0009FEF9093F3118093F21180E0089520910A
:10BDC000F8113091F9116091F6117091F711621B21
:10BDD000730B709300126093FF115091FA11E52FCD
:10BDE000F0E06E177F0708F0DCC06115710509F4FB
:10BDF00087C0E091F411F091F51140E0E20FF31FDC
:10BE000020E030E05150DF01A80FB91F8C91D9011B
:10BE1000AE50BE4E19968C93852F841B8093FA11D9
:10BE20004F5F242F30E0C9012617370760F386EAF9
:10BE300091E09093F3118093F2118091370A882357
:10BE400009F4ADC08091380A9091390A8F5296401A
:10BE500009F4BFC08FE296E09093390A8093380AC4
:10BE6000DC018091330A9091340A40912F0A50915D
:10BE7000300A6091310A7091320A480F591F611DD2
:10BE8000711D40932F0A5093300A6093310A7093CA
:10BE9000320A1092370A9093F7118093F611B093FB
:10BEA000F511A093F4119091FA11992309F4A1C00E
:10BEB0002091FF1130910012F901E550FE4E265FEE
:10BEC0003F4F8FEF890F280F311D2E503E4E8D9121
:10BED0008193E217F307D9F7892F90E02BEF31E137
:10BEE00030930212209301129093F9118093F8116C
:10BEF0008FEF9FEF9093F3118093F21180E00895FC
:10BF000087EB91E09093F3118093F2118091370ABF
:10BF1000882309F444C08091380A9091390A8F52DD
:10BF2000964009F45EC08FE296E09093390A8093C0
:10BF3000380AAC012091330A3091340A80912F0ADB
:10BF40009091300AA091310AB091320A820F931F6A
:10BF5000A11DB11D80932F0A9093300AA093310A3E
:10BF6000B093320A1092370A3093F7112093F611EA
:10BF70005093F5114093F411509302124093011223
:10BF80008091FA1190E09093F9118093F8118FEF5E
:10BF90009FEF9093F3118093F21180E0089581E078
:10BFA00008958091F4119091F511820F931F909351
:10BFB0000212809301122E0F3F1F3093F91120932C
:10BFC000F8118FEF9FEF9093F3118093F21180E0BF
:10BFD00008958FE298E09093390A8093380ADC0143
:10BFE00040CF8FE298E09093390A8093380AAC01F1
:10BFF000A1CF80E090E072CFCF92DF92EF92FF92DC
:10C000000F931F93CF93DF9381110EC0613D87E0A3
:10C0100078070CF44AC0DF91CF911F910F91FF90E8
:10C02000EF90DF90CF900895D42F8B01C82F61320D
:10C0300072410CF03FC08C2F90E00197880F991F40
:10C04000FC01EC50FD4E20813181232B31F5109203
:10C050001310109214101092151010921610C09018
:10C06000F412D090F5122091FF0230910003C21A11
:10C07000D30A0D2C000CEE08FF08C0921710D092C6
:10C080001810E0921910F0921A1010921B101092D2
:10C090001C1010921D1010921E10FC01EC50FD4E51
:10C0A00011830083D0935210B6CF7093F712609330
:10C0B000F612B1CF64E672E083E590E00E94493E5B
:10C0C000BACF20910D0430910E042F3F3F4F71F1F4
:10C0D000882329F1E0910D04F0910E04FF27EB5F16
:10C0E000FC4F92819F5F9283E09107049091080436
:10C0F0002E2F291B2F3F41F091E09E0F90930704B4
:10C10000F0E0EB5FFC4F8283E0910F04F0911004AC
:10C11000FF27EB5FFC4F82818F5F828308958FEF53
:10C120009FEF90930E0480930D040895909107045F
:10C13000292F30E030930E0420930D044091080421
:10C14000592F541B5F3F41F09F5F90930704F90103
:10C15000EB5FFC4F91E09283E0910F04F0911004AB
:10C16000FF27EB5FFC4F92819F5F9283B1CF1F93BC
:10C17000CF93DF9320910D0430910E042F3F3F4F5A
:10C1800009F48AC0662309F47DC0E0910D04F091A2
:10C190000E04DF01BB27AB5FBC4F12962C911297A8
:10C1A0002F5F12962C93A0910704709108042A2FF8
:10C1B000271B2F3F49F021E02A0F20930704B0E00E
:10C1C000AB5FBC4F12966C93C0910F04D0911004DA
:10C1D000DD27CB5FDC4F2A812F5F2A83DC01615092
:10C1E000262F30E02F5F3F4F280F391F61E04FEFC0
:10C1F0005FEF22C0E0910D04F0910E04FF27EB5F8A
:10C20000FC4F82818F5F8283E09107048E2F871B12
:10C210008F3F41F081E08E0F80930704F0E0EB5FE9
:10C22000FC4F92838A818F5F8A83A217B30781F0C4
:10C23000E0910D04F0910E049D91319669F09111F9
:10C24000D9CF50930E0440930D04A217B30781F782
:10C25000DF91CF911F91089580910704E82FF0E0BE
:10C26000F0930E04E0930D04182F171B1F3F31F0BD
:10C270008F5F80930704EB5FFC4F62838A818F5F3F
:10C280008A83DDCF8FEF9FEF90930E0480930D0490
:10C29000DF91CF911F91089520910704422F50E024
:10C2A00050930E0440930D0430910804722F731BB9
:10C2B0007F3F41F02F5F20930704FA01EB5FFC4FB3
:10C2C00021E02283E0910F04F0911004FF27EB5F3F
:10C2D000FC4F22812F5F228355CF2FEF3FEF30930A
:10C2E0000E0420930D049091070420910804392F27
:10C2F000321B3F3F39F1E1E0E90FE0930704A92F3A
:10C30000B0E0AB5FBC4F12961C923E2F321B3F3FFA
:10C31000C9F032E0390F30930704F0E0EB5FFC4FD7
:10C320008283432F50E05093100440930F04321B3C
:10C330003F3F41F09D5F90930704FA01EB5FFC4F94
:10C3400081E082830895009799F0FC01019000201C
:10C35000E9F73197AF01481B590BE0910312F091B7
:10C3600004120280F381E02DBC0183E092E1199474
:10C3700080E090E00895843008F083E090911612F8
:10C38000891710F08FEF890FE82FF0E0ED5FFD4E79
:10C390006489606840E083E092E15DC2CF92DF9201
:10C3A000EF92FF920F931F93CF93DF93CDB7DEB73A
:10C3B000A1970FB6F894DEBF0FBECDBF19A24230D1
:10C3C00008F446C0C42ED12CE12CF12C8E010F5D57
:10C3D0001F4F07C0E05DD801EC93232B242B252BA6
:10C3E00091F0A70196010E948C81E62FB901CA0144
:10C3F00001501109EA3074F3E95CD801EC93232B66
:10C40000242B252B71F70115110541F1F80101903D
:10C410000020E9F73197AF01401B510BE091031267
:10C42000F09104120280F381E02DB80183E092E1E3
:10C430001995A1960FB6F894DEBF0FBECDBFDF9160
:10C44000CF911F910F91FF90EF90DF90CF900895C3
:10C450002AE0C22ED12CE12CF12CB8CF80E090E064
:10C46000E8CFCF92DF92EF92FF92CF93DF936C01F0
:10C47000990FEE08FF08F7FC0AC04AE0C701B601B1
:10C48000DF91CF91FF90EF90DF90CF9087CFE09139
:10C490000312F09104120190F081E02D84E6EA3756
:10C4A000F807C9F441E06DE283E092E1D4D1C1E044
:10C4B000D0E066277727CB016C197D098E099F098B
:10C4C0004AE06CDF8C0F9D1FDF91CF91FF90EF90C2
:10C4D000DF90CF9008956DE283E092E11995EC0131
:10C4E000E8CF633371050CF487CDE82FF0E0EE0F51
:10C4F000FF1FE65DFE4E21813281620F731F7CCDEE
:10C500000F931F93CF93DF93EC018B0120E030E07A
:10C51000A90169E048D0882371F083E588838B8185
:10C52000882321F0CE010E945D4780E0DF91CF910A
:10C530001F910F91089540E150E0B801CE010E9493
:10C54000B047882361F31B81112381F3CE010E9440
:10C550005D47812FEBCF3FB7F89480910B139091FB
:10C560000C13A0910D13B0910E1326B5A89B05C016
:10C570002F3F19F00196A11DB11D3FBFBA2FA92F62
:10C58000982F8827820F911DA11DB11DBC01CD01DF
:10C59000660F771F881F991F660F771F881F991FC7
:10C5A00008950E94CF81FF920F931F93CF93DF9343
:10C5B000CDB7DEB72A970FB6F894DEBF0FBECDBF5A
:10C5C0008C01F62EFC01838181110BC0C8012F83E1
:10C5D000388749875A870E946F475A854985388529
:10C5E0002F81F11052C06F2D606469835A834B8391
:10C5F0003C832D83FE013296DE011696262F90E0B5
:10C6000059E038E0990F422F492747FD9527220F1F
:10C610003150C1F7EA17FB0711F02191F2CF990FC2
:10C6200091609E836EBD8A81FE0133969E01295FD3
:10C630003F4F0DB407FEFDCF8EBDE217F30711F09B
:10C640008191F7CF0DB407FEFDCF8FEF8EBD0DB4F6
:10C6500007FEFDCF8EB52BE09FEF9EBD0DB407FE0C
:10C66000FDCF8EB5F801848387FD0CC02A960FB6E6
:10C67000F894DEBF0FBECDBFDF91CF911F910F9118
:10C68000FF900895215049F7F1CF6CE271E0C801A5
:10C690002F83388749875A870E9483475A8549855F
:10C6A00038852F81A0CF90E0FC013197E231F10570
:10C6B00058F48827EC54FF4F8F4F0C94AE81809133
:10C6C0002001877F80932001089584B58F7784BDF2
:10C6D000089584B58F7D84BD0895809180008F7703
:10C6E000809380000895809180008F7D80938000EA
:10C6F000089580918000877F8093800008958091C5
:10C70000B0008F778093B00008958091B0008F7D46
:10C710008093B0000895809190008F77809390006F
:10C720000895809190008F7D80939000089580916E
:10C730009000877F8093900008958091A0008F776C
:10C740008093A00008958091A0008F7D8093A00029
:10C7500008958091A000877F8093A0000895809124
:10C7600020018F77809320010895809120018F7D93
:10C770008093200108951F93CF93DF93282F30E0FB
:10C78000F901E659F34F8491F901EC5DF34FD4912F
:10C79000F901E252F44FC491CC23A9F0162F811174
:10C7A0001BC0EC2FF0E0EE0FFF1FE655F44FA591F4
:10C7B000B4918FB7F89411110AC09C91ED2FE095B8
:10C7C000E923EC938FBFDF91CF911F910895EC91F6
:10C7D000ED2BEC938FBFF7CF66DFE3CFCF93DF93E3
:10C7E000EC0160E08E81C7DF61E08E81C4DF60E034
:10C7F0008E81C1DF8BE891E00197F1F7DF91CF9156
:10C800000895CF92DF92EF92FF920F931F93CF93F1
:10C81000DF936C01E62EF12C8C01095F1F4FC0E005
:10C82000D0E0B7010C2E02C0759567950A94E2F727
:10C830006170F80181918F019EDF2196C430D1058E
:10C8400081F7C601DF91CF911F910F91FF90EF907B
:10C85000DF90CF90C3CFCF92DF92EF92FF920F93F2
:10C860001F93CF93DF936C01E62E642FFC0184812C
:10C8700082DFF60185818F3F11F060E07CDFF601F9
:10C88000878584FD17C06E2D70E075956795759549
:10C8900067957595679575956795C601B2DF6E2D9D
:10C8A000C601DF91CF911F910F91FF90EF90DF9024
:10C8B000CF90A7CFF12C8601095F1F4FC0E0D0E0D9
:10C8C000B7010C2E02C0759567950A94E2F7617066
:10C8D000F80181918F014FDF2196C830D10581F792
:10C8E000C601DF91CF911F910F91FF90EF90DF90E4
:10C8F000CF9074CF41E0AFDF81E090E00895CF9218
:10C90000DF92EF92FF920F931F93CF93DF93411526
:10C91000510541F16A018C017B01C0E0D0E007C004
:10C9200041E0C80198DF2196CC16DD0689F0D801D8
:10C93000ED91FC910190F081E02DD7016D917D0189
:10C94000B4E6EA37FB0761F3C8011995892B59F75B
:10C95000CE01DF91CF911F910F91FF90EF90DF906B
:10C96000CF900895C0E0D0E0F3CFCF93DF9390E075
:10C97000FC01EC5DF34F2491FC01E252F44F8491F1
:10C980008823B9F090E0880F991FFC01E057F44F1D
:10C99000A591B491FC01E655F44FC591D49166235D
:10C9A00059F06230B9F08FB7F894EC91E22BEC9328
:10C9B0008FBFDF91CF9108959FB7F8948C91E22FAC
:10C9C000E0958E238C932881E223E8839FBFDF913B
:10C9D000CF9108959FB7F8943C91822F809583233F
:10C9E0008C93E881E22BE8839FBFE3CF1F93CF9323
:10C9F000DF93182FEB0161E0B8DF2097D1F0CF3F34
:10CA0000D10579F0E12FF0E0E659F34FE4914E2F94
:10CA100050E0FA013197E231F10528F0C038D10534
:10CA200044F061E007C08827EA53FF4F8F4F0C9412
:10CA3000AE8160E0812FDF91CF911F919CCE84B5B4
:10CA4000806884BDC7BDDF91CF911F91089584B5E3
:10CA5000806284BDC8BDF7CF8091800080688093DC
:10CA60008000D0938900C0938800EDCF8091800032
:10CA7000806280938000D0938B00C0938A00E3CFC4
:10CA800080918000886080938000D0938D00C09357
:10CA90008C00D9CF8091B00080688093B000C093A3
:10CAA000B300D1CF8091B00080628093B000C0937A
:10CAB000B400C9CF80919000806880939000D0939B
:10CAC0009900C0939800BFCF8091900080628093BE
:10CAD0009000D0939B00C0939A00B5CF80919000B6
:10CAE000886080939000D0939D00C0939C00ABCF52
:10CAF0008091A00080688093A0008091A0008F7B2F
:10CB00008093A000D093A900C093A8009CCF8091EF
:10CB1000A00080628093A000D093AB00C093AA00D5
:10CB200092CF8091A00088608093A000D093AD0048
:10CB3000C093AC0088CF8091200180688093200151
:10CB4000D0932901C09328017ECF8091200180627B
:10CB500080932001D0932B01C0932A0174CF809140
:10CB60002001886080932001D0932D01C0932C0177
:10CB70006ACF8F929F92AF92BF92CF92DF92EF9245
:10CB8000FF924B015C01E7DC6B017C018114910495
:10CB9000A104B104E1F0DFDCDC01CB018C199D09BB
:10CBA000AE09BF09883E9340A105B105A0F321E07D
:10CBB000821A9108A108B10888EEC80E83E0D81E39
:10CBC000E11CF11C81149104A104B10421F7FF9030
:10CBD000EF90DF90CF90BF90AF909F908F9008958F
:10CBE0002FB7F8946091071370910813809109137F
:10CBF00090910A132FBF08951F920F920FB60F92B4
:10CC000011242F933F938F939F93AF93BF93809162
:10CC1000071390910813A0910913B0910A13309152
:10CC2000061323E0230F2D3768F126E8230F029621
:10CC3000A11DB11D20930613809307139093081331
:10CC4000A0930913B0930A1380910B1390910C13C6
:10CC5000A0910D13B0910E130196A11DB11D8093EB
:10CC60000B1390930C13A0930D13B0930E13BF915D
:10CC7000AF919F918F913F912F910F900FBE0F9089
:10CC80001F9018950196A11DB11DD4CFE8EEFBE0D1
:10CC9000849190E0880F991FFC01EC53F44F25918B
:10CCA00034913093051320930413FC01E655F44F9F
:10CCB000259134913093031320930213FC01E05724
:10CCC000F44F859194919093011380930013EEE2B9
:10CCD000FCE0E491E093FF129FB7F894E091001319
:10CCE000F091011320818091FF12822B80839FBFDE
:10CCF00008951092F5121092F4121092F7121092F9
:10CD0000F612E6EEFBE0849190E0880F991FFC019B
:10CD1000EC53F44F259134913093FE122093FD1281
:10CD2000FC01E655F44F259134913093FC12209389
:10CD3000FB12FC01E057F44F859194919093FA1205
:10CD40008093F912ECE2FCE0E491E093F8122FB743
:10CD5000F894E091F912F091FA1290818091F81212
:10CD60008095892380832FBF2FB7F894E091FB1221
:10CD7000F091FC1290818091F81280958923808334
:10CD80002FBF88EE9BE0FC01249130E0220F331F7F
:10CD9000F901EC53F44F459154915093051340938E
:10CDA0000413F901E655F44F459154915093031340
:10CDB00040930213F901E057F44F259134913093D9
:10CDC0000113209300134EE25CE0FA0124912093BA
:10CDD000FF126FB7F894E0910013F09101133081C6
:10CDE0002091FF122095232320836FBF6FB7F89403
:10CDF000E0910213F091031330812091FF122095EE
:10CE0000232320836FBFFC01849190E0880F991F3A
:10CE10009C012C53344FF901659174917093051363
:10CE2000609304139C012655344FF9016591749168
:10CE300070930313609302138057944FFC01259164
:10CE400034913093011320930013FA0144914093DD
:10CE5000FF122FB7F894E0910013F0910113908125
:10CE60008091FF128095892380832FBF2FB7F8947C
:10CE7000E0910213F091031390818091FF1280954D
:10CE8000892380832FBF08958FEF9FEF90930E0427
:10CE900080930D048091070490910804282F291B8A
:10CEA0002F3F69F1E1E0E80FA82FB0E0AB5FBC4F86
:10CEB00012961C922E2F291B2F3F09F1F0E0EB5FF9
:10CEC000FC4F26E0228322E0280F422F50E05093AF
:10CED000100440930F04291B2F3F89F08D5F80932E
:10CEE0000704FA01EB5FFC4F21E02283891B8F3F8F
:10CEF00031F080910B048F5F80930B040895809133
:10CF00000F048250809307040895CF93DF93CFEFEF
:10CF1000DFEF9091070420910804392F321B3F3F27
:10CF200009F474C0E1E0E90FE0930704A92FB0E031
:10CF3000AB5FBC4F12961C923E2F321B3F3F09F451
:10CF40007CC032E0390F30930704F0E0EB5FFC4F18
:10CF50008283432F50E05093100440930F04832F9B
:10CF6000821B8F3F09F471C083E0890F809307040F
:10CF7000FA01EB5FFC4F31E03283A82FB0E0B093B1
:10CF80000E04A0930D04821B8F3F09F461C09C5FC7
:10CF900090930704AB5FBC4F12963C931297392FC6
:10CFA000321B82818F5F8283662321F112968C91DE
:10CFB00012978F5F12968C9312973F3F09F454C0DB
:10CFC00081E0890F80930704C92FD0E0CB5FDC4F4D
:10CFD0006A8392819F5F9283821B8F3F89F08FEFDC
:10CFE00012968C9380910B048F5F80930B04DF91DA
:10CFF000CF910895D0930E04C0930D043F3F91F755
:10D00000425040930704DF91CF910895A92FB0E0DB
:10D0100040910F0450911004B0930E04A0930D049E
:10D02000FA01FF27EB5FFC4F82818F5F82836623CB
:10D0300011F13FEFAB5FBC4FB9CFAE2FB0E04091E5
:10D040000F04509110049E2FE7CFDA01932FE4CF05
:10D0500082E082836623B1F0AB5FBC4F12968C9165
:10D0600012978F5F12968C9382818F5F82834250DA
:10D0700040930704C8CF8FEF9FEF90930E048093E7
:10D080000D04BECFD0930E04C0930D04B9CF809190
:10D090008C0F811111C080918B0F815080938B0F69
:10D0A000E0918A0F81E08E0F80938A0FF0E0E757BE
:10D0B000F14F808180938C0F8F3FA9F08130C9F0B0
:10D0C00090918B0F915090938B0F815080938C0F88
:10D0D000E0918A0F81E08E0F80938A0FF0E0E7578E
:10D0E000F14F8081089580918B0F815080938B0F39
:10D0F000EFCF10928C0F80E00895CF93DF93CDB7E0
:10D10000DEB766970FB6F894DEBF0FBECDBF78943A
:10D1100084B5826084BD84B5816084BD85B582603C
:10D1200085BD85B5816085BD80916E0081608093ED
:10D130006E00109281008091810082608093810056
:10D140008091810081608093810080918000816066
:10D15000809380008091B10084608093B1008091C1
:10D16000B00081608093B0008091910082608093D4
:10D170009100809191008160809391008091900056
:10D180008160809390008091A10082608093A100D3
:10D190008091A10081608093A1008091A0008160B6
:10D1A0008093A00080912101826080932101809171
:10D1B0002101816080932101809120018160809311
:10D1C000200180917A00846080937A0080917A00B7
:10D1D000826080937A0080917A00816080937A00E7
:10D1E00080917A00806880937A001092C10080E07C
:10D1F000C2D88AE492E0A7D8F89498E288E10FB602
:10D20000F894A895809360000FBE90936000809181
:10D2100081008F7E8093810080918100886080935F
:10D220008100809180008D7F8093800080918000BC
:10D230008E7F80938000809180008F738093800028
:10D24000809180008F7C8093800080918100887F16
:10D2500082608093810080E090E4909389008093C5
:10D26000880090938B0080938A0010928500109222
:10D270008400EBEEFBE0849190E0880F991FFC01A5
:10D28000EC53F44F2591349130939F0220939E02EA
:10D29000FC01E655F44F2591349130939D02209383
:10D2A0009C028057944FFC018591949190939B022E
:10D2B00080939A02E1E3FCE0E491E09399029FB746
:10D2C000F894E0919A02F0919B022081809199025A
:10D2D000822B80839FBFE7EEFBE0849190E0880F74
:10D2E000991FFC01EC53F44F259134913093A60221
:10D2F0002093A502FC01E655F44F2591349130931B
:10D30000A4022093A3028057944FFC01859194912D
:10D310009093A2028093A102EDE2FCE0E491E093FD
:10D32000A0029FB7F894E091A102F091A20220819F
:10D330008091A002822B80839FBF9FB7F894E091D9
:10D34000AC02F091AD0220818091AB02822B8083F0
:10D350009FBFE3E1FCE0849190E0880F991FFC01FE
:10D36000EC53F44F259134913093AA022093A902F3
:10D37000FC01E655F44F259134913093AD02209392
:10D38000AC028057944FFC01859194919093A80230
:10D390008093A702E9E5FCE0E491E093AB029FB73C
:10D3A000F894E091A702F091A80220818091AB024D
:10D3B000822B80839FBF9FB7F894E091AC02F091DD
:10D3C000AD0220818091AB02822B80839FBF9FB7EB
:10D3D000F894E091B302F091B40220818091B202FE
:10D3E000822B80839FBFE9E1FCE0849190E0880F6D
:10D3F000991FFC01EC53F44F259134913093B10205
:10D400002093B002FC01E655F44F259134913093FE
:10D41000B4022093B3028057944FFC0185919491FC
:10D420009093AF028093AE02EFE5FCE0E491E093CD
:10D43000B2029FB7F894E091AE02F091AF02208162
:10D440008091B202822B80839FBF9FB7F894E091B6
:10D45000B302F091B40220818091B202822B8083CA
:10D460009FBFE2E1FCE0849190E0880F991FFC01EE
:10D47000EC53F44F259134913093B8022093B702C6
:10D48000FC01E655F44F259134913093BB02209373
:10D49000BA028057944FFC01859194919093B60203
:10D4A0008093B502E8E5FCE0E491E093B9029FB710
:10D4B000F894E091B502F091B60220818091B90212
:10D4C000822B80839FBF2FB7F894E091BA02F0912E
:10D4D000BB0280819091B9029095892380832FBFF0
:10D4E000E1E1FCE0849190E0880F991FFC01EC538E
:10D4F000F44F259134913093BF022093BE02FC017A
:10D50000E655F44F259134913093C2022093C10225
:10D510008057944FFC01859194919093BD02809324
:10D52000BC02E7E5FCE0E491E093C0029FB7F89409
:10D53000E091BC02F091BD0220818091C002822B5B
:10D5400080839FBF2FB7F894E091C102F091C2028F
:10D5500080819091C0029095892380832FBF62E0E3
:10D5600082E303DA1092C0001092C50081E080933C
:10D57000C4008091C10080618093C1008091C1008E
:10D5800088608093C1008091C10080688093C10051
:10D590007DDB7CDBE6EEFBE0849190E0880F991F59
:10D5A000FC01EC53F44F259134913093FE122093FB
:10D5B000FD12FC01E655F44F259134913093FC1295
:10D5C0002093FB128057944FFC0185919491909386
:10D5D000FA128093F912ECE2FCE0E491E093F81285
:10D5E0009FB7F894E091F912F091FA12208180919E
:10D5F000F812822B80839FBF2FB7F894E091FB1223
:10D60000F091FC1280819091F8129095892380838B
:10D610002FBF10927E0010927D0080917D0080626D
:10D6200080937D0080917D00806880937D0087ECF1
:10D6300080937A0080917A0086FDFCCF10921310BF
:10D6400010921410109215101092161010921710BC
:10D65000109218101092191010921A1010921B109C
:10D6600010921C1010921D1010921E1010921F107C
:10D6700080E590E0909300038093FF0282E290E1C6
:10D6800090931210809311109FB7F894E091251297
:10D69000F0912612208180912412822B80839FBFDB
:10D6A000E5E1FCE0849190E0880F991FFC01EC53C8
:10D6B000F44F259134913093C6022093C502FC01AA
:10D6C000E655F44F2591349130932612209325127C
:10D6D0008057944FFC01859194919093C40280935C
:10D6E000C302EBE5FCE0E491E09324129FB7F894C9
:10D6F000E091C302F091C402208180912412822B18
:10D7000080839FBF9FB7F894E0912512F091261275
:10D71000208180912412822B80839FBF9FB7F89431
:10D72000E0912212F0912312208180912112822B0C
:10D7300080839FBFEBE1FCE0849190E0880F991F0C
:10D74000FC01EC53F44F259134913093CA0220939D
:10D75000C902FC01E655F44F259134913093231210
:10D76000209322128057944FFC01859194919093BD
:10D77000C8028093C702E1E6FCE0E491E093211245
:10D780009FB7F894E091C702F091C8022081809180
:10D790002112822B80839FBF9FB7F894E0912212C1
:10D7A000F0912312208180912112822B80839FBFD0
:10D7B0009FB7F894E0911F12F09120122081809180
:10D7C0001E12822B80839FBFEEE0FCE0849190E0EC
:10D7D000880F991FFC01EC53F44F2591349130933D
:10D7E000CE022093CD02FC01E655F44F25913491F1
:10D7F0003093201220931F128057944FFC01859183
:10D8000094919093CC028093CB02E4E5FCE0E49108
:10D81000E0931E129FB7F894E091CB02F091CC02F6
:10D82000208180911E12822B80839FBF9FB7F89426
:10D83000E0911F12F0912012208180911E12822B04
:10D8400080839FBF9FB7F894E0911C12F0911D1246
:10D85000208180911B12822B80839FBFEAEFFBE027
:10D86000849190E0880F991FFC01EC53F44F2591AF
:10D8700034913093D2022093D102FC01E655F44F4B
:10D880002591349130931D1220931C128057944F90
:10D89000FC01859194919093D0028093CF02E0E4B3
:10D8A000FCE0E491E0931B129FB7F894E091CF0263
:10D8B000F091D002208180911B12822B80839FBF28
:10D8C0009FB7F894E0911C12F0911D122081809175
:10D8D0001B12822B80839FBF9FB7F894E091DA12CE
:10D8E000F091DB1220818091D912822B80839FBF1F
:10D8F000E4E0FCE0849190E0880F991FFC01EC5378
:10D90000F44F259134913093D6022093D502FC0137
:10D91000E655F44F259134913093DB122093DA12BF
:10D920008057944FFC01859194919093D4028093F9
:10D93000D302EAE4FCE0E491E093D9129FB7F894B3
:10D94000E091D302F091D40220818091D912822BF0
:10D9500080839FBF9FB7F894E091DA12F091DB12B9
:10D9600020818091D912822B80839FBF9FB7F8942A
:10D97000E091D712F091D81220818091D612822B9B
:10D9800080839FBFE6E1FCE0849190E0880F991FBF
:10D99000FC01EC53F44F259134913093DA0220933B
:10D9A000D902FC01E655F44F259134913093D812F9
:10D9B0002093D7128057944FFC01859194919093B6
:10D9C000D8028093D702ECE5FCE0E491E093D61214
:10D9D0009FB7F894E091D702F091D802208180910E
:10D9E000D612822B80839FBF9FB7F894E091D71205
:10D9F000F091D81220818091D612822B80839FBF14
:10DA00009FB7F894E091D412F091D51220818091C3
:10DA1000D312822B80839FBFECE1FCE0849190E0E5
:10DA2000880F991FFC01EC53F44F259134913093EA
:10DA3000DE022093DD02FC01E655F44F259134917E
:10DA40003093D5122093D4128057944FFC018591C6
:10DA500094919093DC028093DB02E2E6FCE0E49197
:10DA6000E093D3129FB7F894E091DB02F091DC02CF
:10DA700020818091D312822B80839FBF9FB7F8941F
:10DA8000E091D412F091D51220818091D312822B93
:10DA900080839FBF9FB7F894E091D112F091D2128A
:10DAA00020818091D012822B80839FBFE6EFFBE024
:10DAB000849190E0880F991FFC01EC53F44F25915D
:10DAC00034913093E2022093E102FC01E655F44FD9
:10DAD000259134913093D2122093D1128057944FD4
:10DAE000FC01859194919093E0028093DF02ECE336
:10DAF000FCE0E491E093D0129FB7F894E091DF024C
:10DB0000F091E00220818091D012822B80839FBF10
:10DB10009FB7F894E091D112F091D21220818091B8
:10DB2000D012822B80839FBFE1EEFBE0849190E0D6
:10DB3000880F991FFC01EC53F44F259134913093D9
:10DB4000CF122093CE12FC01E655F44F259134916B
:10DB50003093E6022093E5028057944FFC018591B3
:10DB600094919093E4028093E302E7E2FCE0E49175
:10DB7000E093CD122FB7F894E091E302F091E40224
:10DB800080819091CD129095892380832FBF9FB77C
:10DB9000F894E091E502F091E60220818091CD12A7
:10DBA000822B80839FBFEDEEFBE0849190E0880F95
:10DBB000991FFC01EC53F44F259134913093BC1222
:10DBC0002093BB12FC01E655F44F2591349130931C
:10DBD000EA022093E9028057944FFC0185919491C9
:10DBE0009093E8028093E702E3E3FCE0E491E093A2
:10DBF000BA122FB7F894E091E702F091E802808121
:10DC00009091BA129095892380832FBF9FB7F89483
:10DC1000E091E902F091EA0220818091BA12822B10
:10DC200080839FBFE1EFFBE0849190E0880F991F14
:10DC3000FC01EC53F44F259134913093B9122093A9
:10DC4000B812FC01E655F44F259134913093EE0261
:10DC50002093ED028057944FFC018591949190930D
:10DC6000EC028093EB02E7E3FCE0E491E093B7126F
:10DC70002FB7F894E091EB02F091EC028081909143
:10DC8000B7129095892380832FBF9FB7F894E091B6
:10DC9000ED02F091EE0220818091B712822B8083F9
:10DCA0009FBFE4E1FCE0849190E0880F991FFC01A4
:10DCB000EC53F44F259134913093F2022093F1020A
:10DCC000FC01E655F44F259134913093E7122093EF
:10DCD000E6128057944FFC01859194919093F00245
:10DCE0008093EF02EAE5FCE0E491E093E5129FB750
:10DCF000F894E091EF02F091F00220818091E5121A
:10DD0000822B80839FBF2FB7F894E091E612F091A9
:10DD1000E71280819091E5129095892380832FBF2F
:10DD2000EAE1FCE0849190E0880F991FFC01EC533C
:10DD3000F44F259134913093F6022093F502FC01C3
:10DD4000E655F44F259134913093E4122093E31279
:10DD50008057944FFC01859194919093F4028093A5
:10DD6000F302E0E6FCE0E491E093E2129FB7F8945E
:10DD7000E091F302F091F40220818091E212822B73
:10DD800080839FBF2FB7F894E091E312F091E412E3
:10DD900080819091E2129095892380832FBFECE0DF
:10DDA000FCE0849190E0880F991FFC01EC53F44F44
:10DDB000259134913093FA022093F902FC01E65543
:10DDC000F44F259134913093E1122093E012805763
:10DDD000944FFC01859194919093F8028093F702FF
:10DDE000E2E5FCE0E491E093DF129FB7F894E09164
:10DDF000F702F091F80220818091DF12822B80835C
:10DE00009FBF2FB7F894E091E012F091E11280816A
:10DE10009091DF129095892380832FBFE8EFFBE07C
:10DE2000849190E0880F991FFC01EC53F44F2591E9
:10DE300034913093FE022093FD02FC01E655F44F2D
:10DE4000259134913093DE122093DD128057944F48
:10DE5000FC01859194919093FC028093FB02EEE388
:10DE6000FCE0E491E093DC129FB7F894E091FB02B0
:10DE7000F091FC0220818091DC12822B80839FBF75
:10DE80002FB7F894E091DD12F091DE12808190912D
:10DE9000DC129095892380832FBF6FE770E08DE0BF
:10DEA0000E94F6647894D12CBE016B5E7F4F7E8B0E
:10DEB0006D8B80EA282E312C10921A0410921704D0
:10DEC00010921C0480E294E090931904809318044B
:10DED0000E94F0654B015C01009118041091190437
:10DEE00085E3F801828361E00E94B56461E0F80196
:10DEF00082810E94BB63E0911804F091190482E5CD
:10DF00008083118280911A04882309F4BAC1E091B8
:10DF10001804F091190461E082810E94BB638AE0D9
:10DF20009FEF9EBD0DB407FEFDCF8150D1F7E0916C
:10DF30001804F091190460E082810E94BB630AE03A
:10DF4000ADEFFA2E1FEF20E030E0A90160E087E19D
:10DF500094E00E94D362813009F470C2015071F0E4
:10DF6000FEBC0DB407FEFDCF88E092E01EBD0DB4EF
:10DF700007FEFDCF2EB50197C9F7E5CF80E280936C
:10DF8000170480911A04882321F087E194E00E940D
:10DF90005D47309117048091070420910804982F61
:10DFA000921B9F3F41F1E1E0E80FE0930704A82FA7
:10DFB000B0E0AB5FBC4F12961C929E2F921B9F3F0E
:10DFC000D1F092E0980F90930704F0E0EB5FFC4FE4
:10DFD00049E04283492F50E05093100440930F04CE
:10DFE000921B9F3F41F08D5F80930704FA01EB5F26
:10DFF000FC4F81E0828380910704E82FF0E0F093EA
:10E000000E04E0930D04982F921B9F3F09F413C256
:10E010008F5F80930704EB5FFC4F81E082838091E8
:10E020000F0490911004DC01BB27AB5FBC4F12962C
:10E030004C9112974F5F12964C93129742814F5F0B
:10E040004283E09107044E2F421B4F3F49F041E0CD
:10E050004E0F40930704F0E0EB5FFC4F46E0428335
:10E0600012964C9112974F5F12964C93432F50E0AB
:10E0700060E070E0498B5A8B6B8B7C8BE0910704DE
:10E08000DC01BB2780910D0490910E04AE014F5E20
:10E090005F4F3E2F321BAB5FBC4F01E0FE2E24C012
:10E0A000112309F441C0BC0177276B5F7C4FFB0152
:10E0B000E280E394E2823F3F59F031E03F0D30933C
:10E0C0000704EF2DF0E0EB5FFC4F1283F32E321BC1
:10E0D00012966C9112976F5F12966C9312976D89DE
:10E0E0007E894617570739F1FA011191AF018F3F29
:10E0F000FFEF9F07A9F68F2D90E03F3F41F0E1E051
:10E10000EF0DE0930704FC01EB5FFC4F02831296D6
:10E110003C9112973F5F12963C931297F090070440
:10E120003F2D321B1111BFCF8FEF9FEF6D897E897D
:10E1300046175707C9F690930E0480930D043F3F8E
:10E1400009F46AC18F3F7FEF970731F09927FC01EF
:10E15000EB5FFC4F8FEF828360910B046F5F6093E6
:10E160000B0433E0632E712C01E010E042E0842EBA
:10E17000912C54E0A52EB12C44244A94542CE2E76F
:10E18000EE2EF12C662389F1809105039091060310
:10E190008B37910509F480C008F402C1833A9105D8
:10E1A00009F4E1C008F428C1863A910509F4E9C0F0
:10E1B000893A910509F0FCC0615060930B0461112C
:10E1C0000EC09091070480910804981741F063E312
:10E1D00072E08EEA90E00E94493E60910B0410923A
:10E1E0000603109205036111CFCF10920B04109219
:10E1F000080410920704A89568EB7BE080E090E0AB
:10E200000E94B965D394F5E0DF1256CE80E00E94FB
:10E21000BB6180E192E00E94A36181E00E94BB614A
:10E2200088E192E00E94A36188E090E00E94316260
:10E2300082E00E94BB6181E292E00E94A36189E5D5
:10E2400092E00E94A36183E00E94BB618AE292E0B7
:10E250000E94A36189E292E00E94A36168E083E0EA
:10E260000E9485670E94403B0E94F06560932712E0
:10E27000709328128093291290932A120E948B0681
:10E28000FDCF87E194E00E946F4741CE8BE790E09D
:10E2900090930603809305038091C00085FF72CFA1
:10E2A00020910C042093C600E0910804EF5FE093F6
:10E2B00008048091090490910A048227082E82950F
:10E2C000807F8025092E982F82958F70082686954D
:10E2D00098278927880F880F880F802590930A0434
:10E2E0008093090420910704E21761F0F0E0EB5FEE
:10E2F000FC4F828180930C048111C8CF8091090466
:10E3000090910A04492F5527509314044093130405
:10E310009C0133273093160420931504892B09F0B0
:10E3200070C0B0921204A09211044F5F5F4F5093DF
:10E330001404409313042F5F3F4F3093160420932F
:10E34000150430920603209205038091C00085FFDA
:10E3500019CF809111048093C600E3EAF0E0F093B6
:10E360000603E09305038091C00085FF0BCF8091E9
:10E3700015048093C60086EA90E09093060380938C
:10E3800005038091C00085FFFDCE8091130480932A
:10E39000C600E9EAF0E0F0930603E09305030CCF32
:10E3A0008C36910551F082379105B9F0892B29F00F
:10E3B0005092060340920503E5CEE091080481E007
:10E3C0008E0F80930804F0E0EB5FFC4F8281809316
:10E3D0000C04F0920603E09205038091C00085FFD3
:10E3E000D1CE80910C048093C60050920A044092D2
:10E3F0000904E09108047ACF803A910509F4A5CF89
:10E40000D7CF452B89F49092120480921104109377
:10E4100014040093130495CF80910F0482508093CD
:10E42000070460910B049DCE232BC1F010931204BE
:10E430000093110486CFEB5FFC4FF1CD21E030E07B
:10E4400040E050E06BE387E194E00E94D362182F34
:10E45000813069F088E38093170493CD70921204A1
:10E460006092110410931604009315046ACF2AEAEF
:10E4700031E040E050E068E087E194E00E94D36240
:10E48000853091F084E02FEF2EBD0DB407FEFDCF57
:10E490009EB590931B048150B9F79A3A09F463C072
:10E4A00085E2809317046DCD10931C04412C512CF0
:10E4B000320120E030E0A90167E387E194E00E94A7
:10E4C000D362A301920169E287E194E00E94D362E2
:10E4D000882359F00E94F06568197909613D7740F9
:10E4E00040F383E4809317044CCD80911C04823068
:10E4F00061F180911A04882321F087E194E00E9461
:10E500005D47E0911804F091190480E5808381E073
:10E51000818380911C04833009F44BC089E080938F
:10E520001D04BE016F5F7F4F87E194E00E9480620F
:10E530008823C1F18B8586FF35C085E080931E045A
:10E5400080931F04D81290CE61CE20E030E0A90164
:10E550006AE387E194E00E94D362882369F087E34D
:10E56000809317040ECD82E080931C04412C512C23
:10E57000612CF0E47F2E9DCF8FEF8EBD0DB407FE92
:10E58000FDCF8EB5807C803C19F483E080931C0421
:10E5900083E09FEF9EBD0DB407FEFDCF2EB58150E9
:10E5A000C9F7A7CF6DE472E086E991E00E94493E89
:10E5B000C4CF10921D04B5CF0F931F93CF93DF9359
:10E5C000109206031092050310920804109207049B
:10E5D00010920B0480E590E0909302038093010376
:10E5E000909300038093FF0284E6809317041092B7
:10E5F0001C0480E5809320041092210410922404CE
:10E60000109223041092360A1092350A1092340A9E
:10E610001092330A8FE296E09093390A8093380A79
:10E6200010922B0610922C0610922D0610922E0698
:10E63000109226061092250610922F0A1092300A88
:10E640001092310A1092320A1092370A81E090E05B
:10E65000A0E0B0E08093270690932806A0932906B7
:10E66000B0932A0610927B0E10927A0E10927D0EB5
:10E6700010927C0E1092840E1092850E1092860ECF
:10E680001092870E1092800E1092810E1092820EC0
:10E690001092830E10928A0F1092890F10928E0F93
:10E6A00010928D0F1092CF0FEFECFFE080E590E01D
:10E6B000929382932FE0EF38F207D1F71092101067
:10E6C000E0E1F0E180E590E092938293AFE0E03DFD
:10E6D000FA07D1F7E2E2F0E1F0931210E0931110A3
:10E6E000109220101092211033E1EF01232F199284
:10E6F0002A95E9F781E090E0A0E0B0E08093221055
:10E7000090932310A0932410B093251021E0209320
:10E7100026108093271090932810A0932910B0936F
:10E720002A10E5E3F0E1EF0119923A95E9F78093B9
:10E73000351090933610A0933710B0933810209373
:10E74000391080933A1090933B10A0933C10B093F3
:10E750003D10109252101092F3111092F21110927B
:10E76000F7111092F6111092F9111092F8111092FF
:10E770007411109273111092EE111092E311109215
:10E780006511109266111092671110926811109223
:10E79000691110926A118FEF9FEFDC0180936B116A
:10E7A00090936C11A0936D11B0936E1110925F1144
:10E7B00010925E11109261111092601110922A1144
:10E7C00010922C1110922B1110922E1110922D11CB
:10E7D000109233111092341110923511109236119B
:10E7E0001092631110926211E2E6F0E180E590E090
:10E7F00081939193D1E1EA32FD07D1F71092541041
:10E800001092531091E090935910109206121092AA
:10E8100005122CE032E0309304122093031280E1C1
:10E82000809307122FEF2093081221E12093091201
:10E8300027E120930A1229E120930B122BE1209368
:10E840000C122DE120930D1210920E1210920F1245
:10E85000109210121092111210921212909316121E
:10E860001092171290E4909318128093191280E579
:10E8700080931A1261E080E10E94B56480910812D1
:10E880008F3F19F061E00E94B56461E08091091248
:10E890000E94B5640AE012E1C0E0D0E00CC084E060
:10E8A00090E0C817D90784F461E0F80181918F01E5
:10E8B0000E94B56421968091121284FFF0CF88E007
:10E8C00090E0C817D90784F38BE39DE00197F1F737
:10E8D00060E0809107120E94BB6360E080910912A2
:10E8E0000E94BB63809108128F3F19F060E00E9484
:10E8F000BB636091121264FF46C0606240E083E037
:10E9000092E10E942B648BE496E40197F1F7609109
:10E910001212606240E083E092E10E942B6483E582
:10E9200092E00197F1F760911212606240E083E09B
:10E9300092E10E942B6460911212606240E083E0D9
:10E9400092E10E942B6484E08093131240E06CE01B
:10E9500083E092E10E942B6440E061E083E092E179
:10E960000E942B648BE39FE10197F1F782E0809393
:10E97000141240E066E083E092E1DF91CF911F91B5
:10E980000F910C942B6463E083E092E10E94016498
:10E99000CBE4D6E4CE010197F1F763E083E092E1A6
:10E9A0000E9401642197F1F763E083E092E10E9405
:10E9B000016483E592E00197F1F762E083E092E180
:10E9C0000E940164B8CF1092F7121092F612809153
:10E9D000F4129091F512892B19F5109213101092E0
:10E9E000141010921510109216108091FF02909141
:10E9F0000003919581959109092E000CAA0BBB0B80
:10EA00008093171090931810A0931910B0931A10B8
:10EA100010921B1010921C1010921D1010921E10BC
:10EA20001092F5121092F412109252108091F61278
:10EA30009091F712892B19F510921310109214105F
:10EA400010921510109216108091FF029091000301
:10EA5000919581959109092E000CAA0BBB0B80930F
:10EA6000171090931810A0931910B0931A101092C9
:10EA70001B1010921C1010921D1010921E1010925C
:10EA8000F7121092F61280916F008D7F80936F00C5
:10EA900080916F008B7F80936F0081E090E0909376
:10EAA0005F1180935E1110926111109260110E94AB
:10EAB000E44E109265111092661110926711109237
:10EAC000681160E070E089E00C94F664CF93DF9306
:10EAD00000D01F92CDB7DEB78EE90E946D618091A4
:10EAE000F6129091F71289839A830E9461608A815D
:10EAF0000E9461608091F4129091F5128B839C8347
:10EB00000E9461608C810E94616080E00E9461606F
:10EB100080E00E9461608091070490910804891B45
:10EB20008F3F31F480910F0482508093070413C00B
:10EB300080910D0490910E048F3F2FEF920731F0DA
:10EB40009927FC01EB5FFC4F8FEF828380910B04D0
:10EB50008F5F80930B040F900F900F900F90DF91B9
:10EB6000CF910895CF93DF9300D01F92CDB7DEB73A
:10EB70008DE90E946D618091010390910203898368
:10EB80009A830E9461608A810E9461608091FF0285
:10EB9000909100038B839C830E9461608C810E9412
:10EBA000616080E00E94616080E00E94616080910D
:10EBB000070490910804891B8F3F31F480910F0462
:10EBC00082508093070413C080910D0490910E042D
:10EBD0008F3F2FEF920731F09927FC01EB5FFC4F3D
:10EBE0008FEF828380910B048F5F80930B040F90D3
:10EBF0000F900F900F90DF91CF910895CF93DF93F7
:10EC0000CDB7DEB760970FB6F894DEBF0FBECDBFAD
:10EC100088E90E946D61E091CE12F091CF1290814F
:10EC20008091CD12982381E009F080E00E9461601C
:10EC30008091BD123091BE122091BF129091C012EE
:10EC400089833A832B839C830E9461608A810E941E
:10EC500061608B810E9461608C810E946160E091A3
:10EC6000BB12F091BC1290818091BA12982381E07E
:10EC700009F080E00E9461608091C1123091C2125F
:10EC80002091C3129091C4128D833E832F83988765
:10EC90000E9461608E810E9461608F810E9461602C
:10ECA00088850E946160E091B812F091B91290815C
:10ECB0008091B712982381E009F080E00E946160A2
:10ECC0008091C5123091C6122091C7129091C8123E
:10ECD00089873A872B879C870E9461608A850E947A
:10ECE00061608B850E9461608C850E94616080E01C
:10ECF0000E9461601D861E861F86188A80E00E9421
:10ED000061608E850E9461608F850E946160888944
:10ED10000E9461608091070490910804891B8F3FD5
:10ED200031F480910F0482508093070413C08091C6
:10ED30000D0490910E048F3F2FEF920731F0992729
:10ED4000FC01EB5FFC4F8FEF828380910B048F5FA0
:10ED500080930B0460960FB6F894DEBF0FBECDBF54
:10ED6000DF91CF910895CF93DF93CDB7DEB7609752
:10ED70000FB6F894DEBF0FBECDBF8FE90E946D6164
:10ED80008091BD123091BE122091BF129091C0129D
:10ED900089833A832B839C830E9461608A810E94CD
:10EDA00061608B810E9461608C810E9461608091B2
:10EDB000C1123091C2122091C3129091C4128D835E
:10EDC0003E832F8398870E9461608E810E946160DC
:10EDD0008F810E94616088850E9461608091C51268
:10EDE0003091C6122091C7129091C81289873A8734
:10EDF0002B879C870E9461608A850E9461608B8559
:10EE00000E9461608C850E9461608091C91230917E
:10EE1000CA122091CB129091CC128D873E872F87FA
:10EE2000988B0E9461608E850E9461608F850E9430
:10EE3000616088890E946160809107049091080454
:10EE4000891B8F3F31F480910F0482508093070417
:10EE500013C080910D0490910E048F3F2FEF920705
:10EE600031F09927FC01EB5FFC4F8FEF828380919B
:10EE70000B048F5F80930B0460960FB6F894DEBF8F
:10EE80000FBECDBFDF91CF9108950F931F93CF9306
:10EE9000DF93CDB7DEB72C970FB6F894DEBF0FBE69
:10EEA000CDBF8CEB0E946D6107E212E1F801848115
:10EEB00035812681978189833A832B839C830E94A5
:10EEC00061608A810E9461608B810E9461608C8197
:10EED0000E946160F80180853185228593858D834C
:10EEE0003E832F8398870E9461608E810E946160BB
:10EEF0008F810E94616088850E946160F80184852D
:10EF000035852685978589873A872B879C870E9438
:10EF100061608A850E9461608B850E9461608C853A
:10EF20000E946160005F1F4FF2E1073B1F0709F07D
:10EF3000BDCF8091070490910804891B8F3F31F465
:10EF400080910F0482508093070413C080910D04B8
:10EF500090910E048F3F2FEF920731F09927FC011B
:10EF6000EB5FFC4F8FEF828380910B048F5F809368
:10EF70000B042C960FB6F894DEBF0FBECDBFDF9109
:10EF8000CF911F910F9108950F931F93CF93DF930C
:10EF9000CDB7DEB72C970FB6F894DEBF0FBECDBF4E
:10EFA0008DEB0E946D610EE31AE0F80180813181E2
:10EFB0002281938189833A832B839C830E946160A1
:10EFC0008A810E9461608B810E9461608C810E94B5
:10EFD0006160F80184813581268197818D833E832C
:10EFE0002F8398870E9461608E810E9461608F816B
:10EFF0000E94616088850E946160F801808531858A
:10F000002285938589873A872B879C870E94616038
:10F010008A850E9461608B850E9461608C850E9458
:10F020006160005F1F4FFAE00E371F0709F0BDCF88
:10F030008091070490910804891B8F3F31F48091DF
:10F040000F0482508093070413C080910D049091A7
:10F050000E048F3F2FEF920731F09927FC01EB5FF1
:10F06000FC4F8FEF828380910B048F5F80930B04A2
:10F070002C960FB6F894DEBF0FBECDBFDF91CF91B7
:10F080001F910F910895CF93DF93CDB7DEB7A0976F
:10F090000FB6F894DEBF0FBECDBF81EA0E946D614E
:10F0A00080915E110E946160809101039091020342
:10F0B000898B9A8B0E9461608A890E94616080912D
:10F0C000FF02909100038B8B9C8B0E9461608C8966
:10F0D0000E94616080912B0690912C06A0912D06D4
:10F0E000B0912E0640912F0A5091300A6091310A5A
:10F0F0007091320A841B950BA60BB70B89839A83F8
:10F10000AB83BC830E9461608A810E9461608B81B5
:10F110000E9461608C810E94616080912B06309119
:10F120002C0620912D0690912E068D833E832F83F1
:10F1300098870E9461608E810E9461608F810E9429
:10F14000616088850E9461608091F6119091F7114D
:10F150002091F8113091F911821B930B9E8B8D8BAE
:10F160000E9461608E890E94616080917A0E909108
:10F170007B0E891B90E0A0E0B0E089879A87AB877F
:10F18000BC870E9461608A850E9461608B850E94B5
:10F1900061608C850E946160809162119091631121
:10F1A0008F8B988F0E946160888D0E946160809132
:10F1B000F6129091F712898F9A8F0E9461608A8D62
:10F1C0000E9461608091F4129091F5128B8F9C8F58
:10F1D0000E9461608C8D0E94616090911F108091EF
:10F1E0002010811101C0892F0E94616080E20E947D
:10F1F000616080E00E94616080E00E94616084E064
:10F200000E9461608091C9123091CA122091CB1284
:10F210009091CC128D873E872F87988B0E946160DA
:10F220008E850E9461608F850E94616088890E943E
:10F230006160809159110E94616080915A11909192
:10F240005B118D8F9E8F0E9461608E8D0E94616028
:10F2500080915C1190915D118F8F98A30E946160E5
:10F2600088A10E9461608091070490910804891B25
:10F270008F3F31F480910F0482508093070413C0B4
:10F2800080910D0490910E048F3F2FEF920731F083
:10F290009927FC01EB5FFC4F8FEF828380910B0479
:10F2A0008F5F80930B04A0960FB6F894DEBF0FBE5D
:10F2B000CDBFDF91CF910895CF93C82F81E090E02B
:10F2C00090937D0E80937C0EC093880E70937F0E7A
:10F2D00060937E0E8C2F70D1C0FF0EC02FB7F894B4
:10F2E000E0912512F0912612908180912412809550
:10F2F000892380832FBF0CC09FB7F894E09125121B
:10F30000F0912612208180912412822B80839FBF4E
:10F31000C1FF0EC02FB7F894E0912212F091231292
:10F320009081809121128095892380832FBF0CC00A
:10F330009FB7F894E0912212F091231220818091DE
:10F340002112822B80839FBFC2FF0EC02FB7F8947B
:10F35000E0911F12F0912012908180911E128095F1
:10F36000892380832FBF0CC09FB7F894E0911F12B0
:10F37000F0912012208180911E12822B80839FBFEA
:10F38000C3FF0EC02FB7F894E0911C12F0911D122C
:10F39000908180911B128095892380832FBF0CC0A0
:10F3A0009FB7F894E0911C12F0911D12208180917A
:10F3B0001B12822B80839FBF80916F00846080939B
:10F3C0006F00CF9108950F931F93CF93DF930E9407
:10F3D0004768C82F0E944768082F0E944768D82FA7
:10F3E0000E9447684D2F50E060E070E0BA01552759
:10F3F000442710E020E030E0322F212F102F00278B
:10F40000400F511F621F731F4C0F511D611D711D55
:10F4100090E0A0E0B0E0B82FAA27992788278A01BA
:10F420009B01080F191F2A1F3B1FC901B801DF915B
:10F43000CF911F910F9108950F931F93CF93DF9357
:10F440000E944768D82F0E944768C82F0E944768CB
:10F45000082F0E944768482F50E060E070E0742F4A
:10F4600066275527442710E020E030E09801112757
:10F470000027400F511F621F731F4D0F511D611D4B
:10F48000711D8C2F90E0A0E0B0E0BA2FA92F982F2B
:10F4900088278A019B01080F191F2A1F3B1FC901DA
:10F4A000B801DF91CF911F910F9108958F929F9294
:10F4B000AF92BF92CF92DF92EF92FF920F931F9382
:10F4C000CF93DF93CDB7DEB7FC0195E0A2E2B0E1C8
:10F4D00001900D929A95E1F785E0FB01A7E2B0E17A
:10F4E00001900D928A95E1F720932C1030932D1006
:10F4F00040932E1050932F1085E0F801A0E3B0E167
:10F5000001900D928A95E1F785E0F701A5E3B0E15E
:10F5100001900D928A95E1F785E0F601AAE3B0E14A
:10F5200001900D928A95E1F780923F1090924010E1
:10F53000A0924110B092421085E0E889F989A3E4D5
:10F54000B0E101900D928A95E1F785E0EA89FB89A7
:10F55000A8E4B0E101900D928A95E1F785E0EC898D
:10F56000FD89ADE4B0E101900D928A95E1F7DF915C
:10F57000CF911F910F91FF90EF90DF90CF90BF90B0
:10F58000AF909F908F900895CF93DF93EC0154DF5D
:10F59000688379838A839B830E9447688C83DF9189
:10F5A000CF910895CF93C62F70E08AE00E94F66451
:10F5B000C0932010CF91089580FF0DC03FB7F894FD
:10F5C000E091DA12F091DB1220819091D91290959E
:10F5D000922390833FBF81FF0DC03FB7F894E09125
:10F5E000D712F091D81220819091D6129095922343
:10F5F00090833FBF82FF0DC03FB7F894E091D412D3
:10F60000F091D51220819091D312909592239083FE
:10F610003FBF83FF0DC02FB7F894E091D112F09156
:10F62000D21290818091D0128095892380832FBF40
:10F63000089580915E1190915F11029734F06EE30E
:10F6400072E085E096E00E94493E109231110E94DE
:10F65000E44E81E090E090935F1180935E116FEF34
:10F6600070E08DE00E94F66480E094E0A0E0B0E0FD
:10F6700080934D1190934E11A0934F11B093501160
:10F6800008950F931F93CF93C82F8B01823030F0D2
:10F690006EE372E083EA96E00E94493EC80117FFDC
:10F6A00004C088279927801B910B813F910534F076
:10F6B0006EE372E084EA96E00E94493EEC2FF0E0AF
:10F6C000EE0FFF1FE65DFE4E12830183CF911F9167
:10F6D0000F910895CF93DF9300D01F92CDB7DEB77F
:10F6E0008FEA0E946D6120910F1330911013CE01AB
:10F6F00001962115310529F4835193419A83898319
:10F7000004C0821B930B9A83898389819A81092E75
:10F71000000CAA0BBB0B89839A83AB83BC830E942A
:10F7200061608A810E9461608B810E9461608C812E
:10F730000E9461608091070490910804891B8F3FAB
:10F7400031F480910F0482508093070413C080919C
:10F750000D0490910E048F3F2FEF920731F09927FF
:10F76000FC01EB5FFC4F8FEF828380910B048F5F76
:10F7700080930B040F900F900F900F90DF91CF911B
:10F7800008950F931F93CF93DF93CDB7DEB76097A4
:10F790000FB6F894DEBF0FBECDBF87E80E946D6143
:10F7A000BE016F5F7F4F87E194E00E9480628823F3
:10F7B00009F45DC08981807C71F58F81837090E050
:10F7C000982F8827990F990F288544E0249F90014E
:10F7D0001124822B932B298522952695269523701B
:10F7E000822B0196A0E0B0E04A854370440F2B8540
:10F7F00027FB222720F9422B2E812F7030E0240F87
:10F80000311D2750310904C0880F991FAA1FBB1F43
:10F810002A95D2F72FC0803451F58A8590E0A0E078
:10F82000B0E08C019D010F5F1F4F2F4F3F4F498567
:10F8300050E060E070E0B62FA52F942F8827800F4E
:10F84000911FA21FB31F48854F7350E060E070E026
:10F85000BA0155274427840F951FA61FB71F3AE00A
:10F86000880F991FAA1FBB1F3A95D1F703C080E0EC
:10F8700090E0DC010197A109B10989839A83AB83E8
:10F88000BC830E9461608A810E9461608B810E94BA
:10F8900061608C810E9461608091070490910804EE
:10F8A000891B8F3F31F480910F04825080930704AD
:10F8B00013C080910D0490910E048F3F2FEF92079B
:10F8C00031F09927FC01EB5FFC4F8FEF8283809131
:10F8D0000B048F5F80930B0460960FB6F894DEBF25
:10F8E0000FBECDBFDF91CF911F910F9108956F9201
:10F8F0007F928F929F92AF92BF92CF92DF92EF92C0
:10F90000FF920F931F93CF93DF93CDB7DEB7D25003
:10F910000FB6F894DEBF0FBECDBF9C01CE0101969D
:10F920007C0180E4F70111928A95E9F7603410F4C4
:10F93000962F01C090E4492F50E0B901C70133D59B
:10F940000E94F06560936A0A70936B0A80936C0A58
:10F9500090936D0A75E0872E99249A948E010F5F1B
:10F960001D4FEEEF7E2ECC24C394D12CA7E56A2E3A
:10F970000E94F06560935A0A70935B0A80935C0A58
:10F9800090935D0A8091030390910403892B09F001
:10F990005EC087E194E00E943A48811164C120E092
:10F9A00030E0A90168E187E194E00E94D3628823F6
:10F9B00031F040911B0462E38CE00E94AB3CD70124
:10F9C00020E030E08D91E32FFF27E827EE0FFF1FA7
:10F9D000E057F64F85919491322F22272827392717
:10F9E000A017B10779F77EBC0DB407FEFDCF898162
:10F9F0008EBD8A81FE0133960DB407FEFDCF8EBD0C
:10FA0000E017F10711F08191F7CF0DB407FEFDCF9C
:10FA10003EBD0DB407FEFDCF2EBD0DB407FEFDCFDC
:10FA20009EBC0DB407FEFDCF8EB580931B048F7175
:10FA3000853009F410C16092170480911A0488235C
:10FA400009F4F3C087E194E00E945D47EEC087E1CE
:10FA500094E00E943A48811106C120E030E0A901FB
:10FA60006DE087E194E00E94D3628111FFC09EBCEB
:10FA70000DB407FEFDCF8EB58111F8C080911A0438
:10FA8000882321F087E194E00E945D4710920403EF
:10FA90001092030380921F0492E0A92EB12C0E94C1
:10FAA000F06520915A0A30915B0A40915C0A5091AE
:10FAB0005D0ADC01CB01821B930BA40BB50B4091BB
:10FAC0005E0A50915F0A6091600A7091610A4F5F0F
:10FAD0005F4F6F4F7F4F40935E0A50935F0A609372
:10FAE000600A7093610A4091620A5091630A6091C2
:10FAF000640A7091650A480F591F6A1F7B1F409363
:10FB0000620A5093630A6093640A7093650A409195
:10FB1000660A5091670A6091680A7091690A4817ED
:10FB200059076A077B0740F48093660A9093670A37
:10FB3000A093680AB093690AF2E0AF16B10409F025
:10FB400017CF0E94F06500916A0A10916B0A20910C
:10FB50006C0A30916D0ADC01CB01801B910BA20B6A
:10FB6000B30B00916E0A10916F0A2091700A3091C8
:10FB7000710A0F5F1F4F2F4F3F4F00936E0A109374
:10FB80006F0A2093700A3093710A0091720A1091E3
:10FB9000730A2091740A3091750A080F191F2A1FE1
:10FBA0003B1F0093720A1093730A2093740A3093D8
:10FBB000750A0091760A1091770A2091780A30919F
:10FBC000790A081719072A073B0740F48093760A39
:10FBD0009093770AA093780AB093790A8AEA0E94F0
:10FBE0006D6181E00E94616080910704909108043A
:10FBF000891B8F3F31F480910F048250809307045A
:10FC00003CC080910D0490910E048F3F2FEF92071E
:10FC100031F09927FC01EB5FFC4F8FEF82838091DD
:10FC20000B048F5F80930B0428C080911F048150C8
:10FC300080931F0481110BC040911B046091170435
:10FC40008CE00E94AB3CAA24A394B12C28CFAA2418
:10FC5000A394B12C24CF87E194E00E94AA47D092CC
:10FC60000403C0920303A12CB12C19CF40911B04B3
:10FC700069E28CE00E94AB3C01CFDE5F0FB6F894E6
:10FC8000DEBF0FBECDBFDF91CF911F910F91FF90CF
:10FC9000EF90DF90CF90BF90AF909F908F907F902C
:10FCA0006F900895AF92BF92CF92DF92EF92FF9242
:10FCB0000F931F93CF93DF93CDB7DEB7D2500FB61C
:10FCC000F894DEBF0FBECDBF0E94F06560934A0A74
:10FCD00070934B0A80934C0A90934D0A85E0A82EAE
:10FCE00090E3B92E0E94F06560933A0A70933B0A44
:10FCF00080933C0A90933D0A20E030E0A90161E145
:10FD000087E194E00E94D362882319F0B09217042F
:10FD100014C040E052E0BE016F5F7F4F87E194E086
:10FD20000E94B047882349F080911A04882379F013
:10FD300087E194E00E945D470AC080911A048823FD
:10FD400009F4D9C087E194E00E945D47D4C0A09235
:10FD50001E0402E010E00E94F065C0903A0AD090C4
:10FD60003B0AE0903C0AF0903D0ADC01CB018C1983
:10FD70009D09AE09BF09C0903E0AD0903F0AE090AD
:10FD8000400AF090410A2FEFC21AD20AE20AF20AA0
:10FD9000C0923E0AD0923F0AE092400AF092410A95
:10FDA000C090420AD090430AE090440AF090450A7D
:10FDB000C80ED91EEA1EFB1EC092420AD092430A08
:10FDC000E092440AF092450AC090460AD090470A51
:10FDD000E090480AF090490AC816D906EA06FB06E0
:10FDE00040F48093460A9093470AA093480AB09340
:10FDF000490A0230110509F075CF0E94F0650091A3
:10FE00004A0A10914B0A20914C0A30914D0ADC01AC
:10FE1000CB01801B910BA20BB30B00914E0A1091EA
:10FE20004F0A2091500A3091510A0F5F1F4F2F4FF8
:10FE30003F4F00934E0A10934F0A2093500A30937D
:10FE4000510A0091520A1091530A2091540A30919C
:10FE5000550A080F191F2A1F3B1F0093520A1093BF
:10FE6000530A2093540A3093550A0091560A109170
:10FE7000570A2091580A3091590A081719072A077A
:10FE80003B0740F48093560A9093570AA093580A70
:10FE9000B093590A8BEA0E946D6181E00E94616013
:10FEA0006FE370E0CE0101968FD2682FCE010196EC
:10FEB0000E94B7608091070490910804891B8F3FCE
:10FEC00031F480910F0482508093070425C0809103
:10FED0000D0490910E048F3F2FEF920731F0992778
:10FEE000FC01EB5FFC4F8FEF828380910B048F5FEF
:10FEF00080930B0411C080911E04815080931E04D6
:10FF0000811107C040911B046091170489E00E9491
:10FF1000AB3C01E010E01FCFDE5F0FB6F894DEBF10
:10FF20000FBECDBFDF91CF911F910F91FF90EF904A
:10FF3000DF90CF90BF90AF90089581EC0E946D61EB
:10FF400081E00E94616065E08FE692E00E94B76008
:10FF50006AE085E792E00E94B76080910704909183
:10FF60000804891B8F3F31F480910F0482508093E5
:10FF70000704089580910D0490910E048F3F2FEF98
:10FF8000920731F09927FC01EB5FFC4F8FEF8283E2
:10FF900080910B048F5F80930B04089587E90E9482
:10FFA0006D6180912A110E94616080910704909197
:10FFB0000804891B8F3F31F480910F048250809395
:10FFC0000704089580910D0490910E048F3F2FEF48
:10FFD000920731F09927FC01EB5FFC4F8FEF828392
:10FFE00080910B048F5F80930B0408950F931F93F0
:10FFF000CF93DF9300D01F92CDB7DEB7182F62E00A
:020000021000EC
:100000000E94B564212F30E0F901E659F34F849145
:10001000F901EC5DF34F0491F901E252F44F1491B0
:100020001123A1F081110E945363E12FF0E0EE0F44
:10003000FF1FEC53F44FA591B491EC91E02391E0B4
:1000400080E009F490E0092F182F02C000E010E0D2
:1000500086EB0E946D61C801110FAA0BBB0B89834F
:100060009A83AB83BC830E9461608A810E94616035
:100070008B810E9461608C810E9461608091070485
:1000800090910804891B8F3F31F480910F048250B6
:100090008093070413C080910D0490910E048F3F4C
:1000A0002FEF920731F09927FC01EB5FFC4F8FEFA8
:1000B000828380910B048F5F80930B040F900F90CD
:1000C0000F900F90DF91CF911F910F9108950F9393
:1000D0001F93CF93DF9300D01F92CDB7DEB7863347
:1000E00008F0865390917B00282F2870977F922BE1
:1000F00090937B008770806480937C0080917A006D
:10010000806480937A0080917A0086FDFCCF109104
:1001100078000091790088EB0E946D61812F90E05A
:10012000902B092E000CAA0BBB0B89839A83AB83FF
:10013000BC830E9461608A810E9461608B810E9401
:1001400061608C810E946160809107049091080435
:10015000891B8F3F31F480910F04825080930704F4
:1001600013C080910D0490910E048F3F2FEF9207E2
:1001700031F09927FC01EB5FFC4F8FEF8283809178
:100180000B048F5F80930B040F900F900F900F90D4
:10019000DF91CF911F910F9108958091350A909131
:1001A000360A892B31F06EE372E082E798E00E9414
:1001B000493E6EE372E083E798E00E94493E87E1A2
:1001C00094E00E94D63F8111FACF8EEB0E946D61C0
:1001D0008091070490910804891B8F3F31F480912E
:1001E0000F04825080930704089580910D0490912C
:1001F0000E048F3F2FEF920731F09927FC01EB5F40
:10020000FC4F8FEF828380910B048F5F80930B04F0
:100210000895CF9380EB0E946D61C0E180E00E9461
:10022000616080E00E94616080E00E94616080E027
:100230000E94616080E00E94616080E00E946160D5
:10024000C15061F78091070490910804891B8F3F8A
:1002500031F480910F0482508093070413C0809181
:100260000D0490910E048F3F2FEF920731F09927E4
:10027000FC01EB5FFC4F8FEF828380910B048F5F5B
:1002800080930B04CF910895CF930E944768C82FA5
:100290000E944768282F30E0922F88278C0F911DED
:1002A000CF910895CF93DF930E944768C82F0E9493
:1002B0004768282F30E0322F2227C9018C0F911D6B
:1002C00090930102809300020E944768843631F0C7
:1002D00062E084EADF91CF910C948567C2E6D0E1B9
:1002E000D3DF8993999381E1CA32D807C9F761E0D6
:1002F00084EADF91CF910C948567DB018F939F9304
:1003000035D0BF91AF91A29F800D911DA39F900DFD
:10031000B29F900D11240895A1E21A2EAA1BBB1BB7
:10032000FD010DC0AA1FBB1FEE1FFF1FA217B307C1
:10033000E407F50720F0A21BB30BE40BF50B661FD7
:10034000771F881F991F1A9469F76095709580959B
:1003500090959B01AC01BD01CF010895EE0FFF1FE9
:10036000881F8BBF0790F691E02D199409D0A59FA7
:10037000900DB49F900DA49F800D911D11240895A0
:10038000A29FB001B39FC001A39F700D811D1124D6
:10039000911DB29F700D811D1124911D089581E062
:1003A00090E0F8941CC0FB01DC014150504048F043
:1003B00001900D920020C9F701C01D92415050409C
:1003C000E0F70895F8940BC0FC0161507040019073
:1003D0000110D8F7809590958E0F9F1F0895F8947F
:0203E000FFCF4D
:1003E200AA00000013138000000000007A647F64FA
:1003F2004B494C4C45443A00526561736F6E3A204A
:1004020000506172616D313A2000506172616D324B
:100412003A200074786275666665722E68006464BC
:100422007072696E742E637070004F4B0068616C5D
:100432005F6176722E6370700073776170496E69C6
:1004420074282900646474656D702E6370700037BF
:100452003831393400323032362D30332D333000DA
:00000001FF
