:10000000CBC50000F3C50000F1C50000EFC500003E
:10001000EDC50000EBC50000E9C50000E7C5000024
:10002000E5C50000E3C50000E1C50000DFC5000034
:10003000DDC50000DBC50000D9C50000D7C5000044
:10004000D5C50000D3C500000C94994ECFC5000063
:100050000C94A659CBC50000C9C50000C7C5000057
:10006000C5C50000C3C50000C1C50000BFC5000074
:10007000BDC50000BBC50000B9C50000B7C5000084
:100080000C94FD570C94B74FB1C50000DD749E74FD
:100090006672667266726D7460745D7430741B741F
:1000A000A076667266726672667266726672667252
:1000B000667266726672667266729D769B7666720C
:1000C0006672667290768E768C768A76667288769E
:1000D000A7766672A4767D767176657650764276DE
:1000E00026762376A87566727A7577757575677545
:1000F00066726672617566725C754B7546752F75B2
:10010000FA74F474F274F074E974FF73E9739B7415
:100110004C4D504D544D5A4D4B4D4B4D604D664DD1
:100120006C4D464D4C4E514E424E384EFE4DFE4D9E
:10013000304E284E1E4E114E441F041D671B2A1AB6
:100140002B195718A21706177B16001692152D1596
:10015000D1147C142E14E513A11362132613ED128F
:10016000B812851255122712FC11D211AA1184114E
:100170005F113B111911F810D910BA109C108010A2
:10018000641049102F101510FC0FE40FCD0FB60F9F
:10019000A00F8A0F750F610F4C0F390F250F130F2A
:1001A000000FEE0EDD0ECB0EBA0EAA0E990E890EC2
:1001B0007A0E6A0E5B0E4C0E3E0E2F0E210E130EA3
:1001C000060EF80DEB0DDE0DD10DC50DB80DAC0D05
:1001D000A00D940D880D7D0D710D660D5B0D500DFC
:1001E000450D3B0D300D260D1B0D110D070DFD0CA2
:1001F000F30CEA0CE00CD70CCD0CC40CBB0CB20C0D
:10020000A90CA00C980C8F0C860C7E0C760C6D0C37
:10021000650C5D0C550C4D0C450C3D0C350C2E0C35
:10022000260C1F0C170C100C080C010CFA0BF30B0E
:10023000EC0BE50BDE0BD70BD00BC90BC20BBC0BC9
:10024000B50BAE0BA80BA10B9B0B950B8E0B880B64
:10025000820B7B0B750B6F0B690B630B5D0B570BE5
:10026000510B4C0B460B400B3A0B350B2F0B290B4C
:10027000240B1E0B190B130B0E0B080B030BFE0AA2
:10028000F80AF30AEE0AE90AE40ADE0AD90AD40AED
:10029000CF0ACA0AC50AC00ABB0AB60AB10AAD0A21
:1002A000A80AA30A9E0A990A950A900A8B0A870A45
:1002B000820A7E0A790A740A700A6B0A670A620A5D
:1002C0005E0A5A0A550A510A4C0A480A440A400A68
:1002D0003B0A370A330A2F0A2A0A260A220A1E0A6A
:1002E0001A0A160A120A0E0A0A0A060A020AFE095F
:1002F000FA09F609F209EE09EA09E609E209DE0956
:10030000DA09D709D309CF09CB09C809C409C0093B
:10031000BC09B909B509B109AE09AA09A609A30919
:100320009F099B099809940991098D098A098609F1
:1003300083097F097C097809750971096E096B09C0
:100340006709640960095D095A095609530950098A
:100350004C094909460942093F093C09390935094F
:1003600032092F092C092909250922091F091C090D
:100370001909160912090F090C09090906090309C7
:100380000009FD08FA08F708F408F108ED08EA0882
:10039000E708E408E108DE08DB08D908D608D30836
:1003A000D008CD08CA08C708C408C108BE08BB08E1
:1003B000B808B508B308B008AD08AA08A708A4088B
:1003C000A1089F089C0899089608930891088E0830
:1003D0008B0888088608830880087D087B087808D1
:1003E0007508720870086D086A0868086508620870
:1003F0005F085D085A085708550852084F084D080D
:100400004A0848084508420840083D083A083808A4
:100410003508330830082E082B082808260823083A
:1004200021081E081C0819081708140811080F08CD
:100430000C080A080708050802080008FD07FB0762
:10044000F807F607F307F107EE07EC07EA07E707F7
:10045000E507E207E007DD07DB07D807D607D40783
:10046000D107CF07CC07CA07C707C507C307C0070F
:10047000BE07BB07B907B707B407B207B007AD0798
:10048000AB07A807A607A407A1079F079D079A0720
:1004900098079607930791078F078C078A078807A5
:1004A0008507830781077E077C077A07780775072A
:1004B000730771076E076C076A07670765076307AD
:1004C00061075E075C075A0758075507530751072E
:1004D0004F074C074A0748074607430741073F07AE
:1004E0003D073A0738073607340731072F072D072E
:1004F0002B07290726072407220720071D071B07AC
:10050000190717071507120710070E070C070A0728
:100510000707050703070107FF06FC06FA06F806AA
:10052000F606F406F206EF06ED06EB06E906E70628
:10053000E506E206E006DE06DC06DA06D806D506A3
:10054000D306D106CF06CD06CB06C806C606C4061E
:10055000C206C006BE06BC06B906B706B506B30697
:10056000B106AF06AD06AA06A806A606A406A20610
:10057000A0069E069C069906970695069306910688
:100580008F068D068B068806860684068206800600
:100590007E067C067A0677067506730671066F0678
:1005A0006D066B06690666066406620660065E06F0
:1005B0005C065A0658065606530651064F064D0667
:1005C0004B06490647064506430640063E063C06DE
:1005D0003A06380636063406320630062D062B0655
:1005E000290627062506230621061F061D061A06CC
:1005F000180616061406120610060E060C060A0643
:100600000706050603060106FF05FD05FB05F905BE
:10061000F605F405F205F005EE05EC05EA05E8053A
:10062000E505E305E105DF05DD05DB05D905D705B2
:10063000D405D205D005CE05CC05CA05C805C6052A
:10064000C305C105BF05BD05BB05B905B705B405A3
:10065000B205B005AE05AC05AA05A705A505A3051D
:10066000A1059F059D059B05980596059405920596
:1006700090058E058B058905870585058305810510
:100680007E057C057A0578057605730571056F058D
:100690006D056B05680566056405620560055D0509
:1006A0005B05590557055505520550054E054C0586
:1006B000490547054505430541053E053C053A0505
:1006C00038053505330531052F052C052A05280584
:1006D0002605230521051F051C051A051805160505
:1006E000130511050F050C050A0508050605030588
:1006F0000105FF04FC04FA04F804F504F304F10412
:10070000EE04EC04EA04E704E504E304E004DE0498
:10071000DB04D904D704D404D204D004CD04CB0420
:10072000C804C604C404C104BF04BC04BA04B804A9
:10073000B504B304B004AE04AB04A904A604A40435
:10074000A1049F049D049A049804950493049004C2
:100750008E048B0489048604830481047E047C0453
:1007600079047704740472046F046C046A046704E7
:10077000650462045F045D045A045804550452047D
:1007800050044D044A0448044504420440043D0416
:100790003A043704350432042F042D042A042704B4
:1007A000240421041F041C04190416041304110456
:1007B0000E040B040804050402040004FD03FA03FC
:1007C000F703F403F103EE03EB03E803E503E203AD
:1007D000DF03DC03D903D603D303D003CD03CA035D
:1007E000C703C403C103BE03BB03B703B403B10310
:1007F000AE03AB03A803A403A1039E039B039703CB
:10080000940391038E038A038703840380037D038B
:100810007903760373036F036C0368036503610355
:100820005E035A03570353034F034C034803440327
:1008300041033D033903360332032E032A03260303
:1008400023031F031B03170313030F030B030703E8
:100850000303FF02FB02F702F302EE02EA02E602E2
:10086000E202DD02D902D502D002CC02C702C302E5
:10087000BE02BA02B502B102AC02A702A3029E02F6
:10088000990294028F028A02850280027B0276021C
:1008900071026C02660261025C02560251024B0256
:1008A000460240023A0234022F02290223021D02AC
:1008B000160210020A020402FD01F701F001E9012B
:1008C000E201DC01D501CD01C601BF01B701B001D4
:1008D000A801A001980190018801800177016E01B3
:1008E00065015C0153014A01400136012C012201DE
:1008F00017010C010101F500EA00DD00D100C40080
:10090000B600A9009A008B007C006C005B004900D7
:10091000370023000F00F9FF000021104220633050
:100920008440A550C660E770088129914AA16BB147
:100930008CC1ADD1CEE1EFF13112100273325222EF
:10094000B5529442F772D662399318837BB35AA397
:10095000BDD39CC3FFF3DEE36224433420040114BF
:10096000E664C774A44485546AA54BB528850995E7
:10097000EEE5CFF5ACC58DD553367226111630068F
:10098000D776F6669556B4465BB77AA71997388737
:10099000DFF7FEE79DD7BCC7C448E5588668A7784F
:1009A0004008611802282338CCC9EDD98EE9AFF987
:1009B000488969990AA92BB9F55AD44AB77A966A2F
:1009C000711A500A333A122AFDDBDCCBBFFB9EEBD7
:1009D000799B588B3BBB1AABA66C877CE44CC55CFF
:1009E000222C033C600C411CAEED8FFDECCDCDDD27
:1009F0002AAD0BBD688D499D977EB66ED55EF44ECF
:100A0000133E322E511E700E9FFFBEEFDDDFFCCF76
:100A10001BBF3AAF599F788F8891A981CAB1EBA1CA
:100A20000CD12DC14EF16FE18010A100C230E32046
:100A30000450254046706760B9839893FBA3DAB3EE
:100A40003DC31CD37FE35EF3B1029012F322D23296
:100A50003542145277625672EAB5CBA5A8958985BE
:100A60006EF54FE52CD50DC5E234C324A0148104E6
:100A70006674476424540544DBA7FAB79987B8978E
:100A80005FE77EF71DC73CD7D326F2369106B01636
:100A900057667676154634564CD96DC90EF92FE94E
:100AA000C899E9898AB9ABA9445865480678276886
:100AB000C018E1088238A3287DCB5CDB3FEB1EFB2E
:100AC000F98BD89BBBAB9ABB754A545A376A167AD6
:100AD000F10AD01AB32A923A2EFD0FED6CDD4DCDFE
:100AE000AABD8BADE89DC98D267C076C645C454C26
:100AF000A23C832CE01CC10C1FEF3EFF5DCF7CDFCE
:100B00009BAFBABFD98FF89F176E367E554E745E75
:100B1000932EB23ED10EF01E0000200023002600CE
:100B20002900020202020202020204040404040474
:100B3000040403030303030303030101010101018F
:100B40000101010204081020408001020408102065
:100B500040800102040810204080804020100804DA
:100B60000201000000010200090A00000000040365
:100B70000807000000000000000000000000000066
:100B8000000000002100240027002A0000002200AD
:100B9000250028002B00027711241FBECFEFD0E4E0
:100BA000DEBFCDBF11E0A0E0B1E0E2E2FEE001E097
:100BB0000BBF02C007900D92A635B107D9F721E10E
:100BC000A6E5B1E001C01D92AD3FB207E1F715E027
:100BD000CCECD5E004C02197FE010E94C586CB3C39
:100BE000D107C9F70E94425D0C94028709CACF92CF
:100BF000DF92EF92FF920F931F93CF93DF93809139
:100C00005B1090915C108A3A23E0920711F40C94E7
:100C1000161B08F44CC18839E4E09E0709F4BFC6EE
:100C200008F044C2813024E0920711F40C944B1F69
:100C300008F0AAC5823DF3E09F0709F453C010F401
:100C40000C94301D8B3E23E0920711F40C945A173C
:100C5000883FE3E09E0711F40C948A178F3D934080
:100C600011F00C9438178091CA109091CB10009716
:100C700009F410C101979093CB108093CA10E091B2
:100C8000EA0C81E08E0F8093EA0CF0E0EE0FFF1F7C
:100C9000EE0FFF1FE651F74F8091D7109091D810BB
:100CA000A091D910B091DA1080839183A283B3838D
:100CB00080916C1090916D10019790936D108093BE
:100CC0006C10892B11F40C9441171092DC101092C7
:100CD000DB1081E08093E31082ED93E090935C1051
:100CE00080935B100E94DC5A811194C28091D610CF
:100CF000E091EA10F091EB10882311F40C94322566
:100D0000A0812091CD103091CE104091CF10509104
:100D1000D010B0E00E94DA86DC01CB012AE0B69563
:100D2000A795979587952A95D1F79093DA10809398
:100D3000D910909167109093D810809166108823F5
:100D400011F40C949B224091821050918310609179
:100D500084107091851077FF02C00C94FC2C0091D8
:100D6000AA101091AB102091AC103091AD10400F33
:100D7000511F621F731F4093821050938310609322
:100D800084107093851091609093D810813011F089
:100D90000C949B2240918A1050918B1060918C1082
:100DA00070918D1077FF02C00C94C92A0091B21087
:100DB0001091B3102091B4103091B510400F511F15
:100DC000621F731F40938A1050938B1060938C1096
:100DD00070938D109091D81094609093D8108330B8
:100DE00039F140918E1050918F1060919010709158
:100DF000911077FF02C00C94DF2A0091B610109179
:100E0000B7102091B8103091B910400F511F621FD8
:100E1000731F40938E1050938F10609390107093B7
:100E200091109091D81098609093D810843029F147
:100E30008091921090919310A0919410B091951080
:100E4000B7FF02C00C94472C4091BA105091BB10D0
:100E50006091BC107091BD10840F951FA61FB71F25
:100E60008093921090939310A0939410B093951048
:100E70008091D81080618093D8108FED93E090938B
:100E80005C1080935B108091CA109091CB100097FA
:100E900009F0F0CE8091EA0C9091EB0C891B8095C3
:100EA00090E09093CB108093CA1081E0B4C1843A53
:100EB000F2E09F0711F40C94C31408F0B5C1813817
:100EC000E2E09E0711F40C94F11F10F40C945410FE
:100ED0008D38F2E09F0711F40C940D1310F40C946C
:100EE000EF1C853922E0920711F40C94D313893951
:100EF000E2E09E0711F40C948C1F8139924011F0AE
:100F00000C9438178091DB109091DC10863A21E028
:100F1000920711F40C947013873BE1E09E0711F4E3
:100F20000C94D721892B11F40C942F13E091EA1023
:100F3000F091EB108091DF109091E0104081518191
:100F40006281738140937E1050937F106093801074
:100F5000709381101092DC101092DB1022E020932D
:100F6000E31025E932E030935C1020935B10609130
:100F7000E1107091E210DC01A61BB70BB093E910F1
:100F8000A093E8105091E310252F30E0A217B3078B
:100F900010F00C942829109711F40C948621C0911C
:100FA000DD10D091DE1020E030E040E080E090E005
:100FB00051502C0F3D1FF901E60FF71F2081FC0156
:100FC000E552FF4E2187852F841B8093E3104F5FEE
:100FD000842F90E09C018A179B0758F386EA91E0E2
:100FE0009093DC108093DB108091A708882309F48C
:100FF00011C18091A8089091A9088F59944011F4CB
:101000000C942F2E8FE994E09093A9088093A80860
:10101000DC018091A3089091A40840919F08509111
:10102000A0086091A1087091A208480F591F611D86
:10103000711D40939F085093A0086093A10870937E
:10104000A2081092A7089093E0108093DF10B0934D
:10105000DE10A093DD109091E3109923A1F0209170
:10106000E8103091E910F901EC51FF4E265F3F4F37
:101070008FEF890F280F311D25523F4E8D9181939F
:10108000E217F307D9F724EE30E13093EB10209309
:10109000EA10892F90E09093E2108093E110F9011B
:1010A0008091DF109091E0100C94EF138D3DE4E0FF
:1010B0009E0711F40C94641E08F0A2C5853B24E041
:1010C000920709F463C010F40C94851D853CE4E09C
:1010D0009E07E1F0813DF4E09F0711F40C94DB1FC3
:1010E000823C944011F00C9438170E94DC5A811114
:1010F00091C0E091EA10F091EB1080818093D810BC
:1011000085EC94E090935C1080935B108091CA1002
:101110009091CB10009711F40C941E24019790939A
:10112000CB108093CA10E091EA0C81E08E0F80937F
:10113000EA0CF0E0EE0FFF1FEE0FFF1FE651F74F36
:101140008091D7109091D810A091D910B091DA1059
:1011500080839183A283B3838091C6109091C7103E
:1011600001979093C7108093C610892B11F40C94AB
:10117000FA1E1092DC101092DB1081E08093E310D5
:1011800085EB94E090935C1080935B100E94DC5A96
:10119000811140C0E091EA10F091EB108081A091A4
:1011A0006010B0916110A80FB11D87FDBA95B09382
:1011B0006110A09360108091D610882311F40C94D4
:1011C000D3252091CD103091CE104091CF10509169
:1011D000D0100E94DA86DC01CB014AE0B695A795D3
:1011E000979587954A95D1F79093DA108093D91007
:1011F0001092DC101092DB1081E08093E31082ECFF
:1012000094E090935C1080935B100E94DC5A8823DA
:1012100009F46FCF81E0DF91CF911F910F91FF9083
:10122000EF90DF90CF9008958B3423E0920709F47C
:10123000B3C108F05BC58830F3E09F0711F40C944C
:10124000111710F40C94111D853323E0920709F453
:101250008DC08234E3E09E0709F459C18C3093407D
:1012600011F00C9438170E94DC5A8111D3CFE09111
:10127000EA10F091EB102081318130936B102093B4
:101280006A1000916610E02FF0E0EE0FFF1FEE0FE6
:10129000FF1FE55AFF4EC388D488E588F688C092C0
:1012A000BE10D092BF10E092C010F092C110CEE6F6
:1012B000D0E1E6E9F0E110E00117F1F04881598151
:1012C0006A817B81440F551F661F771FDB01CA01AE
:1012D0008C199D09AE09BF098C8B9D8BAE8BBF8B82
:1012E00040835183628373838C199D09AE09BF09C2
:1012F000848B958BA68BB78B1F5F24963496153005
:10130000D9F6609162107091631080916410909191
:101310006510FC01E60FF71F40916C1050916D10A5
:101320004E0F5F1F240F351FC21AD30AE108F108C0
:10133000C092C210D092C310E092C410F092C510B7
:10134000672B11F40C94DD1B8091D7108F7B809359
:10135000D7101092DC101092DB1082E08093E31023
:1013600085E393E090935C1080935B100E94DC5ABD
:10137000811150CF8091D610E091EA10F091EB10DE
:10138000882311F40C947824A081B1812091CD1090
:101390003091CE104091CF105091D0100E94DA863B
:1013A000DC01CB012AE0B695A795979587952A95FC
:1013B000D1F79093DA108093D910909167109093A1
:1013C000D81080916610882311F40C94102140915C
:1013D000821050918310609184107091851077FF76
:1013E00002C00C94A42C0091AA101091AB10209173
:1013F000AC103091AD10400F511F621F731F40930E
:1014000082105093831060938410709385109160C4
:101410009093D810813011F00C94102140918A10D3
:1014200050918B1060918C1070918D1077FF02C0DD
:101430000C94632A0091B2101091B3102091B41053
:101440003091B510400F511F621F731F40938A10D7
:1014500050938B1060938C1070938D109091D810D6
:1014600094609093D810833039F140918E10509150
:101470008F10609190107091911077FF02C00C94C2
:10148000792A0091B6101091B7102091B8103091C0
:10149000B910400F511F621F731F40938E1050935D
:1014A0008F1060939010709391109091D810986065
:1014B0009093D810843029F18091921090919310DC
:1014C000A0919410B0919510B7FF02C00C941B2C02
:1014D0004091BA105091BB106091BC107091BD103A
:1014E000840F951FA61FB71F80939210909393109F
:1014F000A0939410B09395108091D8108061809340
:10150000D81082E493E090935C1080935B108091FC
:10151000CA109091CB10009711F40C942F240197CE
:101520009093CB108093CA10E091EA0C81E08E0F6B
:101530008093EA0CF0E0EE0FFF1FEE0FFF1FE65165
:10154000F74F8091D7109091D810A091D910B091F9
:10155000DA1080839183A283B3838091D7108F7731
:101560008093D710809162109091631001979093AF
:10157000631080936210892B11F40C94D91B109284
:10158000DC101092DB1082E08093E3108BE493E098
:1015900090935C1080935B100E94DC5A81113ACECC
:1015A0008091D610E091EA10F091EB10882311F4AD
:1015B0000C944225A081B1812091CD103091CE10A4
:1015C0004091CF105091D0100E94DA86DC01CB01FF
:1015D0001AE0B695A795979587951A95D1F79093A8
:1015E000DA108093D910909167109093D810809161
:1015F0006610882311F40C943C2340918210509182
:101600008310609184107091851077FF02C00C9454
:101610003A2D0091AA101091AB102091AC1030918E
:10162000AD10400F511F621F731F409382105093E3
:101630008310609384107093851091609093D810FC
:10164000813011F00C943C2340918A1050918B1002
:1016500060918C1070918D1077FF02C00C94372B25
:101660000091B2101091B3102091B4103091B510C8
:10167000400F511F621F731F40938A1050938B10AD
:1016800060938C1070938D109091D810946090930B
:10169000D810833039F140918E1050918F106091A5
:1016A00090107091911077FF02C00C944D2B009117
:1016B000B6101091B7102091B8103091B910400FAA
:1016C000511F621F731F40938E1050938F106093B1
:1016D0009010709391109091D81098609093D810BA
:1016E000843029F18091921090919310A0919410E0
:1016F000B0919510B7FF02C00C94C22C4091BA1063
:101700005091BB106091BC107091BD10840F951F5B
:10171000A61FB71F8093921090939310A0939410DC
:10172000B09395108091D81080618093D81088E58F
:1017300093E090935C1080935B108091CA1090911D
:10174000CB10009711F40C946F2401979093CB1059
:101750008093CA10E091EA0C81E08E0F8093EA0C2E
:10176000F0E0EE0FFF1FEE0FFF1FE651F74F8091E5
:10177000D7109091D810A091D910B091DA10808331
:101780009183A283B383EECE873224E0920711F4D3
:101790000C94601D10F40C943A1D8634E4E09E070E
:1017A00059F18A34F4E09F0709F447C08B33944021
:1017B00011F00C9438170E94DC5A81112BCDE09166
:1017C000EA10F091EB10808191819093C710809383
:1017D000C6101092D61080915D1085FFD3C0109274
:1017E000DC101092DB1084E08093E31086E494E038
:1017F00090935C1080935B100E94DC5A81110ACD9B
:10180000E091EA10F091EB1080819181A281B38187
:101810008093D1109093D210A093D310B093D41092
:101820001092DC101092DB1081E08093E3108AE4C8
:1018300094E090935C1080935B100E94DC5A8111BD
:10184000E9CCE091EA10F091EB10C081C093D51083
:1018500080916F01909170019595879595958795E9
:101860009595879595958795209100013091010177
:10187000821B930B97FF02C00C94E82884369105D5
:1018800014F40C947E2520910F103091101040E03C
:1018900050E06091D1107091D2108091D31090914E
:1018A000D4100E9478869B01AC0104C056954795E0
:1018B00037952795CA95D2F7213080E13807410541
:1018C000510520F020E030E140E050E02093CD10C1
:1018D0003093CE104093CF105093D0108091040ECF
:1018E000213094E039074105510510F40C94382457
:1018F000882331F1A091050EB091060E0E94DA8680
:10190000DC01CB017AE0B695A795979587957A95F6
:10191000D1F78093CD109093CE10A093CF10B093B9
:10192000D01080914410909145108E3FEFEF9E07AC
:1019300011F40C94032E019690934510809344105B
:1019400081E08093D61080914210909143108E3F99
:10195000FFEF9F0711F40C94F92B0196909343101D
:10196000809342108091CD109091CE10A091CF1015
:10197000B091D0108F3F9105A105B10509F010F489
:101980000C94A4291092DC101092DB1082E080935A
:10199000E31088E994E090935C1080935B100E94C0
:1019A000DC5A811137CCE091EA10F091EB10A08164
:1019B000B181B0936110A09360108091D6108823FC
:1019C00011F40C9491202091CD103091CE104091C3
:1019D000CF105091D0100E94DA86DC01CB016AE072
:1019E000B695A795979587956A95D1F79093DA1054
:1019F0008093D9101092DC101092DB1081E080935C
:101A0000E31085EA94E090935C1080935B108091E2
:101A1000E1109091E2106091DF107091E010681B6E
:101A2000790B7093E9106093E810A091E3102A2FCE
:101A300030E06217730710F00C94D6286115710519
:101A400011F40C949720E091DD10F091DE1040E04D
:101A500050E020E0E80FF91F80E090E0A150EF0196
:101A6000C40FD51F3881EC01C552DF4E39878A2F4C
:101A7000821B8093E3102F5F822F90E0AC018617CA
:101A8000970768F386EA91E09093DC108093DB106F
:101A90008091A708882309F4BDCB8091A808909174
:101AA000A9088F59944011F40C94142E8FE994E0F6
:101AB0009093A9088093A808DC018091A3089091D5
:101AC000A40840919F085091A0086091A1087091CE
:101AD000A208480F591F611D711D40939F08509324
:101AE000A0086093A1087093A2081092A708909391
:101AF000E0108093DF10B093DE10A093DD10909182
:101B0000E3109923A1F02091E8103091E910F90138
:101B1000EC51FF4E265F3F4F8FEF890F280F311D8D
:101B200025523F4E8D918193E217F307D9F724EEAA
:101B300030E13093EB102093EA10892F90E09093DE
:101B4000E2108093E110F9018FEF9FEF9093DC108A
:101B50008093DB1080818093D81088EA94E0909382
:101B60005C1080935B108091CA109091CB1000970D
:101B700011F40C941C2201979093CB108093CA10FF
:101B8000E091EA0C81E08E0F8093EA0CF0E0EE0F1A
:101B9000FF1FEE0FFF1FE651F74F8091D710909176
:101BA000D810A091D910B091DA1080839183A283CC
:101BB000B3838091D7108F778093D71080915D1079
:101BC00090915E102091C6103091C71021503109BC
:101BD0003093C7102093C61086FD02C00C940B21D1
:101BE000232B09F0C6CA91FF05C08091CC1081114A
:101BF0000E94262F10925C1010925B1081E00BCB9C
:101C00008115E5E09E0711F40C940D1F10F40C945F
:101C1000901D8931F5E09F0709F45FC0823225E00D
:101C2000920711F40C94611F8031954011F00C94CF
:101C300038178091DB109091DC10863AE1E09E0726
:101C400011F40C943E26873BF1E09F0711F40C94AD
:101C5000E627892B11F40C94FF25E091EA10F0910E
:101C6000EB108FEF9FEF9093DC108093DB1080815F
:101C700091811092D81020E533EC3093DA10209344
:101C8000D9101BC081E08E0F8093EA0CF0E0EE0FBC
:101C9000FF1FEE0FFF1FE651F74F8091D710909175
:101CA000D810A091D910B091DA1080839183A283CB
:101CB000B3838091C8109091C9109C0121503109C3
:101CC0003093C9102093C810892B09F493CF89E170
:101CD00095E090935C1080935B10E091EA0C80910A
:101CE000EB0C2E2F281B2F3F69F694CA813723E077
:101CF000920711F40C94C21C10F40C94EF1E873858
:101D0000E3E09E0709F4F0C0813AF3E09F0711F485
:101D10000C94281A8A37934011F00C94381780914C
:101D2000DB109091DC10863AF1E09F0709F45DC169
:101D3000873B21E0920711F40C94EB24892B09F4E2
:101D400013C1E091EA10F091EB108FEF9FEF9093A9
:101D5000DC108093DB108091D610882311F40C9452
:101D60003A25A0812091CD103091CE104091CF1016
:101D70005091D010B0E00E94DA86DC01CB01EAE09D
:101D8000B695A79597958795EA95D1F79093DA1030
:101D90008093D910909167109093D810809166101D
:101DA000882311F40C9411234091821050918310D8
:101DB000609184107091851077FF02C00C94502DB3
:101DC0000091AA101091AB102091AC103091AD1081
:101DD000400F511F621F731F409382105093831056
:101DE000609384107093851091609093D810813027
:101DF00011F00C94112340918A1050918B10609136
:101E00008C1070918D1077FF02C00C948F2B009175
:101E1000B2101091B3102091B4103091B510400F52
:101E2000511F621F731F40938A1050938B10609351
:101E30008C1070938D109091D81094609093D8105E
:101E4000833039F140918E1050918F106091901035
:101E50007091911077FF02C00C94A52B0091B610E1
:101E60001091B7102091B8103091B910400F511F48
:101E7000621F731F40938E1050938F1060939010C9
:101E8000709391109091D81098609093D8108430EE
:101E900029F18091921090919310A0919410B0919B
:101EA0009510B7FF02C00C94312C4091BA1050919C
:101EB000BB106091BC107091BD10840F951FA61FC0
:101EC000B71F8093921090939310A0939410B093A7
:101ED00095108091D81080618093D81087E893E0A6
:101EE00090935C1080935B108091CA109091CB10FE
:101EF000009711F40C94662401979093CB10809373
:101F0000CA10E091EA0C81E08E0F8093EA0CF0E0B9
:101F1000EE0FFF1FEE0FFF1FE651F74F8091D71016
:101F20009091D810A091D910B091DA10808391834C
:101F3000A283B38380916410909165100197909370
:101F4000651080936410892B11F40C94641910921D
:101F5000DC101092DB1081E08093E3108AE793E0BD
:101F600090935C1080935B10A091E110B091E2100F
:101F70006091DF107091E0106A1B7B0B7093E91089
:101F80006093E8105091E310852F90E0681779076F
:101F900010F00C94A12A6115710511F40C94E5243C
:101FA000C091DD10D091DE1020E030E040E080E014
:101FB00090E051502C0F3D1FF901EA0FFB1F2081CB
:101FC000FC01E552FF4E2187852F841B8093E3108F
:101FD0004F5F842F90E09C018617970758F386EA9D
:101FE00091E09093DC108093DB108091A708882308
:101FF00009F410C98091A8089091A9088F599440BC
:1020000011F40C94B12E8FE994E09093A908809379
:10201000A808DC018091A3089091A40840919F0832
:102020005091A0086091A1087091A208480F591F13
:10203000611D711D40939F085093A0086093A108F3
:102040007093A2081092A7089093E0108093DF107D
:10205000B093DE10A093DD104091E3104423A9F06B
:102060008091E8109091E910FC01EC51FF4E9C0129
:10207000265F3F4F8FEF840F280F311D25523F4EB3
:102080008D918193E217F307D9F784EE90E1909355
:10209000EB108093EA10842F90E09093E2108093ED
:1020A000E110E4EEF0E151CE823622E0920779F1C0
:1020B00008F0D5C6009711F40C94231F8034924089
:1020C00009F0D6C60E94DC5A8111A4C8E091EA103A
:1020D000F091EB1060816C3011F40C94F22510F04B
:1020E0000C94CB24673069F06B3011F40C94001F12
:1020F000633011F40C949F2685E00E94D8590E9409
:10210000FE4082E692E090935C1080935B10809199
:10211000EA0C9091EB0C891B8095282F30E03093CE
:10212000CB102093CA10882309F474C81092DC10D5
:102130001092DB1082E08093E31086E692E09093A9
:102140005C1080935B100E94DC5A811163C8E0919F
:10215000EA10F091EB108081918180935D10909353
:102160005E1087FF03C08F798093D7101092DC1028
:102170001092DB1081E08093E31088E792E0909367
:102180005C1080935B100E94DC5A811143C8E0917F
:10219000EA10F091EB1090819093661081E001C0FD
:1021A000880F9A95EAF7809367101092DC101092CE
:1021B000DB1084E08093E31081E892E090935C1060
:1021C00080935B106091E1107091E2108091DF10BC
:1021D0009091E010FC01E61BF70BF093E910E093FF
:1021E000E810A091E3102A2F30E0E217F30710F077
:1021F0000C949229309711F40C9467238091DD1090
:102200009091DE1040E050E020E0680F791F80E000
:1022100090E0A150EB01C40FD51F3881EC01C552ED
:10222000DF4E39878A2F821B8093E3102F5F822F26
:1022300090E0AC018E179F0768F386EA91E09093D7
:10224000DC108093DB108091A708882311F40C9494
:102250000A098091A8089091A9088F59944011F417
:102260000C94802E8FE994E09093A9088093A8089D
:10227000DC018091A3089091A40840919F0850919F
:10228000A0086091A1087091A208480F591F611D14
:10229000711D40939F085093A0086093A10870930C
:1022A000A2081092A7089093E0108093DF10B093DB
:1022B000DE10A093DD104091E3104423A9F080913B
:1022C000E8109091E910FC01EC51FF4E9C01265F53
:1022D0003F4F8FEF840F280F311D25523F4E8D91B8
:1022E0008193E217F307D9F784EE90E19093EB1016
:1022F0008093EA10842F90E09093E2108093E11095
:10230000E4EEF0E18091DF109091E0104081518186
:102310006281738140936E1050936F1060937010C0
:10232000709371101092DC101092DB1024E0209357
:10233000E31025E832E030935C1020935B1060914D
:10234000E1107091E210FC01E61BF70BF093E9102D
:10235000E093E810A091E3102A2F30E0E217F30792
:1023600010F00C947829309711F40C94C6228091C7
:10237000DD109091DE1040E050E020E0680F791F02
:1023800080E090E0A150EB01C40FD51F3881EC0133
:10239000C552DF4E39878A2F821B8093E3102F5F4F
:1023A000822F90E0AC018E179F0768F386EA91E0D8
:1023B0009093DC108093DB108091A708882311F4A0
:1023C0000C940A098091A8089091A9088F5994400B
:1023D00011F40C946E2E8FE994E09093A9088093E9
:1023E000A808DC018091A3089091A40840919F085F
:1023F0005091A0086091A1087091A208480F591F40
:10240000611D711D40939F085093A0086093A1081F
:102410007093A2081092A7089093E0108093DF10A9
:10242000B093DE10A093DD104091E3104423A9F097
:102430008091E8109091E910FC01EC51FF4E9C0155
:10244000265F3F4F8FEF840F280F311D25523F4EDF
:102450008D918193E217F307D9F784EE90E1909381
:10246000EB108093EA10842F90E09093E210809319
:10247000E110E4EEF0E18091DF109091E0104081F6
:1024800051816281738140937210509373106093F5
:102490007410709375101092DC101092DB1024E011
:1024A0002093E31029E832E030935C1020935B1016
:1024B0006091E1107091E210DC01A61BB70BB093A4
:1024C000E910A093E8101091E310812F90E0A81775
:1024D000B90710F00C944C29109711F40C94252294
:1024E000C091DD10D091DE1040E050E090E020E09F
:1024F00030E011504C0F5D1FFA01E60FF71F80818D
:10250000F901E552FF4E8187812F891B8093E310EB
:102510009F5F292F30E0A9012A173B0758F386EA6D
:1025200091E09093DC108093DB108091A7088823C2
:1025300011F40C940A098091A8089091A9088F5968
:10254000944011F40C944A2E8FE994E09093A908DA
:102550008093A808DC018091A3089091A408409181
:102560009F085091A0086091A1087091A208480F9F
:10257000591F611D711D40939F085093A0086093DF
:10258000A1087093A2081092A7089093E01080937E
:10259000DF10B093DE10A093DD104091E3104423D0
:1025A000A9F08091E8109091E910FC01EC51FF4EE8
:1025B0009C01265F3F4F8FEF840F280F311D25525E
:1025C0003F4E8D918193E217F307D9F784EE90E1A6
:1025D0009093EB108093EA10842F90E09093E21098
:1025E0008093E110E4EEF0E180819181A281B381DA
:1025F0008093761090937710A0937810B093791011
:102600001092DC101092DB1084E08093E3108DE8D0
:1026100092E090935C1080935B100E94DC5A8111D1
:102620000C940A09E091EA10F091EB1080819181FD
:10263000A281B38180937A1090937B10A0937C1039
:10264000B0937D101092DC101092DB1084E0809328
:10265000E31081E992E090935C1080935B106091AD
:10266000E1107091E2108091DF109091E010DC0198
:10267000A61BB70BB093E910A093E8105091E3109C
:10268000252F30E0A217B30710F00C943A291097C9
:1026900011F40C94D121C091DD10D091DE1020E016
:1026A00030E040E080E090E051502C0F3D1FF901F8
:1026B000E60FF71F2081FC01E552FF4E2187852F91
:1026C000841B8093E3104F5F842F90E09C018A1756
:1026D0009B0758F386EA91E09093DC108093DB101F
:1026E0008091A708882311F40C940A098091A80806
:1026F0009091A9088F59944011F40C94532E8FE9AE
:1027000094E09093A9088093A808DC018091A30825
:102710009091A40840919F085091A0086091A10851
:102720007091A208480F591F611D711D40939F08A9
:102730005093A0086093A1087093A2081092A70874
:102740009093E0108093DF10B093DE10A093DD1023
:102750009091E3109923A1F02091E8103091E910B5
:10276000F901EC51FF4E265F3F4F8FEF890F280F85
:10277000311D25523F4E8D918193E217F307D9F712
:1027800024EE30E13093EB102093EA10892F90E093
:102790009093E2108093E110F9018091DF10909105
:1027A000E0100C949E078091DB109091DC10863A2B
:1027B000E1E09E0711F40C94F407873BF1E09F07DA
:1027C00011F40C948C21892B11F40C940E2FE091B0
:1027D000EA10F091EB108091DF109091E0102FEF54
:1027E0003FEF3093DC102093DB1020813181309358
:1027F0006310209362101092DC101092DB1022E024
:102800002093E31029E932E030935C1020935B10B1
:102810006091E1107091E210DC01A61BB70BB09340
:10282000E910A093E8101091E310812F90E0A81711
:10283000B90710F00C94F028109711F40C943B2178
:10284000C091DD10D091DE1040E050E090E020E03B
:1028500030E011504C0F5D1FFA01E60FF71F808129
:10286000F901E552FF4E8187812F891B8093E31088
:102870009F5F292F30E0A9012A173B0758F386EA0A
:1028800091E09093DC108093DB108091A70888235F
:1028900011F40C940A098091A8089091A9088F5905
:1028A000944011F40C945C2E8FE994E09093A90865
:1028B0008093A808DC018091A3089091A40840911E
:1028C0009F085091A0086091A1087091A208480F3C
:1028D000591F611D711D40939F085093A00860937C
:1028E000A1087093A2081092A7089093E01080931B
:1028F000DF10B093DE10A093DD109091E3109923C8
:10290000A1F02091E8103091E910F901EC51FF4E4F
:10291000265F3F4F8FEF890F280F311D25523F4E05
:102920008D918193E217F307D9F724EE30E13093CC
:10293000EB102093EA10892F90E09093E21080939F
:10294000E110F9018FEF9FEF9093DC108093DB1083
:102950008081918190936510809364101092D610BD
:1029600080915D1090915E1090FF7CC11092DC1000
:102970001092DB1084E08093E31084EA92E090935D
:102980005C1080935B100E94DC5A81110C940A0940
:10299000E091EA10F091EB1080819181A281B381E6
:1029A0008093D1109093D210A093D310B093D410F1
:1029B0001092DC101092DB1081E08093E31088EA23
:1029C00092E090935C1080935B108091E110909165
:1029D000E2106091DF107091E010681B790B70932A
:1029E000E9106093E810A091E3102A2F30E06217FD
:1029F000730710F00C94AC296115710511F40C9457
:102A0000C223E091DD10F091DE1040E050E020E0C4
:102A1000E80FF91F80E090E0A150EF01C40FD51F2F
:102A20003881EC01C552DF4E39878A2F821B809393
:102A3000E3102F5F822F90E0AC018617970768F3B1
:102A400086EA91E09093DC108093DB108091A708D8
:102A5000882311F40C940A098091A8089091A90880
:102A60008F59944011F40C94922E8FE994E0909336
:102A7000A9088093A808DC018091A3089091A4087C
:102A800040919F085091A0086091A1087091A20800
:102A9000480F591F611D711D40939F085093A00856
:102AA0006093A1087093A2081092A7089093E01079
:102AB0008093DF10B093DE10A093DD104091E310FF
:102AC0004423A9F08091E8109091E910FC01EC51A9
:102AD000FF4E9C01265F3F4F8FEF840F280F311D63
:102AE00025523F4E8D918193E217F307D9F784EE7B
:102AF00090E19093EB108093EA10842F90E09093F4
:102B0000E2108093E110E4EEF0E18FEF9FEF9093FD
:102B1000DC108093DB10C081C093D5106091D11080
:102B20007091D2108091D3109091D41061157105DD
:102B30008105910511F40C948A2020916F01309148
:102B40007001A90155954795559547955595479518
:102B5000559547952091000130910101FA01E21B42
:102B6000F30B9F01F7FF02C00C94FD2BE436F10537
:102B700014F40C94422A20910F103091101040E070
:102B800050E00E9478869B01AC0104C056954795A1
:102B900037952795CA95D2F72130F0E13F074105D7
:102BA000510520F020E030E140E050E02093CD10CE
:102BB0003093CE104093CF105093D010213084E04A
:102BC00038074105510510F40C9402298091040E38
:102BD000882331F1A091050EB091060E0E94DA868D
:102BE000DC01CB01DAE0B695A79597958795DA9544
:102BF000D1F78093CD109093CE10A093CF10B093C7
:102C0000D01080914410909145108E3FEFEF9E07B9
:102C100011F40C94C62E01969093451080934410A5
:102C200081E08093D61080914210909143108E3FA6
:102C3000FFEF9F0711F40C94D72D0196909343104A
:102C4000809342108091CD109091CE10A091CF1022
:102C5000B091D0108F3F9105A105B10509F010F496
:102C60000C948A291092DC101092DB1082E0809381
:102C7000E3108EEF92E090935C1080935B10A09134
:102C8000E110B091E2106091DF107091E0106A1BCA
:102C90007B0B7093E9106093E8105091E310852F3F
:102CA00090E06817790710F00C94E0256115710524
:102CB00011F40C940E20C091DD10D091DE1020E0B4
:102CC00030E040E080E090E051502C0F3D1FF901D2
:102CD000EA0FFB1F2081FC01E552FF4E2187852F63
:102CE000841B8093E3104F5F842F90E09C01861734
:102CF000970758F386EA91E09093DC108093DB10FD
:102D00008091A708882311F40C940A098091A808DF
:102D10009091A9088F59944011F40C94E42D8FE9F7
:102D200094E09093A9088093A808DC018091A308FF
:102D30009091A40840919F085091A0086091A1082B
:102D40007091A208480F591F611D711D40939F0883
:102D50005093A0086093A1087093A2081092A7084E
:102D60009093E0108093DF10B093DE10A093DD10FD
:102D70009091E310992311F40C949B2E2091E8106C
:102D80003091E910F901EC51FF4E265F3F4F8FEF74
:102D9000890F280F311D25523F4E8D918193E217E7
:102DA000F307D9F7892F90E024EE30E13093EB1050
:102DB0002093EA109093E2108093E110F9018FEFD5
:102DC0009FEF9093DC108093DB108091D6108823C6
:102DD00011F40C945920A081B1812091CD10309133
:102DE000CE104091CF105091D0100E94DA86DC01B5
:102DF000CB01CAE0B695A79597958795CA95D1F767
:102E000090936910809368101092DC101092DB1080
:102E100082E08093E31088E093E090935C108093CD
:102E20005B100E94DC5A81110C940A09E091EA10AF
:102E3000F091EB108081918190936D1080936C10D4
:102E40001092DC101092DB1082E08093E3108CE093
:102E500093E090935C1080935B100C94330986365A
:102E600022E0920709F46FC98837924009F48BC9B0
:102E70008FEF9FEF90935C1080935B1080E00C9439
:102E80000B0980916A1090916B10892B09F487C40B
:102E90008091D7108F7B8093D7101092DC10109206
:102EA000DB1082E08093E3108BEE93E090935C1054
:102EB00080935B100E94DC5A81110C940A09809166
:102EC000D610E091EA10F091EB10882311F40C94E5
:102ED000B223A081B1812091CD103091CE104091CC
:102EE000CF105091D0100E94DA86DC01CB011AE09D
:102EF000B695A795979587951A95D1F79093DA107F
:102F00008093D9100E94115C88EF93E090935C103D
:102F100080935B108091CA109091CB10009711F4B0
:102F20000C944A0701979093CB108093CA10E091BC
:102F3000EA0C81E08E0F8093EA0CF0E0EE0FFF1FA9
:102F4000EE0FFF1FE651F74F8091D7109091D810E8
:102F5000A091D910B091DA1080839183A283B383BA
:102F60008091D7108F778093D71080916A109091BD
:102F70006B10019790936B1080936A10892B09F462
:102F80000EC41092DC101092DB1082E08093E310EC
:102F900081E094E090935C1080935B108091E1104D
:102FA0009091E2106091DF107091E010681B790B36
:102FB0007093E9106093E810A091E3102A2F30E09D
:102FC0006217730710F00C948F2A6115710511F4C4
:102FD0000C948024E091DD10F091DE1040E050E090
:102FE00020E0E80FF91F80E090E0A150EF01C40F4E
:102FF000D51F3881EC01C552DF4E39878A2F821BDD
:103000008093E3102F5F822F90E0AC018617970723
:1030100068F386EA91E09093DC108093DB10809156
:10302000A708882311F40C940A098091A8089091AC
:10303000A9088F59944011F40C949F2E8FE994E0C5
:103040009093A9088093A808DC018091A30890912F
:10305000A40840919F085091A0086091A108709128
:10306000A208480F591F611D711D40939F0850937E
:10307000A0086093A1087093A2081092A7089093EB
:10308000E0108093DF10B093DE10A093DD1040912C
:10309000E3104423A9F08091E8109091E910FC011D
:1030A000EC51FF4E9C01265F3F4F8FEF840F280F9E
:1030B000311D25523F4E8D918193E217F307D9F7C9
:1030C00084EE90E19093EB108093EA10842F90E0CF
:1030D0009093E2108093E110E4EEF0E18FEF9FEF28
:1030E0009093DC108093DB108091D610882311F42C
:1030F0000C94DD24A081B1812091CD103091CE10AF
:103100004091CF105091D0100E94DA86DC01CB01A3
:10311000CAE0B695A79597958795CA95D1F79093EC
:10312000DA108093D910909167109093D810809105
:103130006610882311F40C947022409182105091F3
:103140008310609184107091851077FF02C00C94F9
:10315000242D0091AA101091AB102091AC10309149
:10316000AD10400F511F621F731F40938210509388
:103170008310609384107093851091609093D810A1
:10318000813011F00C94702240918A1050918B1074
:1031900060918C1070918D1077FF02C00C940B2BF6
:1031A0000091B2101091B3102091B4103091B5106D
:1031B000400F511F621F731F40938A1050938B1052
:1031C00060938C1070938D109091D81094609093B0
:1031D000D810833039F140918E1050918F1060914A
:1031E00090107091911077FF02C00C94212B0091E8
:1031F000B6101091B7102091B8103091B910400F4F
:10320000511F621F731F40938E1050938F10609355
:103210009010709391109091D81098609093D8105E
:10322000843029F18091921090919310A091941084
:10323000B0919510B7FF02C00C945D2C4091BA106C
:103240005091BB106091BC107091BD10840F951F00
:10325000A61FB71F8093921090939310A093941081
:10326000B09395108091D81080618093D8108EE033
:1032700094E090935C1080935B108091CA109091C1
:10328000CB10009711F40C945D2401979093CB1010
:103290008093CA10E091EA0C81E08E0F8093EA0CD3
:1032A000F0E0EE0FFF1FEE0FFF1FE651F74F80918A
:1032B000D7109091D810A091D910B091DA108083D6
:1032C0009183A283B38351CE8091C2109091C31099
:1032D000A091C410B091C510892B8A2B8B2B09F4B7
:1032E000E8C18091D71083FF03C080648093D7101A
:1032F00080916810909169109093DA108093D910A2
:10330000909167109093D81080916610882309F4EB
:1033100059C7409182105091831060918410709130
:10332000851077FF02C00C94732C0091AA101091A5
:10333000AB102091AC103091AD10400F511F621FA7
:10334000731F409382105093831060938410709386
:10335000851091609093D810813009F033C7409167
:103360008A1050918B1060918C1070918D1077FFA6
:1033700002C00C94002A0091B2101091B310209159
:10338000B4103091B510400F511F621F731F40934E
:103390008A1050938B1060938C1070938D109091C5
:1033A000D81094609093D810833039F140918E10EA
:1033B00050918F10609190107091911077FF02C022
:1033C0000C94162A0091B6101091B7102091B810E5
:1033D0003091B910400F511F621F731F40938E1020
:1033E00050938F1060939010709391109091D8101B
:1033F00098609093D810843029F180919210909128
:103400009310A0919410B0919510B7FF02C00C9446
:10341000D12B4091BA105091BB106091BC107091AB
:10342000BD10840F951FA61FB71F80939210909315
:103430009310A0939410B09395108091D810806150
:103440008093D81081EA93E090935C1080935B1096
:103450008091CA109091CB10009711F40C940D2418
:1034600001979093CB108093CA10E091EA0C81E011
:103470008E0F8093EA0CF0E0EE0FFF1FEE0FFF1FA0
:10348000E651F74F8091D7109091D810A091D910A4
:10349000B091DA1080839183A283B3838091D71097
:1034A0008F778093D7104091C2105091C3106091D4
:1034B000C4107091C51041505109610971094093C0
:1034C000C2105093C3106093C4107093C510452B65
:1034D000462B472B09F4EAC0909167109093D810BF
:1034E00080916610882311F40C945325409182102A
:1034F00050918310609184107091851077FF02C005
:103500000C94ED2D0091AA101091AB102091AC10ED
:103510003091AD10400F511F621F731F40938210F6
:1035200050938310609384107093851091609093F2
:10353000D810813011F00C94532540918A1050918D
:103540008B1060918C1070918D1077FF02C00C94DD
:10355000AB2D0091B2101091B3102091B4103091A6
:10356000B510400F511F621F731F40938A10509374
:103570008B1060938C1070938D109091D810946084
:103580009093D810833039F140918E1050918F1064
:10359000609190107091911077FF02C00C94952D5E
:1035A0000091B6101091B7102091B8103091B91059
:1035B000400F511F621F731F40938E1050938F1046
:1035C00060939010709391109091D81098609093A0
:1035D000D810843029F18091921090919310A0918D
:1035E0009410B0919510B7FF02C00C94C12D40917A
:1035F000BA105091BB106091BC107091BD10840F37
:10360000951FA61FB71F8093921090939310A093BD
:103610009410B09395108091D81080618093D81049
:103620008AEA93E090935C1080935B108091CA10BB
:103630009091CB10009711F40C944A250197909328
:10364000CB108093CA10E091EA0C81E08E0F80933A
:10365000EA0CF0E0EE0FFF1FEE0FFF1FE651F74FF1
:103660008091D7109091D810A091D910B091DA1014
:1036700080839183A283B3838091C2109091C31001
:10368000A091C410B091C5100197A109B109809310
:10369000C2109093C310A093C410B093C510892B8F
:1036A0008A2B8B2B09F018CF8091D7108F7B8093BA
:1036B000D71080916C1090916D10892B09F4E1CB9B
:1036C0008091D7108F7B8093D7101092DC101092CE
:1036D000DB1081E08093E3108CEB93E090935C101F
:1036E00080935B100E94DC5A81110C940A0980912E
:1036F000D610E091EA10F091EB10882311F40C94AD
:10370000BA23A0812091CD103091CE104091CF10DE
:103710005091D010B0E00E94DA86DC01CB014AE083
:10372000B695A795979587954A95D1F79093DA1016
:103730008093D9100E94115C89EC93E090935C1007
:1037400080935B108091CA109091CB10009711F478
:103750000C944A0701979093CB108093CA10E09184
:10376000EA0C81E08E0F8093EA0CF0E0EE0FFF1F71
:10377000EE0FFF1FE651F74F8091D7109091D810B0
:10378000A091D910B091DA1080839183A283B38382
:103790008091D7108F778093D7100C945806809122
:1037A0005D1090915E1092FF02C00C94F50D0C9488
:1037B000FA0D8091641090916510892B09F484CDE5
:1037C0008091D7108F7B8093D7101092DC101092CD
:1037D000DB1081E08093E31084E693E090935C102B
:1037E00080935B100E94DC5A81110C940A0980912D
:1037F000D610E091EA10F091EB10882311F40C94AC
:103800001624A0812091CD103091CE104091CF1080
:103810005091D010B0E00E94DA86DC01CB01CAE002
:10382000B695A79597958795CA95D1F79093DA1095
:103830008093D910909167109093D8108091661062
:10384000882309F43EC44091821050918310609106
:1038500084107091851077FF02C00C94052C0091A4
:10386000AA101091AB102091AC103091AD10400F08
:10387000511F621F731F40938210509383106093F7
:1038800084107093851091609093D810813009F066
:1038900018C440918A1050918B1060918C107091D7
:1038A0008D1077FF02C00C94BE290091B2101091C8
:1038B000B3102091B4103091B510400F511F621F0A
:1038C000731F40938A1050938B1060938C107093E9
:1038D0008D109091D81094609093D810833039F166
:1038E00040918E1050918F106091901070919110B6
:1038F00077FF02C00C94D4290091B6101091B71034
:103900002091B8103091B910400F511F621F731FE2
:1039100040938E1050938F1060939010709391107D
:103920009091D81098609093D810843029F18091AC
:10393000921090919310A0919410B0919510B7FFB0
:1039400002C00C94BB2B4091BA105091BB106091F7
:10395000BC107091BD10840F951FA61FB71F8093D8
:10396000921090939310A0939410B093951080911F
:10397000D81080618093D81081E793E090935C1019
:1039800080935B108091CA109091CB10009711F436
:103990000C944A0701979093CB108093CA10E09142
:1039A000EA0C81E08E0F8093EA0CF0E0EE0FFF1F2F
:1039B000EE0FFF1FE651F74F8091D7109091D8106E
:1039C000A091D910B091DA1080839183A283B38340
:1039D0008091D7108F778093D7100C949A0F8538E9
:1039E000E2E09E0709F4CAC28938924009F040CA51
:1039F0008091DB109091DC10863AF1E09F0711F482
:103A00000C949512873B21E0920709F424C5892B79
:103A100011F40C94142FE091EA10F091EB100C9437
:103A2000F412883AE2E09E0709F48FC28E3F92407A
:103A300009F01ECA8091DB109091DC10863AE1E01B
:103A40009E0709F45DC9873BF1E09F0709F4ECC2CA
:103A5000892B09F414C9E091EA10F091EB10AFC979
:103A60008C3BE3E09E0709F43DCE893C934009F48A
:103A700069CEFEC98E30F4E09F0709F4FECB833295
:103A8000944009F0F5C98091EA0C9091EB0C891BE8
:103A90008095282F30E03093CB102093CA108823D4
:103AA00011F40C940A091092DC101092DB1082E0E1
:103AB0008093E31087E294E090935C1080935B1016
:103AC0000E94DC5A81110C940A09E091EA10F091ED
:103AD000EB108081918180935D1090935E1087FD43
:103AE000BFC78091D7108F7B8093D7101092DC10C6
:103AF0001092DB1082E08093E3108BE394E09093CC
:103B00005C1080935B100C94DB0B853AF4E09F070C
:103B100009F4A8C1883A944011F40C94B30DA8C9D3
:103B2000803E24E0920709F4E1C0873F944009F009
:103B30009FC98091DB109091DC10863A21E09207BA
:103B400011F40C94EB26873BE1E09E0711F40C94F2
:103B50005227892B11F40C94AC26E091EA10F091D5
:103B6000EB108FEF9FEF9093DC108093DB10D181EF
:103B7000C081D1110C94662D10924D1010924E10F0
:103B800010924F1010925010C63408F4C6E46C2FF7
:103B900070E084E00E94E64D0C94FA0D86EA91E014
:103BA0009093DC108093DB108091A708882311F498
:103BB0000C940A098091A8089091A9088F59944003
:103BC00011F40C94CA2E8FE994E09093A908809385
:103BD000A808DC018091A3089091A40840919F0857
:103BE0005091A0086091A1087091A208480F591F38
:103BF000611D711D40939F085093A0086093A10818
:103C00007093A2081092A7089093E0108093DF10A1
:103C1000B093DE10A093DD104091E3104423A9F08F
:103C20008091E8109091E910FC01EC51FF4E9C014D
:103C3000265F3F4F8FEF840F280F311D25523F4ED7
:103C40008D918193E217F307D9F784EE90E1909379
:103C5000EB108093EA10842F90E09093E210809311
:103C6000E110E4EEF0E18FEF9FEF9093DC10809392
:103C7000DB108091D610882309F49BC7A081B18105
:103C80002091CD103091CE104091CF105091D01096
:103C90000E94DA86DC01CB012AE0B695A7959795BC
:103CA00087952A95D1F79093DA108093D9101092C6
:103CB000DC101092DB1081E08093E3108DED94E036
:103CC00090935C1080935B100E94DC5A81110C94DD
:103CD0000A09E091EA10F091EB1080818093D810EE
:103CE00080EE94E090935C1080935B108091CA10FA
:103CF0009091CB10009709F4AAC501979093CB102F
:103D00008093CA10E091EA0C81E08E0F8093EA0C58
:103D1000F0E0EE0FFF1FEE0FFF1FE651F74F80910F
:103D2000D7109091D810A091D910B091DA1080835B
:103D30009183A283B3838091C6109091C71001979D
:103D40009093C7108093C610892B09F453C010922A
:103D5000DC101092DB1082E08093E31081ED94E0A0
:103D600090935C1080935B108091E1109091E21031
:103D70006091DF107091E010681B790B7093E9106F
:103D80006093E810A091E3102A2F30E062177307C8
:103D900010F00C94E72B6115710509F4BAC6E09197
:103DA000DD10F091DE1040E050E020E0E80FF91F58
:103DB00080E090E0A150EF01C40FD51F3881EC01E5
:103DC000C552DF4E39878A2F821B8093E3102F5F05
:103DD000822F90E0AC018617970768F3DFCE883515
:103DE000F3E09F0711F40C949D0B8436934009F483
:103DF000F9CC3EC880915D1090915E100C94F30D4B
:103E00001092DC101092DB1083E08093E31080E0CE
:103E100095E090935C1080935B100E94DC5A8111B6
:103E20000C940A09E091EA10F091EB106181728123
:103E300040E080810E94455410925C1010925B100B
:103E400081E00C940B091092DC101092DB1081E0E1
:103E50008093E31080E492E090935C1080935B1079
:103E60000C9462108091DB109091DC10863AE1E0B6
:103E70009E0711F40C94480D873BF1E09F0709F46D
:103E80005CC1892B11F40C94070DE091EA10F091BC
:103E9000EB100C94A40D8091DB109091DC10863A0D
:103EA00021E0920709F4BBC8873BE1E09E0709F4D3
:103EB0002DC5892B09F472C8E091EA10F091EB103E
:103EC0000DC98091DB109091DC10863AF1E09F07DC
:103ED00011F40C947628873B21E0920711F40C949E
:103EE0009C27892B11F40C943728E091EA10F0916B
:103EF000EB108FEF9FEF9093DC108093DB106181CC
:103F00007281438180810E94455410925C1010920E
:103F10005B1081E00C940B098091DB109091DC1018
:103F2000863AF1E09F0711F40C944514873B21E099
:103F3000920709F4A6C1892B11F40C94202FE0916B
:103F4000EA10F091EB100C94A2148091DB10909188
:103F5000DC10863A21E0920711F40C942615873B79
:103F6000E1E09E0709F414C4892B11F40C94E514C4
:103F7000E091EA10F091EB100C9485158091DB1024
:103F80009091DC10863AE1E09E0711F40C94DC116C
:103F9000873BF1E09F0709F4FFC2892B11F40C94D1
:103FA0001A2FE091EA10F091EB108091DF109091C0
:103FB000E0100C943F128091DB109091DC10863A57
:103FC000F1E09F0709F4F0CD873B21E0920709F467
:103FD000A6C5892B09F4C8CEE091EA10F091EB1048
:103FE00042CE8091DB109091DC10863A21E092075E
:103FF00011F40C942311873BE1E09E0709F46DC393
:10400000892B11F40C94E210E091EA10F091EB107E
:104010008091DF109091E0100C94861187EB91E075
:104020009093DC108093DB108091A708882311F413
:104030000C940A098091A8089091A9088F5994407E
:1040400011F40C94DB2D8FE994E09093A9088093F0
:10405000A808FC012091A3083091A40880919F0832
:104060009091A008A091A108B091A208820F931F7F
:10407000A11DB11D80939F089093A008A093A10853
:10408000B093A2081092A7083093E0102093DF109D
:10409000F093DE10E093DD10F093EB10E093EA1064
:1040A0008091E31090E09093E2108093E1100C94E3
:1040B000DF168081918190936910809368100C9431
:1040C000041740918610509187106091881070916C
:1040D000891077FF02C00C94EA290091AE1010916C
:1040E000AF102091B0103091B110400F511F621FDE
:1040F000731F4093861050938710609388107093BD
:1041000089109091D81092609093D810823009F065
:10411000C0CBE6CB8091D61081110C9422160C9462
:104120003216B093DA10A093D9100C94FA0C87EBE6
:1041300091E09093DC108093DB108091A708882396
:1041400011F40C940A098091A8089091A9088F593C
:10415000944011F40C940B2E8FE994E09093A908ED
:104160008093A808FC012091A3083091A4088091B5
:104170009F089091A008A091A108B091A208820F79
:10418000931FA11DB11D80939F089093A008A09339
:10419000A108B093A2081092A7083093E0102093D2
:1041A000DF10F093DE10E093DD10F093EB10E0935E
:1041B000EA108091E31090E09093E2108093E11078
:1041C0000C94A40D40918610509187106091881036
:1041D0007091891077FF02C00C942C2A0091AE10C8
:1041E0001091AF102091B0103091B110400F511FBD
:1041F000621F731F4093861050938710609388103E
:10420000709389109091D81092609093D81082305A
:1042100009F0A5C8CBC8232B11F40C94F30D97CD4E
:10422000409186105091871060918810709189108C
:1042300077FF02C00C944D2A0091AE101091AF1080
:104240002091B0103091B110400F511F621F731FA9
:104250004093861050938710609388107093891054
:104260009091D81092609093D810823011F00C94F5
:104270000E0A0C94350A87EB91E09093DC10809342
:10428000DB108091A708882311F40C940A0980910F
:10429000A8089091A9088F59944011F40C94382ED5
:1042A0008FE994E09093A9088093A808FC012091DD
:1042B000A3083091A40880919F089091A008A09134
:1042C000A108B091A208820F931FA11DB11D809378
:1042D0009F089093A008A093A108B093A208109201
:1042E000A7083093E0102093DF10F093DE10E093E6
:1042F000DD10F093EB10E093EA108091E31090E072
:104300009093E2108093E1100C94A21487EB91E05B
:104310009093DC108093DB108091A708882311F420
:104320000C940A098091A8089091A9088F5994408B
:1043300011F40C941D2E8FE994E09093A9088093BA
:10434000A808FC018091A3089091A40840919F08BF
:104350005091A0086091A1087091A208480F591FC0
:10436000611D711D40939F085093A0086093A108A0
:104370007093A2081092A7089093E0108093DF102A
:10438000F093DE10E093DD10F093EB10E093EA1071
:104390002091E31030E03093E2102093E1100C9470
:1043A000EF1387EB91E09093DC108093DB1080910A
:1043B000A708882311F40C940A098091A808909109
:1043C000A9088F59944011F40C94262E8FE994E09B
:1043D0009093A9088093A808FC018091A30890916C
:1043E000A40840919F085091A0086091A108709185
:1043F000A208480F591F611D711D40939F085093DB
:10440000A0086093A1087093A2081092A708909347
:10441000E0108093DF10F093DE10E093DD10F09356
:10442000EB10E093EA102091E31030E03093E210BB
:104430002093E1100C949E078AEC90E10E94CC59E5
:1044400081110C940A090C94C00D87EB91E09093B4
:10445000DC108093DB108091A708882311F40C9462
:104460000A098091A8089091A9088F59944011F4E5
:104470000C94412E8FE994E09093A9088093A808AA
:10448000FC012091A3083091A40880919F0890918D
:10449000A008A091A108B091A208820F931FA11DAE
:1044A000B11D80939F089093A008A093A108B0939A
:1044B000A2081092A7083093E0102093DF10F09329
:1044C000DE10E093DD10F093EB10E093EA108091A2
:1044D000E31090E09093E2108093E1100C94F412BA
:1044E00040918610509187106091881070918910CA
:1044F00077FF02C00C94B32A0091AE101091AF1058
:104500002091B0103091B110400F511F621F731FE6
:104510004093861050938710609388107093891091
:104520009091D81092609093D810823011F00C9432
:10453000C4180C94EB18409186105091871060912C
:1045400088107091891077FF02C00C94F52A0091B1
:10455000AE101091AF102091B0103091B110400FFB
:10456000511F621F731F40938610509387106093F2
:104570008810709389109091D81092609093D81001
:10458000823011F00C94CA060C94F10687EB91E08E
:104590009093DC108093DB108091A708882311F49E
:1045A0000C940A098091A8089091A9088F59944009
:1045B00011F40C94772E8FE994E09093A9088093DE
:1045C000A808FC018091A3089091A40840919F083D
:1045D0005091A0086091A1087091A208480F591F3E
:1045E000611D711D40939F085093A0086093A1081E
:1045F0007093A2081092A7089093E0108093DF10A8
:10460000F093DE10E093DD10F093EB10E093EA10EE
:104610002091E31030E03093E2102093E1100C94ED
:104620003F124091861050918710609188107091D0
:10463000891077FF02C00C94632B0091AE1010918B
:10464000AF102091B0103091B110400F511F621F78
:10465000731F409386105093871060938810709357
:1046600089109091D81092609093D810823011F0F8
:104670000C94FB0E0C94220F4091861050918710E1
:10468000609188107091891077FF02C00C94792B8B
:104690000091AE101091AF102091B0103091B11078
:1046A000400F511F621F731F409386105093871055
:1046B00060938810709389109091D81092609093B5
:1046C000D810823011F00C94240B0C944B0B87EB18
:1046D00091E09093DC108093DB108091A7088823F1
:1046E00011F40C940A098091A8089091A9088F5997
:1046F000944011F40C94652E8FE994E09093A908EE
:104700008093A808FC018091A3089091A40840918F
:104710009F085091A0086091A1087091A208480FCD
:10472000591F611D711D40939F085093A00860930D
:10473000A1087093A2081092A7089093E0108093AC
:10474000DF10F093DE10E093DD10F093EB10E093B8
:10475000EA102091E31030E03093E2102093E11052
:104760000C948611808191819093DA108093D910F6
:104770000C948217808190E09093DA108093D91086
:104780000C949A1B87EB91E09093DC108093DB10E4
:104790008091A708882311F40C940A098091A80835
:1047A0009091A9088F59944011F40C94892E8FE9A7
:1047B00094E09093A9088093A808FC012091A30895
:1047C0003091A40880919F089091A008A091A10821
:1047D000B091A208820F931FA11DB11D80939F0865
:1047E0009093A008A093A108B093A2081092A708E4
:1047F0003093E0102093DF10F093DE10E093DD1093
:10480000F093EB10E093EA108091E31090E0909326
:10481000E2108093E1100C9485158AEC90E10E94DF
:10482000CC5981110C940A090C94351A808190E0BE
:104830009093DA108093D9100C941A1C8AEC90E1B2
:104840000E94CC5981110C940A090C9493088AECAB
:1048500090E10E94CC5981110C940A0953CA8AEC48
:1048600090E10E94CC5981110C940A090C94940A8D
:10487000882309F423C58091050E9091060EA0E0CF
:10488000B0E08093CD109093CE10A093CF10B09352
:10489000D01081E08093D610809144109091451003
:1048A0008E3F2FEF920711F40C94072E01969093F0
:1048B0004510809344100C94B20C8AEC90E10E9455
:1048C000CC5981110C940A090C944A198AEC90E194
:1048D0000E94CC5981110C940A090C94810F8AEC26
:1048E00090E10E94CC5981110C940A090C94AA0BF6
:1048F000808191819093DA108093D9100C94DD0916
:1049000087EB91E09093DC108093DB108091A708F7
:10491000882311F40C940A098091A8089091A908A1
:104920008F59944011F40C94BA2E8FE994E090932F
:10493000A9088093A808FC012091A3083091A4083D
:1049400080919F089091A008A091A108B091A20821
:10495000820F931FA11DB11D80939F089093A00803
:10496000A093A108B093A2081092A7083093E0107A
:104970002093DF10F093DE10E093DD10F093EB1046
:10498000E093EA108091E31090E09093E21080931E
:10499000E1100C946E18613109F45CC3673711F4AF
:1049A0000C94FA0D6D3011F00C947C1083E294E0BD
:1049B00090935C1080935B1066C880819181909386
:1049C000DA108093D9100C94931887EB91E09093B0
:1049D000DC108093DB108091A708882311F40C94DD
:1049E0000A098091A8089091A9088F59944011F460
:1049F0000C94A82E8FE994E09093A9088093A808BE
:104A0000FC012091A3083091A40880919F08909107
:104A1000A008A091A108B091A208820F931FA11D28
:104A2000B11D80939F089093A008A093A108B09314
:104A3000A2081092A7083093E0102093DF10F093A3
:104A4000DE10E093DD10F093EB10E093EA1080911C
:104A5000E31090E09093E2108093E1100C94A50E87
:104A60008F7941C8808190E09093DA108093D910BB
:104A70000C949906808190E09093DA108093D9107D
:104A80000C94CA0E808191819093DA108093D91092
:104A90000C94F30A8AEC90E10E94CC5981110C9499
:104AA0000A090C94231B4091861050918710609145
:104AB00088107091891077FF02C00C947F2D0091AF
:104AC000AE101091AF102091B0103091B110400F86
:104AD000511F621F731F409386105093871060937D
:104AE0008810709389109091D81092609093D8108C
:104AF000823011F00C949D1A0C94C41A880F991FDF
:104B0000FC01E75BF04F2081318140E050E00C94E4
:104B1000490C87EB91E09093DC108093DB1080913F
:104B2000A708882311F40C940A098091A808909191
:104B3000A9088F59944011F40C94D32E8FE994E076
:104B40009093A9088093A808FC012091A3083091B4
:104B5000A40880919F089091A008A091A108B0910D
:104B6000A208820F931FA11DB11D80939F089093EF
:104B7000A008A093A108B093A2081092A7083093B0
:104B8000E0102093DF10F093DE10E093DD10F0933F
:104B9000EB10E093EA108091E31090E09093E21024
:104BA0008093E11060C8B093DA10A093D9100C94F0
:104BB000F808808191819093DA108093D91077C89A
:104BC000E091DD10F091DE10EA0FFB1FF093EB1087
:104BD000E093EA10A80FB91FB093E210A093E11080
:104BE0000C94DF161092DC101092DB1082E08093A0
:104BF000E31080E195E090935C1080935B108091CE
:104C0000E1109091E2106091DF107091E010681B4C
:104C1000790B7093E9106093E810A091E3102A2FAC
:104C200030E06217730708F0C3C66115710509F417
:104C3000C7C1E091DD10F091DE1040E050E020E0CF
:104C4000E80FF91F80E090E0A150EF01C40FD51FDD
:104C50003881EC01C552DF4E39878A2F821B809341
:104C6000E3102F5F822F90E0AC018617970768F35F
:104C700086EA91E09093DC108093DB108091A70886
:104C8000882311F40C940A098091A8089091A9082E
:104C90008F59944011F40C94DC2E8FE994E090939A
:104CA000A9088093A808DC018091A3089091A4082A
:104CB00040919F085091A0086091A1087091A208AE
:104CC000480F591F611D711D40939F085093A00804
:104CD0006093A1087093A2081092A7089093E01027
:104CE0008093DF10B093DE10A093DD104091E310AD
:104CF0004423A9F08091E8109091E910FC01EC5157
:104D0000FF4E9C01265F3F4F8FEF840F280F311D10
:104D100025523F4E8D918193E217F307D9F784EE28
:104D200090E19093EB108093EA10842F90E09093A1
:104D3000E2108093E110E4EEF0E10C94310E109259
:104D4000DC101092DB1082E08093E31087EF94E098
:104D500090935C1080935B10A091E110B091E210F1
:104D60006091DF107091E0106A1B7B0B7093E9106B
:104D70006093E8105091E310852F90E06817790751
:104D800008F028C66115710509F486C0C091DD10D0
:104D9000D091DE1020E030E040E080E090E0515023
:104DA0002C0F3D1FF901EA0FFB1F2081FC01E5528A
:104DB000FF4E2187852F841B8093E3104F5F842F44
:104DC00090E09C018617970758F386EA91E090934C
:104DD000DC108093DB108091A708882311F40C94D9
:104DE0000A098091A8089091A9088F59944011F45C
:104DF0000C94FD2E8FE994E09093A9088093A80865
:104E0000DC018091A3089091A40840919F085091E3
:104E1000A0086091A1087091A208480F591F611D58
:104E2000711D40939F085093A0086093A108709350
:104E3000A2081092A7089093E0108093DF10B0931F
:104E4000DE10A093DD104091E3104423A9F080917F
:104E5000E8109091E910FC01EC51FF4E9C01265F97
:104E60003F4F8FEF840F280F311D25523F4E8D91FC
:104E70008193E217F307D9F784EE90E19093EB105A
:104E80008093EA10842F90E09093E2108093E110D9
:104E9000E4EEF0E10C94B11D87EB91E09093DC100F
:104EA0008093DB108091A708882311F40C940A09E1
:104EB0008091A8089091A9088F59944009F48DC752
:104EC0008FE994E09093A9088093A808FC012091B1
:104ED000A3083091A40880919F089091A008A09108
:104EE000A108B091A208820F931FA11DB11D80934C
:104EF0009F089093A008A093A108B093A2081092D5
:104F0000A7083093E0102093DF10F093DE10E093B9
:104F1000DD10F093EB10E093EA108091E31090E045
:104F20009093E2108093E1100C94B11D87EB91E017
:104F30009093DC108093DB108091A708882311F4F4
:104F40000C940A098091A8089091A9088F5994405F
:104F500009F43BC78FE994E09093A9088093A808CF
:104F6000FC012091A3083091A40880919F089091A2
:104F7000A008A091A108B091A208820F931FA11DC3
:104F8000B11D80939F089093A008A093A108B093AF
:104F9000A2081092A7083093E0102093DF10F0933E
:104FA000DE10E093DD10F093EB10E093EA108091B7
:104FB000E31090E09093E2108093E1100C94791F3D
:104FC00087EB91E09093DC108093DB108091A70831
:104FD000882311F40C940A098091A8089091A908DB
:104FE0008F59944009F401C78FE994E09093A90880
:104FF0008093A808FC012091A3083091A408809117
:105000009F089091A008A091A108B091A208820FDA
:10501000931FA11DB11D80939F089093A008A0939A
:10502000A108B093A2081092A7083093E010209333
:10503000DF10F093DE10E093DD10F093EB10E093BF
:10504000EA108091E31090E09093E2108093E110D9
:105050000C94310E1092DC101092DB1084E08093DF
:10506000E31082E295E090935C1080935B10809156
:10507000E1109091E2106091DF107091E010681BD8
:10508000790B7093E9106093E810A091E3102A2F38
:1050900030E06217730708F0C5C46115710509F4A3
:1050A00045CFE091DD10F091DE1040E050E020E0CF
:1050B000E80FF91F80E090E0A150EF01C40FD51F69
:1050C0003881EC01C552DF4E39878A2F821B8093CD
:1050D000E3102F5F822F90E0AC018617970768F3EB
:1050E00086EA91E09093DC108093DB108091A70812
:1050F000882311F40C940A098091A8089091A908BA
:105100008F59944009F482C68FE994E09093A908DE
:105110008093A808DC018091A3089091A408409195
:105120009F085091A0086091A1087091A208480FB3
:10513000591F611D711D40939F085093A0086093F3
:10514000A1087093A2081092A7089093E010809392
:10515000DF10B093DE10A093DD104091E3104423E4
:10516000A9F08091E8109091E910FC01EC51FF4EFC
:105170009C01265F3F4F8FEF840F280F311D255272
:105180003F4E8D918193E217F307D9F784EE90E1BA
:105190009093EB108093EA10842F90E09093E210AC
:1051A0008093E110E4EEF0E10C94791FE091DD10C2
:1051B000F091DE10E80FF91FF093EB10E093EA1086
:1051C000820F931F9093E2108093E1100C94A40D32
:1051D0002091490F30914A0F40E050E00C94490C67
:1051E000E091DD10F091DE10E60FF71FF093EB1069
:1051F000E093EA10680F791F7093E2106093E1105A
:105200000C94A2148091040E882309F482C3809127
:10521000050E9091060EA0E0B0E08093CD10909323
:10522000CE10A093CF10B093D01081E08093D61011
:1052300080914410909145108E3F2FEF920709F412
:10524000A2C5019690934510809344100C942216A9
:10525000E091DD10F091DE10E60FF71FF093EB10F8
:10526000E093EA10620F731F7093E2106093E110F5
:105270000C94EF13E091DD10F091DE10E60FF71FB4
:10528000F093EB10E093EA10620F731F7093E2103B
:105290006093E1100C949E07E091DD10F091DE1018
:1052A000E60FF71FF093EB10E093EA10680F791FF9
:1052B0007093E2106093E1100C94F412809133101B
:1052C000882309F457C38091341090913510A09130
:1052D0003610B09137108093CD109093CE10A093DC
:1052E000CF10B093D01021E02093D6100C94BA0CBC
:1052F000E091DD10F091DE10E60FF71FF093EB1058
:10530000E093EA10620F731F7093E2106093E11054
:105310000C943F1263E171E088EF92E00E946442D6
:105320000C943216E091DD10F091DE10E60FF71FBD
:10533000F093EB10E093EA10620F731F7093E2108A
:105340006093E1100C94861163E171E081E994E0CF
:105350000E9464420C94C20CE091DD10F091DE10CA
:10536000E80FF91FF093EB10E093EA10820F931F00
:105370009093E2108093E1100C94851500919E109B
:1053800010919F102091A0103091A110400F511F3B
:10539000621F731F40938A1050938B1060938C1080
:1053A00070938D100C946E1C0091A2101091A3109C
:1053B0002091A4103091A510400F511F621F731F40
:1053C00040938E1050938F106093901070939110B3
:1053D0000C94951C00919A1010919B1020919C1098
:1053E00030919D10400F511F621F731F4093861014
:1053F0005093871060938810709389100C948620C6
:1054000000919E1010919F102091A0103091A1103A
:10541000400F511F621F731F40938A1050938B10CF
:1054200060938C1070938D100C94D4190091A2107D
:105430001091A3102091A4103091A510400F511F7E
:10544000621F731F40938E1050938F1060939010C3
:10545000709391100C94FB1900919A1010919B106D
:1054600020919C1030919D10400F511F621F731F9F
:105470004093861050938710609388107093891022
:105480000C940721220F331FF901E75BF04F2081B5
:10549000318140E050E00C94C11500919A101091B8
:1054A0009B1020919C1030919D10400F511F621F46
:1054B000731F4093861050938710609388107093E9
:1054C00089100C94352100919E1010919F1020910D
:1054D000A0103091A110400F511F621F731F409305
:1054E0008A1050938B1060938C1070938D100C94D5
:1054F000330A0091A2101091A3102091A4103091B2
:10550000A510400F511F621F731F40938E105093C0
:105510008F1060939010709391100C945A0AE09140
:10552000DD10F091DE10E80FF91FF093EB10E0931F
:10553000EA10820F931F9093E2108093E1100C9475
:105540006E18E091DD10F091DE10EA0FFB1FF09372
:10555000EB10E093EA10A80FB91FB093E210A093EC
:10556000E1100C94A50E00919A1010919B102091BF
:105570009C1030919D10400F511F621F731F40936C
:1055800086105093871060938810709389100C9444
:10559000952200919E1010919F102091A0103091A3
:1055A000A110400F511F621F731F40938A10509328
:1055B0008B1060938C1070938D100C94EF060091FB
:1055C000A2101091A3102091A4103091A510400FAB
:1055D000511F621F731F40938E1050938F10609362
:1055E0009010709391100C94160700919A101091DE
:1055F0009B1020919C1030919D10400F511F621FF5
:10560000731F409386105093871060938810709397
:1056100089100C94C02200919E1010919F1020912F
:10562000A0103091A110400F511F621F731F4093B3
:105630008A1050938B1060938C1070938D100C9483
:10564000E9180091A2101091A3102091A41030919C
:10565000A510400F511F621F731F40938E1050936F
:105660008F1060939010709391100C94101900910A
:105670009E1010919F102091A0103091A110400F0A
:10568000511F621F731F40938A1050938B106093B9
:105690008C1070938D100C94490B0091A2101091F6
:1056A000A3102091A4103091A510400F511F621F2C
:1056B000731F40938E1050938F10609390107093CF
:1056C00091100C94700B00919A1010919B102091E6
:1056D0009C1030919D10400F511F621F731F40930B
:1056E00086105093871060938810709389100C94E3
:1056F000362300919A1010919B1020919C103091AC
:105700009D10400F511F621F731F409386105093CE
:10571000871060938810709389100C946123009116
:105720009E1010919F102091A0103091A110400F59
:10573000511F621F731F40938A1050938B10609308
:105740008C1070938D100C94200F0091A21010916A
:10575000A3102091A4103091A510400F511F621F7B
:10576000731F40938E1050938F106093901070931E
:1057700091100C94470F4091A6105091A710609182
:10578000A8107091A910840F951FA61FB71F8093B2
:10579000921090939310A0939410B09395100C9442
:1057A000BC1C4091A6105091A7106091A810709158
:1057B000A910840F951FA61FB71F80939210909376
:1057C0009310A0939410B09395100C94221AE0912A
:1057D000DD10F091DE10E80FF91FF093EB10E0936D
:1057E000EA10820F931F9093E2108093E1100C94C3
:1057F000331E8FEF9FEF0C94AE0C2091490F309128
:105800004A0F40E050E00C94C115009196101091A1
:1058100097102091981030919910400F511F621FDE
:10582000731F409382105093831060938410709381
:1058300085100C94461C4091A6105091A7106091C1
:10584000A8107091A910840F951FA61FB71F8093F1
:10585000921090939310A0939410B09395100C9481
:10586000810A4091A6105091A7106091A8107091E4
:10587000A910840F951FA61FB71F809392109093B5
:105880009310A0939410B09395100C946E0F4091C8
:10589000A6105091A7106091A8107091A910840FC4
:1058A000951FA61FB71F8093921090939310A093FB
:1058B0009410B09395100C943D074091A610509110
:1058C000A7106091A8107091A910840F951FA61FB2
:1058D000B71F8093921090939310A0939410B0935D
:1058E00095100C94371900919610109197102091F3
:1058F000981030919910400F511F621F731F4093F1
:1059000082105093831060938410709385100C94D0
:10591000AC1980913310882311F40C948A20809163
:10592000341090913510A0913610B09137108093BB
:10593000CD109093CE10A093CF10B093D01021E053
:105940002093D6100C942A1600919610109197105F
:105950002091981030919910400F511F621F731FB2
:10596000409382105093831060938410709385103D
:105970000C940A0A8091D610882311F40C94C20C5E
:105980000C94B20C4091A6105091A7106091A810F1
:105990007091A910840F951FA61FB71F80939210B6
:1059A00090939310A0939410B09395100C94970B30
:1059B000E091DD10F091DE10E80FF91FF093EB108D
:1059C000E093EA10820F931F9093E2108093E1100E
:1059D0000C94310EE091DD10F091DE10EA0FFB1F08
:1059E000F093EB10E093EA10A80FB91FB093E21008
:1059F000A093E1100C94B11D009196101091971096
:105A00002091981030919910400F511F621F731F01
:105A1000409382105093831060938410709385108C
:105A20000C94C606E091DD10F091DE10E80FF91F2E
:105A3000F093EB10E093EA10820F931F9093E21023
:105A40008093E1100C94791F00919610109197109B
:105A50002091981030919910400F511F621F731FB1
:105A6000409382105093831060938410709385103C
:105A70000C94C018009196101091971020919810D6
:105A800030919910400F511F621F731F4093821075
:105A90005093831060938410709385100C94200BA6
:105AA00000919610109197102091981030919910B4
:105AB000400F511F621F731F409382105093831039
:105AC00060938410709385100C94F70E6FEF70E064
:105AD00084E00E94E64DC0934C100E948D4EDC0184
:105AE000CB018D0F911DA11DB11D80934D10909381
:105AF0004E10A0934F10B09350100C94FA0D0091DB
:105B00009A1010919B1020919C1030919D10400F85
:105B1000511F621F731F409386105093871060932C
:105B20008810709389100C9478250091A210109120
:105B3000A3102091A4103091A510400F511F621F97
:105B4000731F40938E1050938F106093901070933A
:105B500091100C94E91A00919E1010919F102091C1
:105B6000A0103091A110400F511F621F731F40936E
:105B70008A1050938B1060938C1070938D100C943E
:105B8000C21A4091A6105091A7106091A810709170
:105B9000A910840F951FA61FB71F80939210909392
:105BA0009310A0939410B09395100C94101B8FEF4A
:105BB0009FEF0C941E168FE996E09093A9088093AE
:105BC000A808FC010C942A208FE996E09093A9087C
:105BD0008093A808DC010C94961600919610109101
:105BE00097102091981030919910400F511F621F0B
:105BF000731F4093821050938310609384107093AE
:105C000085100C94991A8FEF9FEF0C949C0C8FEFDA
:105C10009FEF0C9457248FE996E09093A908809306
:105C2000A808FC010C94B3208FE996E09093A90892
:105C30008093A808DC010C945D0D8FE996E09093A9
:105C4000A9088093A808FC010C94A2218FE996E092
:105C50009093A9088093A808FC010C94ED218FE98A
:105C600096E09093A9088093A808DC010C94090899
:105C70008FE996E09093A9088093A808FC010C9402
:105C800057218FE996E09093A9088093A808FC011A
:105C90000C9441228FE996E09093A9088093A8087C
:105CA000DC010C94AB128FE996E09093A9088093E5
:105CB000A808DC010C9486138FE996E09093A9085C
:105CC0008093A808DC010C945B148FE996E0909314
:105CD000A9088093A808FC010C9483238FE996E01F
:105CE0009093A9088093A808DC010C94F2118FE925
:105CF00096E09093A9088093A808FC010C94E222F6
:105D00008FE996E09093A9088093A808DC010C9491
:105D100039118FE996E09093A9088093A808FC01B7
:105D20000C94DE238FE996E09093A9088093A8084D
:105D3000DC010C943C1580E090E00C94D4168FE9C3
:105D400096E09093A9088093A808DC010C9425188C
:105D50008FE996E09093A9088093A808FC010C9421
:105D600001258FE996E09093A9088093A808DC01AB
:105D70000C940A108FE996E09093A9088093A808E4
:105D8000FC010C949C248FEF9FEF5CCA8FEF9FEF78
:105D90000C940C168FE996E09093A9088093A808BC
:105DA000DC010C94EA1D8FE996E09093A90880939A
:105DB000A808FC010C94A5258FE996E09093A9080A
:105DC0008093A808DC010C9454268FE996E0909308
:105DD000A9088093A808FC01C4C88FE996E09093B5
:105DE000A9088093A808FC0172C88FE996E09093F7
:105DF000A9088093A808FC01FEC88FE996E090935B
:105E0000A9088093A808DC010C9401278FE996E08B
:105E10009093A9088093A808DC017DC98091DF10C8
:105E20009091E0100C94B7078091DF109091E010F2
:105E30000C9458128091DF109091E0100C949F11F7
:105E40008091DF109091E0100C9408142F923F92F3
:105E50004F925F926F927F928F929F92AF92BF927A
:105E6000CF92DF92EF92FF920F931F93CF93DF9326
:105E70001092E2101092E1101092E0101092DF10D8
:105E80002091A5083091A6080FEF1FEF66246A94B1
:105E900077247394E9E05E2EF2E04F2EC5E9D4E05A
:105EA000EE24E394F12CBCEBCB2ED12C2115310543
:105EB000B1F080919302909194028C3B910509F48A
:105EC00051C0893E910509F4CDC1892B09F43CC22A
:105ED00010939402009393022115310551F710920B
:105EE0009B0410929C0410929D0410929E041092A8
:105EF00096041092950410929F081092A008109298
:105F0000A1081092A2081092A70881E090E0A0E0FA
:105F1000B0E08093970490939804A0939904B09371
:105F20009A04DF91CF911F910F91FF90EF90DF9036
:105F3000CF90BF90AF909F908F907F906F905F9029
:105F40004F903F902F9008950E948D4E6093BA0815
:105F50007093BB088093BC089093BD08D0929402C4
:105F6000C09293020E948D4E6093AA087093AB0872
:105F70008093AC089093AD088091A8089091A908EF
:105F80008F59944009F403C580919F089091A0080F
:105F9000A091A108B091A20829E0B695A795979580
:105FA00087952A95D1F79C01AD012F5F3F4F4F4F49
:105FB0005F4F80918C02833039F089E0220F331FCC
:105FC000441F551F8A95D1F761E187E892E00E944E
:105FD000BE4C882309F4C6C280E380938702809177
:105FE0008A02882321F087E892E00E945C4A80912F
:105FF0008E02815080938E02882309F475C50E9419
:106000008D4E8090AA089090AB08A090AC08B090FC
:10601000AD08DC01CB0188199909AA09BB09409197
:10602000AE085091AF086091B0087091B1084F5F11
:106030005F4F6F4F7F4F4093AE085093AF08609310
:10604000B0087093B1084091B2085091B3086091C4
:10605000B4087091B508480F591F6A1F7B1F409301
:10606000B2085093B3086093B4087093B508409198
:10607000B6085091B7086091B8087091B9084817F0
:1060800059076A077B0740F48093B6089093B708D6
:10609000A093B808B093B90880908B0290908702C3
:1060A0007091770260917802872F861B8F3F11F4E1
:1060B0000C941839E1E0E70FE0937702A72FB0E0E6
:1060C000AB58BE4F12961C928E2F861B8F3F09F441
:1060D000E1C682E0870F80937702F0E0EB58FE4F35
:1060E0005282282F30E03093800220937F02982F35
:1060F000961B9F3F11F40C94483A43E0470F40939E
:106100007702D901AB58BE4F12967C921297842F1A
:1061100090E0B42EB61A90937E0280937D02FFEF3A
:10612000BF1611F40C94B73A44E0470F409377023E
:10613000FC01EB58FE4F728212968C9112978F5F82
:1061400012968C93129782818F5F8283842F861B95
:106150008F3F11F40C94993A7B5F70937702E42F90
:10616000F0E0EB58FE4F5282B72EB61A12968C9181
:1061700012978F5F12968C931297992009F4EEC6AE
:1061800080917D0290917E02AC0155274B585E4F65
:10619000FA01A280A394A282FFEFBF1611F40C941F
:1061A000F23841E0470F40937702E72FF0E0EB58D9
:1061B000FE4F9282B42EB61A12965C9112975F5FD0
:1061C00012965C93019609F4C8C6882009F4B1C6FA
:1061D00080917D0290917E02DC01BB27AB58BE4FBF
:1061E00012962C9112972F5F12962C9312972FEFE5
:1061F000B21609F4DFC771E0740F70937702E42FD1
:10620000F0E0EB58FE4F828240917F025091800275
:106210009A013327F901EB58FE4F22812F5F228329
:10622000761B7F3F09F490C6019611F012966C928E
:1062300080917B028F5F80937B022091A508309133
:10624000A60834CE0E948D4E6093DA087093DB0866
:106250008093DC089093DD0889EE90E0909394029F
:10626000809393020E948D4E6093CA087093CB086E
:106270008093CC089093CD088090970490909804D8
:10628000A0909904B0909A04809173019091740148
:10629000892B09F085C087E892E00E94334B882360
:1062A00009F435C20E948D4E8090CA089090CB08A8
:1062B000A090CC08B090CD08DC01CB0188199909D9
:1062C000AA09BB094091CE085091CF086091D0082F
:1062D0007091D1084F5F5F4F6F4F7F4F4093CE0853
:1062E0005093CF086093D0087093D1084091D208A2
:1062F0005091D3086091D4087091D508480F591F68
:106300006A1F7B1F4093D2085093D3086093D40830
:106310007093D5084091D6085091D7086091D8085D
:106320007091D908481759076A077B0740F4809392
:10633000D6089093D708A093D808B093D908209195
:10634000A5083091A608B2CD2130310509F4FCCD65
:106350002230310509F476CF8091A70881111BC046
:1063600040919B0450919C0460919D0470919E0407
:1063700080919F089091A008A091A108B091A208D7
:10638000481759076A077B0731F0F092A608E09298
:10639000A50821E030E0109294021092930286CD7D
:1063A00087E892E00E94334B81117CCF20E030E0FF
:1063B000A9016DE087E892E00E94BE4C882309F4B1
:1063C000DEC290908B023091770220917802832F69
:1063D000821B8F3F09F4E0C5E1E0E30FE093770211
:1063E000A32FB0E0AB58BE4F12961C928E2F821B8B
:1063F0008F3F09F46DC762E0630F60937702F0E0AE
:10640000EB58FE4F83E08283862F90E090938002CA
:1064100080937F02462F421B4F3F11F40C94723A37
:1064200043E0430F40937702DC01AB58BE4F129616
:106430007C921297642F70E0542F521B70937E024F
:1064400060937D025F3F11F40C94833A44E0430F64
:1064500040937702FB01EB58FE4F5F017282129668
:106460005C9112975F5F12965C93129752815F5F07
:106470005283542F521B5F3F11F40C94773A3B5FC9
:106480003093770250E04B585E4F6CE0FA01628324
:10649000532F521B12964C9112974F5F12964C93AA
:1064A0001297F50142814F5F42835F3F09F404C7B1
:1064B00061E0630F60937702E32FF0E0EB58FE4F4B
:1064C00039E23283362F321B12964C9112974F5F6E
:1064D00012964C93992009F4DAC6DC01AB58BE4FF2
:1064E00020907D0230907E02A10155274B585E4FCF
:1064F000FA0172817F5F72833F3F09F4C2C731E0C6
:10650000360F30937702E62FF0E0EB58FE4F928281
:1065100012966C9112976F5F12966C93321B3F3FED
:1065200009F4E5C62320209419F0DA0112966C9242
:1065300080917B028F5F80937B020E94FE4080915E
:106540008A02882321F087E892E00E945C4A109238
:1065500074011092730185E080938F0292E0892E7E
:10656000912C3EC140E052E06FE974E087E892E090
:106570000E94AB4A882309F432CD80918A028111AE
:106580004BC685E080938E020E948D4E8090AA08B3
:106590009090AB08A090AC08B090AD08DC01CB01A6
:1065A00088199909AA09BB094091AE085091AF0812
:1065B0006091B0087091B1084F5F5F4F6F4F7F4F90
:1065C0004093AE085093AF086093B0087093B10841
:1065D0004091B2085091B3086091B4087091B50829
:1065E000480F591F6A1F7B1F4093B2085093B3088E
:1065F0006093B4087093B5084091B6085091B708FD
:106600006091B8087091B908481759076A077B0765
:1066100040F48093B6089093B708A093B808B0935D
:10662000B9080E948D4E8090BA089090BB08A09047
:10663000BC08B090BD08DC01CB0188199909AA09F2
:10664000BB094091BE085091BF086091C00870918D
:10665000C1084F5F5F4F6F4F7F4F4093BE0850930D
:10666000BF086093C0087093C1084091C208509160
:10667000C3086091C4087091C508480F591F6A1F6C
:106680007B1F4093C2085093C3086093C408709363
:10669000C5084091C6085091C7086091C80870911C
:1066A000C908481759076A077B0740F48093C60852
:1066B0009093C708A093C808B093C90880919B0421
:1066C00090919C04A0919D04B0919E0440919F08DC
:1066D0005091A0086091A1087091A208841B950BAD
:1066E000A60BB70B811552E09507A105B10510F077
:1066F00080E092E09093A4088093A3081092A608EB
:106700001092A5087092A70820E030E044CEA501C1
:10671000940100908D0204C0220F331F441F551FA7
:106720000A94D2F768E187E892E00E94BE4C81119A
:10673000A5C2A5E9B2E080E090E02D91E92FFF2706
:10674000E227EE0FFF1FE85EF64F25913491982F58
:10675000882782279327F4E0A539BF0771F72EEF2A
:106760002EBD0DB407FEFDCF209195022EBD2091C8
:106770009602E7E9F2E00DB407FEFDCF2EBDCE177D
:10678000DF0711F02191F7CF0DB407FEFDCF9EBDBD
:106790000DB407FEFDCF8EBD0DB407FEFDCF6EBC60
:1067A0000DB407FEFDCF8EB580938B028F718530BF
:1067B00009F422C387E58093870280918A028823A7
:1067C00021F087E892E00E945C4A80918F0281501C
:1067D00080938F02882309F416C488248394912C13
:1067E0000E948D4E2091CA083091CB084091CC0870
:1067F0005091CD08DC01CB01821B930BA40BB50B90
:106800004091CE085091CF086091D0087091D10886
:106810004F5F5F4F6F4F7F4F4093CE085093CF082D
:106820006093D0087093D1084091D2085091D3085A
:106830006091D4087091D508480F591F6A1F7B1FBB
:106840004093D2085093D3086093D4087093D5082E
:106850004091D6085091D7086091D8087091D90816
:10686000481759076A077B0740F48093D60890932E
:10687000D708A093D808B093D9088A94892809F436
:10688000CBC00E948D4E8090DA089090DB08A090DB
:10689000DC08B090DD08DC01CB0188199909AA0950
:1068A000BB094091DE085091DF086091E0087091CB
:1068B000E1084F5F5F4F6F4F7F4F4093DE0850936B
:1068C000DF086093E0087093E1084091E20850917E
:1068D000E3086091E4087091E508480F591F6A1FAA
:1068E0007B1F4093E2085093E3086093E4087093A1
:1068F000E5084091E6085091E7086091E80870913A
:10690000E908481759076A077B0740F48093E608AF
:106910009093E708A093E808B093E90880919B045E
:1069200090919C04A0919D04B0919E049E5FAF4FF6
:10693000BF4F80939B0490939C04A0939D04B093BD
:106940009E04109296041092950480919704909161
:106950009804A0919904B0919A040196A11DB11DCB
:106960008093970490939804A0939904B0939A0409
:106970001092A6081092A50820E030E00CCD6EBC65
:106980000DB407FEFDCF8EB581111BCDD8CD809102
:106990009F089091A008A091A108B091A20879E069
:1069A000B695A795979587957A95D1F79C01AD01F6
:1069B0002F5F3F4F4F4F5F4F80918C02833039F0F4
:1069C00069E0220F331F441F551F6A95D1F761E11B
:1069D00087E892E00E94BE4C882309F4F7C380E365
:1069E0008093870280918A02882321F087E892E0D1
:1069F0000E945C4A80918E02815080938E028111A8
:106A0000FECA20918B024091870269E083E00E94D8
:106A100091560E94FE40F3CA80908B0290908702AC
:106A20007091770260917802872F861B8F3F09F45F
:106A3000F8C3E1E0E70FE0937702A72FB0E0AB588F
:106A4000BE4F12961C928E2F861B8F3F09F454C2A4
:106A500042E0470F40937702F0E0EB58FE4F52823E
:106A6000242F30E03093800220937F02842F861BF6
:106A70008F3F09F41CC543E0470F40937702D901CB
:106A8000AB58BE4F12967C921297842F90E0B42E92
:106A9000B61A90937E0280937D02EFEFBE1609F442
:106AA00066C544E0470F40937702FC01EB58FE4F68
:106AB000728212968C9112978F5F12968C93129716
:106AC00082818F5F8283842F861B8F3F09F431C5BB
:106AD0007B5F70937702E42FF0E0EB58FE4F8CE081
:106AE0008283B72EB61A42CB80908B029090870299
:106AF000A0917702609178028A2F861B8F3F09F45C
:106B000084C141E04A0F409377028A2F90E0FC0154
:106B1000EB58FE4F1282842F861B8F3F09F4D0C39F
:106B200082E08A0F80937702E42FF0E0EB58FE4F6B
:106B300093E09283282F30E03093800220937F02ED
:106B4000982F961B9F3F09F4B5C483E08A0F80936A
:106B50007702A9014B585E4F5A01FA017282482F01
:106B600050E0782F761B50937E0240937D027F3F4A
:106B700009F4E3C484E08A0F809377024B585E4F98
:106B8000FA017282F50192819F5F9283FA019281EC
:106B90009F5F9283982F961B9F3F09F4CCC4AB5FF5
:106BA000A093770290E08B589E4FFC0152827A2F7F
:106BB000761BF50182818F5F8283992009F447C398
:106BC00080917D0290917E02AC0155274B585E4F1B
:106BD000FA01B281BF5FB2837F3F09F42EC441E066
:106BE0004A0F40937702B0E0AB58BE4F12969C928A
:106BF000742F761BD50112965C9112975F5F1296E7
:106C00005C93019609F4A5C4882009F418C3809107
:106C10007D0290917E02DC01BB27AB58BE4F1296DD
:106C20002C9112972F5F12962C9312977F3F09F4A5
:106C30000DC471E0740F70937702E42FF0E0EB580D
:106C4000FE4F828240917F02509180029A01332749
:106C5000F901EB58FE4F22812F5F2283761B7F3F85
:106C600009F414C1019611F012966C9280917B0286
:106C70008F5F80937B020E94FE40C1C980908B028F
:106C80004091770250917802842F851B8F3F09F441
:106C9000A3C3E1E0E40FE0937702A42FB0E0AB5888
:106CA000BE4F12961C928E2F851B8F3F09F4DAC3BC
:106CB00062E0640F60937702F0E0EB58FE4F83E0F0
:106CC0008283862F90E09093800280937F02262F0C
:106CD000251B2F3F09F403C4B3E0BB2EB40EB092C2
:106CE0007702FC01EB58FE4F72826B2D70E0AB2CEB
:106CF000A51A70937E0260937D02AFEFAA1609F485
:106D00005AC4A4E0BA2EB40EB09277029B012B585D
:106D10003E4FD90112967C92B281BF5FB283D901F6
:106D20001296AC901297A3941296AC92BB2DB51B01
:106D3000BF3F09F43DC44B5F40937702AB2DB0E0F9
:106D4000AB58BE4F6CE012966C93A42EA51A6281CC
:106D50006F5F6283D90112966C9112976F5F1296E2
:106D60006C93BFEFAB1609F46DC399249394940E02
:106D700090927702A42FB0E0AB58BE4F22E3129658
:106D80002C93492D451B22812F5F2283882009F4F3
:106D900086C2FC01EB58FE4F60917D0270917E022D
:106DA0009B0133272B583E4FD9011296BC90129766
:106DB000B3941296BC924F3F09F475C341E0490D5C
:106DC00040937702A92DB0E0AB58BE4F12968C923B
:106DD000A281AF5FA283451B4F3F09F467C26F3F9B
:106DE0007F4F11F0F901628280917B028F5F809367
:106DF0007B020E94FE409DCC87E892E00E94A54A5B
:106E0000F0927401E09273014DCA2A2F30E0E091B4
:106E10007F02F091800230937E0220937D02FF2753
:106E2000CF018B589E4F5C01FC0182818F5F828372
:106E30002B583E4FF90182818F5F8283F501828159
:106E40008F5F8283992009F49FC280917D02909187
:106E50007E029C0133272B583E4FF90142814F5F40
:106E60004283F50122812F5F22838F3FFFEF9F072F
:106E700009F440C34A2F7FEF8110CDCE10937E02DC
:106E800000937D0240917F025091800242504093D6
:106E90007702F1CE2E2F30E0A0917F02B0918002D8
:106EA0007E2F30937E0220937D02BB27AB58BE4FCE
:106EB00012968C9112978F5F12968C931297F9010C
:106EC000EB58FE4F82818F5F828312968C911297CE
:106ED0008F5F12968C931297992009F401C28091CA
:106EE0007D0290917E029C013327F901EB58FE4F01
:106EF00022812F5F228379C18E2F90E020917F0223
:106F0000309180027E2F90937E0280937D02332702
:106F1000D901AB58BE4F12962C9112972F5F129643
:106F20002C931297FC01EB58FE4F82818F5F828376
:106F3000CCCF10937E0200937D02FFEFBF1278C981
:106F400040917F02509180024250409377022091FD
:106F5000A5083091A6080C94562F742FD901AB5870
:106F6000BE4F872F90E090937E0280937D02EFEFDB
:106F7000BE1609F49FC141E0470F40937702FC0120
:106F8000EB58FE4F7282B42EB61A12968C9112975D
:106F90008F5F12968C9319C9832F90E040917F02E6
:106FA0005091800290937E0280937D02DA01BB278C
:106FB000AB58BE4F12966C9112976F5F12966C93FE
:106FC0001297BC01FC01EB58FE4F82818F5F8283D8
:106FD00012968C9112978F5F12968C931297FB01E9
:106FE000EB58FE4F82818F5F8283CA0112964C91CB
:106FF00012974F5F12964C931297992009F473C120
:10700000632F3FEF6DCA80908B0290908702B09003
:107010007702609178028B2D861B8F3F09F42AC27C
:1070200051E05B0D509377028B2D90E08B589E4F73
:10703000DC0112961C92852F861B8F3F09F42BC210
:1070400042E04B0D40937702A52FB0E0AB58BE4F06
:1070500083E012968C93242F30E0309380022093AB
:107060007F02842F861B8F3F09F445C183E08B0D7F
:1070700080937702F901EB58FE4F1F017282482F6F
:1070800050E0782F761B50937E0240937D027F3F25
:1070900009F446C284E08B0D809377024B585E4F13
:1070A000DA0112967C92129792819F5F92831296D8
:1070B0009C9112979F5F12969C93982F961B9F3FCF
:1070C00009F452C2B5E0BB0EB092770290E08B5843
:1070D0009E4F4CE0FC0142837B2D761BD101129622
:1070E0008C9112978F5F12968C93992009F457C157
:1070F00080917D0290917E02AC0155274B585E4FE6
:10710000DA011296FC911297FF5F1296FC937F3F73
:1071100009F4D3C141E04B0D40937702EB2DF0E031
:10712000EB58FE4F9282742F761BF10152815F5F04
:107130005283019609F432C1882009F427C1809155
:107140007D0290917E029C013327D901AB58BE4F3E
:1071500012962C9112972F5F12962C9312977F3FC5
:1071600009F4B1C171E0740F7093770250E0FA0135
:10717000EB58FE4F828240917F02509180029A012B
:107180003327F901EB58FE4F22812F5F2283761BB4
:107190007F3F09F4F5C0019611F012966C92809130
:1071A0007B028F5F80937B020E94FE408824839441
:1071B000912C16CB40917F0250918002FA01FF275B
:1071C000EB58FE4F82818F5F8283BECE40E052E05B
:1071D0006FE976E087E892E00E94AB4A882309F4E1
:1071E00001CCCBC9D901AB58BE4F12962C91129746
:1071F0002F5F12962C9312978F3FFFEF9F0709F492
:10720000CDC1472FBB24BA9481100C94EC3010935D
:107210007E0200937D0294CE87E892E00E945C4A51
:10722000B0C9872F90E020917F02309180026BCE11
:10723000272F30E0A0917F02B091800232CE1093D0
:107240007E0200937D027F3F09F010CD1BCEA90185
:107250004B585E4F5A018A2F90E090937E028093A4
:107260007D027F3F09F42DC141E04A0F4093770230
:10727000DC01AB58BE4F12967C92742F761BD50161
:1072800012968C9112978F5F12968C93BDCC1093AF
:107290007E0200937D023F3F09F04AC928C0109347
:1072A0007E0200937D024F3F09F09ECD8250809375
:1072B00077029FCD472F69CEDC01AB58BE4F96CEEB
:1072C000242F30E0E0917F02F0918002A42FA3CD23
:1072D0008E2F90E040917F02509180023E2F62CE2F
:1072E000BB24BA943ECE10937E0200937D0282505E
:1072F0008093770222C9C901B42E90937E028093B5
:107300007D023327D901AB58BE4F12962C911297AC
:107310002F5F12962C9312978B589E4FFC0122815F
:107320002F5F228312968C9112978F5F12968C9307
:107330001297992009F430C180917D0290917E02CC
:107340009C0133272B583E4FF90142814F5F428306
:1073500012962C9112972F5F12962C9312978F3FB3
:10736000EFEF9E0709F40FC14B2D7FEF8110EBCE9D
:1073700010937E0200937D0240917F025091800223
:1073800042504093770210CF7FEF65CF10937E027B
:1073900000937D027F3F09F002CFEECFB42ED901DA
:1073A000AB58BE4F8B2D90E090937E0280937D0270
:1073B0007F3F09F49AC041E04B0D40937702FC01F6
:1073C000EB58FE4F7282742F761B12968C91129797
:1073D0008F5F12968C93B0CE842F90E020917F0225
:1073E0003091800290937E0280937D02F901FF2705
:1073F000EB58FE4F62816F5F6283BC01DC01AB58CA
:10740000BE4F12968C9112978F5F12968C93828149
:107410008F5F8283DB01AB58BE4F12968C9112971F
:107420008F5F12968C93C90122812F5F228388205F
:1074300009F495C0942E4FEFAFCCA9014B585E4F85
:107440005A010FCDFC01EB58FE4FEECF40917F0269
:1074500050918002FA01FF27EB58FE4F82818F5F27
:10746000828314CD8E2F90E020917F023091800294
:107470004E2FB8CF8B2D90E020917F02309180026B
:107480003CCF12962C9112972F5F12962C932FCFF0
:10749000D901782F06CD852F90E020917F02309181
:1074A0008002B52E2ACF22812F5F2283FFCEC90111
:1074B000742F29CDF901A82FAECCD901AB58BE4FFE
:1074C00047CF4A2FDCCE40917F0250918002FA01D3
:1074D000FF27EB58FE4F82818F5F828351CF9C0143
:1074E000462F80CFAC01362F5DCD4B2D6ECF342F84
:1074F000AC016ECD8A2F90E090937E0280937D0246
:107500004A2F7FEFBCCE12964C921297FB01EB589C
:10751000FE4F5F0132813F5F3283342F0C944A3239
:107520004282FA01EB58FE4F92819F5F9283B82E00
:10753000D5CD742FCACCA82F81CC4282DA01AB58AA
:10754000BE4F12969C9112979F5F12969C93A82F04
:1075500030CBA42FF901EB58FE4F5F017CCE109386
:107560007E0200937D02A2CEB82EDF01DBCE129602
:107570004C9212978B589E4FFC0152815F5F528351
:10758000742F0C94B6308B2D90E090937E028093F4
:107590007D024B2D7FEF19CF7FEF04CF872F90E037
:1075A00090937E0280937D02472FBB24BA94EDCC4A
:1075B0004B2D9C012CCF42829B012B583E4FD90171
:1075C00012964C9112974F5F12964C934B2DBFCB56
:1075D0002F923F924F925F926F927F928F929F92E3
:1075E000AF92BF92DF92EF92FF920F931F93CF93D0
:1075F000DF93CDB7DEB760970FB6F894DEBF0FBE4E
:10760000CDBFF89498E288E10FB6F894A8958093DE
:1076100060000FBE90936000809191008F7E8093F8
:1076200091008091910088608093910080919000FA
:107630008D7F80939000809190008E7F809390004A
:10764000809190008F7380939000809190008F7C48
:107650008093900080919100887F82608093910058
:1076600080E090E4909399008093980090939B0021
:1076700080939A001092950010929400E6E2FBE04D
:10768000849190E0880F991FFC01E85EF44F2591EA
:1076900034913093F2102093F110FC01E457F44F31
:1076A000259134913093F0102093EF108E57944F22
:1076B000FC01859194919093EE108093ED10E6E497
:1076C000FBE0E491E093EC109FB7F894E091ED10AB
:1076D000F091EE1020818091EC10822B80839FBF6F
:1076E0006FEF70E084E00E94E64D86E480934C10DA
:1076F0000E948D4EDC01CB018C599F4FAF4FBF4F85
:1077000080934D1090934E10A0934F10B093501053
:107710009FB7F894E091F810F091F91020818091D2
:10772000F710822B80839FBFE1E4FBE0849190E01F
:10773000880F991FFC01E85EF44F25913491309336
:10774000F6102093F510FC01E457F44F2591349185
:107750003093F9102093F8108E57944FFC018591C7
:1077600094919093F4108093F310E1E6FBE0E491A0
:10777000E093F7109FB7F894E091F310F091F410B4
:1077800020818091F710822B80839FBF9FB7F89450
:10779000E091F810F091F91020818091F710822B80
:1077A00080839FBF9FB7F894E091F011F091F111A1
:1077B00020818091EF11822B80839FBFEDE3FBE05E
:1077C000849190E0880F991FFC01E85EF44F2591A9
:1077D00034913093FD102093FC10FC01E457F44FDA
:1077E000259134913093F1112093F0118E57944FDD
:1077F000FC01859194919093FB108093FA10EDE534
:10780000FBE0E491E093EF119FB7F894E091FA1058
:10781000F091FB1020818091EF11822B80839FBF1C
:107820009FB7F894E091F011F091F11120818091CF
:10783000EF11822B80839FBFE9E2FBE0849190E00F
:10784000880F991FFC01E85EF44F25913491309325
:10785000011120930011FC01E457F44F259134915C
:1078600030930411209303118E57944FFC0185919E
:1078700094919093FF108093FE10E9E4FBE0E49173
:10788000E09302119FB7F894E091FE10F091FF1081
:10789000208180910211822B80839FBF2FB7F894A3
:1078A000E0910311F0910411808190910211909563
:1078B000892380832FBFE7E2FBE0849190E0880F6B
:1078C000991FFC01E85EF44F259134913093081123
:1078D00020930711FC01E457F44F25913491309324
:1078E0000B1120930A118E57944FFC0185919491AE
:1078F0009093061180930511E7E4FBE0E491E09397
:1079000009119FB7F894E0910511F09106112081BB
:1079100080910911822B80839FBF2FB7F894E0914B
:107920000A11F0910B118081909109119095892392
:1079300080832FBF62E086E00E94A54D1092C000B8
:107940001092C50081E08093C4008091C1008061E5
:107950008093C1008091C10088608093C1008091B4
:10796000C10080688093C100EFE2FBE0849190E069
:10797000880F991FFC01E85EF44F259134913093F4
:10798000C5112093C411FC01E457F44F25913491A3
:107990003093C3112093C2118E57944FFC018591EF
:1079A00094919093C1118093C011EFE4FBE0E491B6
:1079B000E093BF119FB7F894E091C011F091C1110D
:1079C00020818091BF11822B80839FBFEEE2FBE07C
:1079D000849190E0880F991FFC01E85EF44F259197
:1079E00034913093BE112093BD11FC01E457F44F44
:1079F000259134913093BC112093BB118E57944F35
:107A0000FC01859194919093BA118093B911EEE4A1
:107A1000FBE0E491E093B8119FB7F894E091B911BD
:107A2000F091BA1120818091B811822B80839FBF81
:107A30002FB7F894E091BB11F091BC118081909127
:107A4000B8119095892380832FBF10927E0080917A
:107A50007E00806880937E0080917E0080648093A9
:107A60007E0087EC80937A0080917A0086FDFCCFBF
:107A70001092FA0E1092FB0E1092FC0E1092FD0E58
:107A80001092FE0E1092FF0E1092000F1092010F36
:107A90001092020F1092030F1092040F1092050F14
:107AA0001092060F80E590E09093700180936F0133
:107AB00089E09FE09093F90E8093F80E3D9A459AE5
:107AC0003F9A479A229A2A9A209A289A0E946C4FA3
:107AD0000E946C4F9FB7F894E091F711F091F81164
:107AE00020818091F611822B80839FBFECE3FBE025
:107AF000849190E0880F991FFC01E85EF44F259176
:107B0000349130930F1120930E11FC01E457F44F80
:107B1000259134913093F8112093F7118E57944F9B
:107B2000FC018591949190930D1180930C11ECE5DB
:107B3000FBE0E491E093F6119FB7F894E0910C110B
:107B4000F0910D1120818091F611822B80839FBFCF
:107B50009FB7F894E091F711F091F811208180918E
:107B6000F611822B80839FBF0E946C4FE4E3FBE001
:107B7000849190E0880F991FFC01E85EF44F2591F5
:107B800034913093B4112093B311FC01E457F44FB6
:107B90002591349130931311209312118E57944FE5
:107BA000FC01859194919093111180931011E4E55B
:107BB000FBE0E491E093B2112FB7F894E09110113B
:107BC000F091111180819091B21190958923808359
:107BD0002FBF9FB7F894E0911211F09113112081FB
:107BE0008091B211822B80839FBFE5E3FBE08491FB
:107BF00090E0880F991FFC01E85EF44F25913491C5
:107C00003093B1112093B011FC01E457F44F25914A
:107C1000349130931711209316118E57944FFC0115
:107C2000859194919093151180931411E5E5FBE0F3
:107C3000E491E093AF112FB7F894E0911411F09113
:107C4000151180819091AF119095892380832FBF6A
:107C50009FB7F894E0911611F0911711208180914F
:107C6000AF11822B80839FBFE6E3FBE0849190E01D
:107C7000880F991FFC01E85EF44F259134913093F1
:107C8000AE112093AD11FC01E457F44F25913491CE
:107C900030931B1120931A118E57944FFC0185913C
:107CA00094919093191180931811E6E5FBE0E4910B
:107CB000E093AC112FB7F894E0911811F0911911DD
:107CC00080819091AC119095892380832FBF9FB7BD
:107CD000F894E0911A11F0911B1120818091AC1160
:107CE000822B80839FBF579A5F983E9A4698239A2B
:107CF0002B98219A29987894D12C10EA212E312C96
:107D000010928A021092870210928C0280E992E00F
:107D100090938902809388020E948D4E4B015C01F2
:107D200000918802109189028FE1F801828361E05D
:107D30000E94A54D61E0F80182810E94724DE091A0
:107D40008802F091890282E58083118280918A0203
:107D5000882309F483C1E0918802F091890261E0EF
:107D600082810E94724D8AE09FEF9EBD0DB407FE96
:107D7000FDCF8150D1F7E0918802F091890260E057
:107D800082810E94724D0AE07DEFF72E1FEF20E006
:107D900030E0A90160E087E892E00E94BE4C8130AB
:107DA00009F46CC1015071F0FEBC0DB407FEFDCFAB
:107DB00088E092E01EBD0DB407FEFDCF2EB5019701
:107DC000C9F7E5CF80E28093870280918A028823F9
:107DD00021F087E892E00E945C4A6091870270E09F
:107DE00080E090E00E94545460917B0283E0682E12
:107DF000712C01E010E092E0892E912C24E0A22E5B
:107E0000B12C44244A94542C42E7E42EF12C6623EE
:107E100081F180917501909176018B37910509F47C
:107E200068C008F4EAC0833A910509F4C9C008F4AF
:107E300010C1863A910509F4D1C0893A910509F03B
:107E4000E4C0615060937B0261110DC09091770294
:107E500080917802981739F068E071E08EEA90E03E
:107E600033D360917B0210927601109275016111FB
:107E7000D0CF10927B021092780210927702A895D0
:107E800068EB7BE080E090E00E94564ED394F5E0F2
:107E9000DF1236CF68E083E00E94A04BAFD10E9492
:107EA0003B560E948D4E60931C1170931D11809360
:107EB0001E1190931F1160960FB6F894DEBF0FBE8F
:107EC000CDBFDF91CF911F910F91FF90EF90DF9089
:107ED000BF90AF909F908F907F906F905F904F90EA
:107EE0003F902F9008958BE790E0909376018093D8
:107EF00075018091C00085FF8ACF20917C0220937C
:107F0000C600E0917802EF5FE093780280917902F9
:107F100090917A028227082E8295807F8025092EF3
:107F2000982F82958F700826869598278927880F25
:107F3000880F880F802590937A0280937902209190
:107F40007702E21761F0F0E0EB58FE4F82818093F8
:107F50007C028111C8CF8091790290917A02492FD9
:107F6000552750938402409383029C01332730931A
:107F7000860220938502892B09F075C0B092820297
:107F8000A09281024F5F5F4F50938402409383021F
:107F90002F5F3F4F30938602209385023092760107
:107FA000209275018091C00085FF31CF80918102C0
:107FB0008093C600E3EAF0E0F0937601E093750168
:107FC0008091C00085FF23CF809185028093C600F9
:107FD00086EA90E090937601809375018091C000CD
:107FE00085FF15CF809183028093C600E9EAF0E017
:107FF000F0937601E093750124CF8C36910551F012
:1080000082379105B9F0892B29F050927601409280
:108010007501FDCEE091780281E08E0F80937802A9
:10802000F0E0EB58FE4F828180937C02F092760163
:10803000E09275018091C00085FFE9CE80917C02BD
:108040008093C60050927A0240927902E0917802C1
:108050007ACF803A910509F4A5CFD7CF87E892E08F
:108060000E946D4A78CE452BC9F49092820280928C
:108070008102109384020093830290CF21E030E0CC
:1080800040E050E06BE387E892E00E94BE4C182F7E
:10809000813059F088E38093870297CE232B09F132
:1080A000109382020093810279CF2AEA31E040E006
:1080B00050E068E087E892E00E94BE4C8530D1F045
:1080C00084E02FEF2EBD0DB407FEFDCF9EB590933B
:1080D0008B028150B9F79A3A71F185E28093870259
:1080E00074CE709282026092810210938602009395
:1080F000850254CF10938C02412C512C320120E088
:1081000030E0A90167E387E892E00E94BE4CA3013A
:10811000920169E287E892E00E94BE4C8823A1F0B8
:108120000E948D4E68197909613D774040F383E4E0
:10813000809387024ACE82E080938C02412C512C9E
:10814000612C60E4762EDBCF80918C02823049F185
:1081500080918A02882321F087E892E00E945C4A9D
:10816000E0918802F091890280E5808381E081833B
:1081700080918C02833049F189E080938D02BE01A9
:108180006F5F7F4F87E892E00E9465568823B9F0C1
:108190008B8586FF14C085E080938E0280938F02CA
:1081A0007ECE20E030E0A9016AE387E892E00E94F9
:1081B000BE4C882369F087E38093870206CE6FE187
:1081C00071E086E991E080D1E6CF10928D02D7CFA1
:1081D0008FEF8EBD0DB407FEFDCF8EB5807C803C49
:1081E00019F483E080938C0283E09FEF9EBD0DB471
:1081F00007FEFDCF2EB58150C9F7AACF2F923F922F
:108200004F925F926F927F928F929F92AF92BF92A6
:10821000CF92DF92EF92FF920F931F93CF93DF9352
:10822000F8940E94E34E0E9475591092111010921A
:1082300047101092461020917B0239EAE32EF12C70
:1082400046EAC42ED12C53EA652E712C60EAA62E84
:10825000B12C44244394512CE4E02E2E312CFBE726
:108260008F2E912CCFEFDFEF02E710E0222381F178
:1082700080917501909176018B37910509F450C07A
:1082800008F455C0833A910509F46EC008F45DC046
:10829000863A910509F474C0893A910509F050C0F5
:1082A000215020937B0221110DC090917702809183
:1082B0007802981739F068E071E08EEA90E004D116
:1082C00020917B0210927601109275012111D0CF7E
:1082D00010927B021092780210927702C8EED3E0DF
:1082E00061E070E080E090E00E94564EA8952197F2
:1082F000B9F7DF91CF911F910F91FF90EF90DF9031
:10830000CF90BF90AF909F908F907F906F905F9035
:108310004F903F902F900895909276018092750132
:108320008091C00085FD93C020917B029FCF8C3649
:108330009105A9F18237910509F441C0892B79F1A2
:10834000D0937601C093750191CF803A9105C1F722
:108350008091C00085FFE8CF809181028093C600A4
:1083600070927601609275018091C00085FFDCCF2C
:10837000809185028093C600D0927601C0927501EB
:108380008091C00085FFD0CF809183028093C6008A
:10839000F0927601E092750120917B0281CFE0910D
:1083A000780281E08E0F80937802F0E0EB58FE4F68
:1083B000828180937C0210937601009375018091F5
:1083C000C00085FF53CF80917C028093C600D0937C
:1083D0007A02C0937902E0917802F0E0EB58FE4F08
:1083E000828180937C02811197CF80917902909154
:1083F0007A02292F33273093840220938302AC0121
:1084000055275093860240938502892BA9F4309218
:108410008202209281022F5F3F4F3093840220938B
:1084200083024F5F5F4F5093860240938502B09264
:108430007601A09275018CCF232B09F42FC0452B18
:1084400009F437C05092820240928102F0CF20910D
:108450007C022093C600E0917802EF5FE0937802FF
:108460008091790290917A028227082E8295807FEE
:108470008025092E982F82958F700826869598273B
:108480008927880F880F880F802590937A02809320
:10849000790220917702E213A0CFABCF82E090E087
:1084A00090938202809381025092840240928302D0
:1084B000BECF83E090E0909382028093810250923D
:1084C000860240928502B3CFCF92DF92EF92FF9265
:1084D0000F931F93CF93DF9300D0CDB7DEB78C01FE
:1084E0006B01F8940E94E34E0E94755910927B0232
:1084F000109278021092770193E09093780122E035
:1085000030E03093800220937F0223E030E030930C
:108510007E0220937D0282E080937A0185E0809341
:10852000770286E080937B01909379011A83098317
:1085300083E090E015E0DE011196BE016D5F7F4F94
:1085400045E0F42E01E04D912F3F3F4F09F4C2C0AA
:10855000442309F4D2C09C0133272B583E4FF90124
:1085600052815F5F5283FFEFFF1609F4EFC011E005
:108570001F0DEF2DF0E0EB58FE4F4283312FF12E0F
:10858000209179012F5F20937901A617B70709F091
:108590009BC04F2D90937E0280937D0210937702B3
:1085A000D6010D900020E9F711977D01EC18FD0828
:1085B0007E2D019609F4CCC0772309F4B8C0E09170
:1085C0007D02F0917E02CF0199278B589E4FDC01EE
:1085D00012962C9112972F5F12962C933F3F09F41D
:1085E000D4C001E0040F00937702842F90E08B58F1
:1085F0009E4FDC011296EC9220917F023091800216
:1086000033272B583E4FD90112968C9112978F5FCA
:1086100012968C931C2DD601FF24F3944FEF5FEF3D
:1086200023C0E0917D02F0917E02FF27EB58FE4FC0
:1086300082818F5F82830F3F09F477C061E0600F12
:1086400060937702E02FF0E0EB58FE4F9283062F05
:10865000F90182818F5F82838A2F811B871798F4AB
:10866000E0917D02F0917E029D91319609F449C01E
:108670009111D7CF50937E0240937D02602F8A2FB5
:10868000811B871768F36F3F09F45AC080917D0200
:1086900090917E028F3FFFEF9F0731F09927FC01F9
:1086A000EB58FE4F8FEF828380917B028F5F809328
:1086B0007B020F900F90DF91CF911F910F91FF9050
:1086C000EF90DF90CF909ACD9C014D912F3F3F4F7F
:1086D00009F03ECF8F2D90E0EFEFFE1639F011E05C
:1086E0001F0DFC01EB58FE4F0283F12E2091790102
:1086F0002F5F2093790141112ECF3F2D8FEF9FEFF8
:1087000044CFC02ED12CD0927E02C0927D020F3F6A
:1087100039F00F5F00937702F601EB58FE4FF282BB
:10872000F90182818F5F8283A3CF6FEF91CF8FEFAB
:108730009FEF90937E0280937D023F3F09F0B4CF7C
:1087400080917F02825080937702B3CF3FEF18CFA2
:10875000842F90E090937E0280937D023F3F49F00A
:108760004F5F40937702FC01EB58FE4F21E02283DC
:10877000342F80917F02909180029927FC01EB5861
:10878000FE4F22812F5F228317CF042F35CF8F9288
:108790009F92AF92BF92CF92DF92EF92FF920F9390
:1087A0001F93CF93DF93EC018C859D858C3B9105C6
:1087B00009F451C0893E910509F4E6C0892B91F076
:1087C0008FEF9FEF9D878C8780E0DF91CF911F9186
:1087D0000F91FF90EF90DF90CF90BF90AF909F9060
:1087E0008F900895FE01E25EF94F80819181813082
:1087F000910521F1029709F4BAC0DE01A05EB94FDC
:108800008C91811117C0AC50B4404D915D916D9128
:108810007C911397AC5FBB4F8D919D910D90BC9156
:10882000A02D481759076A077B0721F081E090E0E7
:10883000918380831D861C8681E0C7CF0E948D4E68
:10884000FE01ED5CF94F60837183828393838CEB2F
:1088500090E09D878C870E948D4E8E010D5D194F93
:10886000F80160837183828393836E01F8EECF1ADF
:10887000FDEFDF0AFE01EF5DF94F808191817E01FE
:108880008C159D0509F4ACC2F8EEEF1AF9EFFF0A5A
:10889000F70180819181A281B381F9E0B695A79516
:1088A00097958795FA95D1F79C01AD012F5F3F4FC2
:1088B0004F4F5F4F8D81833039F0E9E0220F331F36
:1088C000441F551FEA95D1F761E1CE010E94BE4CCD
:1088D000882309F4F2C080E388838B81882311F018
:1088E000CE01EAD58F8181508F83882309F4BAC2E3
:1088F0000E948D4EF8010081118122813381DC01BB
:10890000CB01801B910BA20BB30BFE01E95DF94F6C
:1089100000811181228133810F5F1F4F2F4F3F4F05
:108920000083118322833383349600811181228155
:108930003381080F191F2A1F3B1F008311832283D5
:1089400033833496008111812281338108171907FE
:108950002A073B0720F480839183A283B3832C8171
:10896000488169E089E00E94915681E02ECF0E9403
:108970008D4EFE01ED5AF94F60837183828393839C
:1089800089EE90E09D878C870E948D4E7E012DEBB5
:10899000E21A29EFF20AF7016083718382839383DD
:1089A0008E01005F1D4FF80180809180A280B3800E
:1089B0008091730190917401892B09F43FC0CE011D
:1089C00052D6882309F4D4C10E948D4EF70100814C
:1089D000118122813381DC01CB01801B910BA20B21
:1089E000B30BFE01E95BF94F0081118122813381D4
:1089F0000F5F1F4F2F4F3F4F00831183228333831D
:108A000034960081118122813381080F191F2A1F9A
:108A10003B1F0083118322833383C15BD94F0881BD
:108A200019812A813B81081719072A073B0720F47F
:108A300088839983AA83BB8381E0C7CECE0113D6F6
:108A40008111C2CFA50194010E8004C0220F331FF3
:108A5000441F551F0A94D2F768E1CE018FD78111C8
:108A6000AEC1DE011E969E01225F3D4F80E090E088
:108A70004D91E92FFF27E427EE0FFF1FE85EF64F29
:108A800045915491982F882784279527A217B307DB
:108A900079F74EEF4EBD0DB407FEFDCF4E854EBDAE
:108AA0004F85FE0170960DB407FEFDCF4EBDE21757
:108AB000F30709F4A0C04191F6CF40E052E0B601BF
:108AC000CE0149D5882309F408CF8B818111D1C209
:108AD00085E08F830E948D4EF801008111812281F3
:108AE0003381AB01BC01401B510B620B730BFE01C8
:108AF000E95DF94F80819181A281B3810196A11D29
:108B0000B11D80839183A283B38334968081918148
:108B1000A281B381840F951FA61FB71F8083918305
:108B2000A283B383349680819181A281B38184171B
:108B30009507A607B70720F44083518362837383A8
:108B40000E948D4EFE01ED5CF94F00811181228162
:108B50003381DC01CB01801B910BA20BB30B34964C
:108B600000811181228133810F5F1F4F2F4F3F4FB3
:108B70000083118322833383349600811181228103
:108B80003381080F191F2A1F3B1F00831183228383
:108B900033833496008111812281338108171907AC
:108BA0002A073B0720F480839183A283B383FE01CD
:108BB000EC5EFD4F80819181A281B381F7014081FC
:108BC000518162817381841B950BA60BB70B8115B4
:108BD000F2E09F07A105B10510F080E092E0FE01F0
:108BE000E45EF94F9183808332961182108281E096
:108BF000329680831FCE0DB407FEFDCF9EBD0DB40F
:108C000007FEFDCF8EBD0DB407FEFDCF8FEF8EBDED
:108C10000DB407FEFDCF8EB58C838F71853009F4BE
:108C2000D6C087E588838B81882311F0CE0144D498
:108C3000888581508887882309F4E3C1CC24C394B4
:108C4000D12C0E948D4EF70180809180A280B3804C
:108C5000DC01CB0188199909AA09BB09FE01E95B6E
:108C6000F94F80809180A280B3802FEF821A920A00
:108C7000A20AB20A80829182A282B3823496808054
:108C80009180A280B380880E991EAA1EBB1E80828E
:108C90009182A282B382349680809180A280B38038
:108CA00088169906AA06BB0620F480839183A283C6
:108CB000B383CA94CD2809F4CDC00E948D4EFE0125
:108CC000ED5AF94FC080D180E280F380DC01CB0106
:108CD0008C199D09AE09BF093496C080D180E2800D
:108CE000F3802FEFC21AD20AE20AF20AC082D182BE
:108CF000E282F3823496C080D180E280F380C80E95
:108D0000D91EEA1EFB1EC082D182E282F382349613
:108D1000C080D180E280F380C816D906EA06FB063F
:108D200020F480839183A283B383FE01EC5EFD4F28
:108D300080819181A281B3819E5FAF4FBF4F8083BD
:108D40009183A283B383369711821082F8018081C8
:108D50009181A281B3810196A11DB11D8083918370
:108D6000A283B383FE01E25EF94F1182108262CDCD
:108D700020E030E0A9016DE0CE0100D68823B1F0FB
:108D80002C8149E26CE083E00E94915637DA8B81B6
:108D9000882311F0CE0190D31092740110927301C8
:108DA00085E0888792E0C92ED12C4BCF8FEF8EBD06
:108DB0000DB407FEFDCF8EB58111E2CFE8CF2C8137
:108DC00042E36CE083E00E94915618DA4ACECE016D
:108DD000BCD381E090E09093740180937301F4CD53
:108DE00028EEE21A29EFF20AF70180819181A2812F
:108DF000B38129E0B695A795979587952A95D1F7E0
:108E00009C01AD012F5F3F4F4F4F5F4F8D818330EE
:108E100039F0A9E0220F331F441F551FAA95D1F73F
:108E200061E1CE01ABD5882309F419C180E38883C1
:108E30008B81882311F0CE013FD38F8181508F83A6
:108E4000811156CD2C81488169E083E00E949156C2
:108E5000D5D94ECD2C8148816CE089E00E94915695
:108E600081E0B3CC6C817881809177029091780217
:108E7000282F291B2F3F09F42DC141E0480F4093B3
:108E80007702E82FF0E0EB58FE4F1282242F291BC7
:108E90002F3F09F45FC152E0580F50937702E42F3F
:108EA000F0E0EB58FE4F23E02283C52ED12CD09268
:108EB0008002C0927F02252F291B2F3F09F46AC12F
:108EC00033E0380F30937702D601AB58BE4FFF2402
:108ED000F3941296FC921297432F50E0232F291BF4
:108EE00050937E0240937D022F3F09F464C124E039
:108EF000280F209377024B585E4FFA01F2821296A8
:108F00003C9112973F5F12963C93129732813F5FDC
:108F10003283322F391B3F3F09F44AC18B5F809364
:108F2000770230E02B583E4F49E0F9014283282F69
:108F3000291B12963C9112973F5F12963C93129711
:108F4000772309F4ABC040917D0250917E027A01F3
:108F5000FF24F701EB58FE4F32813F5F32832F3FF2
:108F600009F400C131E0380F30937702E82EF12C7C
:108F7000F701EB58FE4F7283232F291B12968C9119
:108F800012978F5F12968C934F3F5F4F09F485C005
:108F9000662309F471C040917D0250917E02FA016E
:108FA000FF27EB58FE4F82818F5F82832F3F09F4AA
:108FB000DDC081E0830F80937702A32FB0E0AB5830
:108FC000BE4F12966C9320917F0230918002D9019E
:108FD000BB27AB58BE4F12966C9112976F5F1296DB
:108FE0006C93891B8F3F09F454C04F3F5F4F11F0C2
:108FF0008FEF828380917B028F5F80937B02FED80C
:1090000077CCDC80C88083E00E940F548CE00E9403
:1090100003538C2D0E9403538D2D0E940353809186
:10902000770290917802891B8F3F09F4ABC0809141
:109030007D0290917E028F3FFFEF9F0731F09927CD
:10904000FC01EB58FE4F8FEF828380917B028F5F94
:1090500080937B02D3D8CC24C394D12CF2CD40E0B2
:1090600052E0BE01685E7B4FCE0175D281112DCDDD
:10907000DFCECE0121D22CCD8FEF9FEF90937E02D9
:1090800080937D022F3F09F0B5CF20917F02309170
:109090008002225020937702B2CF832FF601EB5843
:1090A000FE4F482F50E050937E0240937D022F3FA9
:1090B00009F46EC031E0380F30937702DA01AB5813
:1090C000BE4F81E012968C93232F291B82818F5FE4
:1090D00082835ECF282F30E0C0907F02D090800244
:1090E00030937E0220937D02F601FF27EB58FE4F5E
:1090F00042814F5F4283D901AB58BE4F12962C91EB
:1091000012972F5F12962C9322812F5F2283772351
:1091100009F443C040917D0250917E02DA01BB27E1
:10912000AB58BE4F12962C9112972F5F12962C932C
:1091300022812F5F22834F3F2FEF520781F1382F7B
:109140002FEF61112CCF8FEF9FEF90937E028093D2
:109150007D029BCF242F30E0C0907F02D090800210
:10916000842FBECFF601EB58FE4FE2CF20917F0255
:1091700030918002F901FF27EB58FE4F82818F5F0B
:10918000828387CF80917F0282508093770262CF63
:10919000382F9CCF9601852FA3CF2FEF82CF282F7A
:1091A00030E030937E0220937D02382F2FEF8ECF58
:1091B000822FFD01A9CF82E012968C9312974B5813
:1091C0005E4FFA0182818F5F8283832FB2CE4F92EE
:1091D0005F926F927F928F929F92AF92BF92CF9247
:1091E000DF92EF92FF920F931F93CF93DF93EC01E7
:1091F000FB0149015A0157FD36C1688179818A8195
:109200009B810E9478862B013C010C8004C07694DF
:109210006794579447940A94D2F72091FA0E3091AC
:10922000FB0E4091FC0E5091FD0E57FDFDC060817C
:109230007181828193810E9478869B01AC010480B8
:1092400004C056954795379527950A94D2F72093F1
:10925000FA0E3093FB0E4093FC0E5093FD0E80915E
:10926000080F81110CC0280D391D4A1D5B1D20936C
:10927000FA0E3093FB0E4093FC0E5093FD0E57FDFB
:10928000B4C06D817E818F8198850E9478866B0144
:109290007C01098404C0F694E794D794C7940A9497
:1092A000D2F7C40CD51CE61CF71C8091FE0E9091E1
:1092B000FF0EA091000FB091010FA5019401281B92
:1092C000390B4A0B5B0B57FD71C06E857F85888912
:1092D00099890E947886DC01CB010A8804C0B69582
:1092E000A795979587950A94D2F74090020F5090D2
:1092F000030F6090040F7090050F840D951DA61D3F
:10930000B71D8093020F9093030FA093040FB093A7
:10931000050FB7FC0AC08091390F90E0A0E0B0E0E3
:10932000C816D906EA06FB0684F18FEFC816D104E9
:10933000E104F10494F51C141D041E041F040CF038
:10934000B3C0C092060F1092080FB6018DE03ED454
:109350008092FE0E9092FF0EA092000FB092010F2D
:10936000D093F90EC093F80EDF91CF911F910F911A
:10937000FF90EF90DF90CF90BF90AF909F908F9035
:109380007F906F905F904F9008956C017D018FEFFB
:10939000C816D104E104F10474F28FEF8093060F34
:1093A00081E08093080F6FEF70E0D0CF509540952B
:1093B000309521953F4F4F4F5F4F6E857F85888950
:1093C00099890E947886DC01CB010A8804C0B69591
:1093D000A795979587950A94D2F7B095A095909503
:1093E00081959F4FAF4FBF4F80CF5095409530959F
:1093F00021953F4F4F4F5F4F6D817E818F819885C3
:109400000E947886DC01CB01098404C0B695A7953B
:10941000979587950A94D2F7CC24DD247601C81A53
:10942000D90AEA0AFB0A3DCF50954095309521951F
:109430003F4F4F4F5F4F60817181828193810E94C6
:109440007886DC01CB01048004C0B695A79597957A
:1094500087950A94D2F722273327A901281B390BB5
:109460004A0B5B0BF4CE0027112798010819190944
:109470002A093B09688179818A819B81A901980128
:109480000E947886DC01CB010C8004C0B695A795BC
:10949000979587950A94D2F7442455243201481AA7
:1094A000590A6A0A7B0AB9CE1092060F81E08093AE
:1094B000080F60E070E04ACFCF93DF93EC01E981C1
:1094C000FA8161E082810ED38FEF8EBD0DB407FE6D
:1094D000FDCF1B82DF91CF910895CF93DF93EC01F5
:1094E000E981FA8180818CBD81818DBDE981FA811C
:1094F00060E08281F7D281E08B83DF91CF91089584
:10950000FF920F931F93CF93DF938B0106D4EB0150
:10951000FF24FA94FEBC0DB407FEFDCF8EB58F3F3D
:1095200069F0FBD36C1B7D0B0617170798F780E0DB
:10953000DF91CF911F910F91FF90089581E0DF910E
:10954000CF911F910F91FF900895FC01238121116C
:1095500001C00895B1CFBF92CF92DF92EF92FF92F8
:109560000F931F93CF93DF93EC017B016A01D5D357
:109570008B01BB24BA94BEBC0DB407FEFDCF8EB5E3
:109580008C838F3FC1F4C9D3601B710B693E73405C
:1095900090F385E588838B81882319F0CE018CDFD9
:1095A00080E0DF91CF911F910F91FF90EF90DF90BE
:1095B000CF90BF9008958E3F19F080E58883EBCF60
:1095C000C114D104C9F0D60111978FEF8EBD109749
:1095D00009F447C0F701AE0DBF1D9FEF0DB407FEA4
:1095E000FDCF8EB59EBD8193EA17FB07B9F70DB489
:1095F00007FEFDCF8EB58C931C828FEF8EBD0DB410
:1096000007FEFDCF2EB530E0322F22278FEF8EBD23
:109610000DB407FEFDCF8EB5282BC114D104F1F097
:10962000D701CE0CDF1C80E090E04D91E92FFF27A1
:10963000E427EE0FFF1FE85EF64F45915491982FF7
:10964000882784279527AC15BD0579F72817390792
:1096500019F081E588839FCF81E0A3CF80E090E07F
:10966000F5CFD701C4CF0F931F93CF93DF938C0116
:10967000FC01C381C11101C030DF98E03FEF3EBD66
:109680000DB407FEFDCF2EB52F3FB9F09150B9F7BD
:10969000D1E0C11104C0F8018381811106C08D2F72
:1096A000DF91CF911F910F910895C80105DF8D2F94
:1096B000DF91CF911F910F910895D0E0EACF8FEF06
:1096C0009FEF90937E0280937D028091770290912C
:1096D0007802282F291B2F3F69F1E1E0E80FA82F1E
:1096E000B0E0AB58BE4F12961C922E2F291B2F3F75
:1096F00009F1F0E0EB58FE4F26E0228322E0280F2C
:10970000422F50E05093800240937F02291B2F3F4D
:1097100089F08D5F80937702FA01EB58FE4F21E0CC
:109720002283891B8F3F31F080917B028F5F809372
:109730007B02089580917F02825080937702089582
:10974000CF93DF93CFEFDFEF9091770220917802F4
:10975000392F321B3F3F09F474C0E1E0E90FE09379
:109760007702A92FB0E0AB58BE4F12961C923E2F45
:10977000321B3F3F09F47CC032E0390F309377024F
:10978000F0E0EB58FE4F8283432F50E0509380026D
:1097900040937F02832F821B8F3F09F471C083E0C7
:1097A000890F80937702FA01EB58FE4F31E0328344
:1097B000A82FB0E0B0937E02A0937D02821B8F3F62
:1097C00009F461C09C5F90937702AB58BE4F12962C
:1097D0003C931297392F321B82818F5F82836623DD
:1097E00021F112968C9112978F5F12968C9312979B
:1097F0003F3F09F454C081E0890F80937702C92F5D
:10980000D0E0CB58DE4F6A8392819F5F9283821BA8
:109810008F3F89F08FEF12968C9380917B028F5F40
:1098200080937B02DF91CF910895D0937E02C09305
:109830007D023F3F91F7425040937702DF91CF91F5
:109840000895A92FB0E040917F0250918002B0931B
:109850007E02A0937D02FA01FF27EB58FE4F828122
:109860008F5F8283662311F13FEFAB58BE4FB9CFB4
:10987000AE2FB0E040917F02509180029E2FE7CF43
:10988000DA01932FE4CF82E082836623B1F0AB58F4
:10989000BE4F12968C9112978F5F12968C93828195
:1098A0008F5F8283425040937702C8CF8FEF9FEF44
:1098B00090937E0280937D02BECFD0937E02C093B0
:1098C0007D02B9CF8091F40D811111C08091F30D0B
:1098D00081508093F30DE091F20D81E08E0F809323
:1098E000F20DF0E0EF50F34F80818093F40D8F3F45
:1098F000A9F08130C9F09091F30D91509093F30D40
:1099000081508093F40DE091F20D81E08E0F8093F1
:10991000F20DF0E0EF50F34F808108958091F30D48
:1099200081508093F30DEFCF1092F40D80E00895F5
:109930003FB7F8948091DB119091DC11A091DD117B
:10994000B091DE1126B5A89B05C02F3F19F00196F6
:10995000A11DB11D3FBFBA2FA92F982F8827820FB5
:10996000911DA11DB11DBC01CD01660F771F881F80
:10997000991F660F771F881F991F0895FF920F93F5
:109980001F93CF93DF93CDB7DEB72A970FB6F89426
:10999000DEBF0FBECDBF8C01F62EFC01838181118D
:1099A0000AC0C8012F83388749875A8796DD5A85B0
:1099B000498538852F81F11052C06F2D606469830D
:1099C0005A834B833C832D83FE013296DE0116962B
:1099D000262F90E059E038E0990F422F492747FDA4
:1099E0009527220F3150C1F7EA17FB0711F021919B
:1099F000F2CF990F91609E836EBD8A81FE013396EE
:109A00009E01295F3F4F0DB407FEFDCF8EBDE217CB
:109A1000F30711F08191F7CF0DB407FEFDCF8FEF63
:109A20008EBD0DB407FEFDCF8EB52BE09FEF9EBD22
:109A30000DB407FEFDCF8EB5F801848387FD0CC001
:109A40002A960FB6F894DEBF0FBECDBFDF91CF913F
:109A50001F910F91FF900895215049F7F1CF6CE2CB
:109A600071E0C8012F83388749875A8749DD5A85B5
:109A7000498538852F81A1CF90E0FC013197EA30EC
:109A8000F10548F4E857FF4F0C94C586809190008B
:109A90008F7D80939000089584B58F7784BD08955D
:109AA00084B58F7D84BD0895809180008F778093E9
:109AB00080000895809180008F7D809380000895BC
:109AC0008091B0008F778093B00008958091B000AE
:109AD0008F7D8093B0000895809190008F77809360
:109AE000900008951F93CF93DF93282F30E0F90162
:109AF000EE59F44F8491F901EE5BF44FD491F901E2
:109B0000EE5DF44FC491CC23A9F0162F81111BC038
:109B1000EC2FF0E0EE0FFF1FE457F44FA591B49146
:109B20008FB7F89411110AC09C91ED2FE095E923AD
:109B3000EC938FBFDF91CF911F910895EC91ED2BA6
:109B4000EC938FBFF7CF98DFE3CFCF93DF9390E015
:109B5000FC01EE5BF44F2491FC01EE5DF44F849127
:109B60008823B9F090E0880F991FFC01EE57F44F5D
:109B7000A591B491FC01E457F44FC591D4916623AB
:109B800059F06230B9F08FB7F894EC91E22BEC9376
:109B90008FBFDF91CF9108959FB7F8948C91E22FFA
:109BA000E0958E238C932881E223E8839FBFDF9189
:109BB000CF9108959FB7F8943C91822F809583238D
:109BC0008C93E881E22BE8839FBFE3CF1F93CF9371
:109BD000DF93182FEB0161E0B8DF2097E1F0CF3F72
:109BE000D10579F0E12FF0E0EE59F44FE4914E2FDA
:109BF00050E0FA013197EA30F10548F0C038D1055C
:109C000054F061E0812FDF91CF911F916BCFEE5621
:109C1000FF4F0C94C58660E0812FDF91CF911F919B
:109C200061CF80919000806280939000D0939B00E0
:109C3000C0939A00DF91CF911F9108958091900079
:109C4000806880939000D0939900C0939800F2CFE1
:109C50008091B00080628093B000C093B400EACFDE
:109C60008091B00080688093B000C093B300E2CFD1
:109C700080918000806280938000D0938B00C0939D
:109C80008A00D8CF80918000806880938000D09334
:109C90008900C0938800CECF84B5806884BDC7BDDD
:109CA000C9CF84B5806284BDC8BDC4CF8F929F9256
:109CB000AF92BF92CF92DF92EF92FF924B015C0185
:109CC00037DE6B017C0181149104A104B104E1F041
:109CD0002FDEDC01CB018C199D09AE09BF09883E3E
:109CE0009340A105B105A0F321E0821A9108A108D3
:109CF000B10888EEC80E83E0D81EE11CF11C811467
:109D00009104A104B10421F7FF90EF90DF90CF9070
:109D1000BF90AF909F908F9008952FB7F894609167
:109D2000D7117091D8118091D9119091DA112FBF6C
:109D300008951F920F920FB60F9211242F933F9305
:109D40008F939F93AF93BF938091D7119091D81128
:109D5000A091D911B091DA113091D61123E0230FDF
:109D60002D3768F126E8230F0296A11DB11D20931F
:109D7000D6118093D7119093D811A093D911B09395
:109D8000DA118091DB119091DC11A091DD11B0917D
:109D9000DE110196A11DB11D8093DB119093DC11A2
:109DA000A093DD11B093DE11BF91AF919F918F9180
:109DB0003F912F910F900FBE0F901F901895019615
:109DC000A11DB11DD4CF1092F3111092F211109277
:109DD000F5111092F411EEE2FBE0849190E0880F0F
:109DE000991FFC01E85EF44F259134913093BE1128
:109DF0002093BD11FC01E457F44F25913491309329
:109E0000BC112093BB11FC01EE57F44F8591949146
:109E10009093BA118093B911EEE4FBE0E491E093E2
:109E2000B8112FB7F894E091B911F091BA1190815F
:109E30008091B8118095892380832FBF2FB7F89424
:109E4000E091BB11F091BC1190818091B811809587
:109E5000892380832FBFEFE2FBE0849190E0880F9D
:109E6000991FFC01E85EF44F259134913093C511A0
:109E70002093C411FC01E457F44F259134913093A1
:109E8000C3112093C211FC01EE57F44F85919491B8
:109E90009093C1118093C011EFE4FBE0E491E09353
:109EA000BF112FB7F894E091C011F091C1119081CA
:109EB0008091BF118095892380832FBF2FB7F8949D
:109EC000E091C211F091C31190818091BF118095F2
:109ED000892380832FBF08959FB7F894E091B6112E
:109EE000F091B71120818091B511822B80839FBFA3
:109EF000E0E3FBE0849190E0880F991FFC01E85EAD
:109F0000F44F259134913093D5112093D411FC0155
:109F1000E457F44F259134913093B7112093B61143
:109F2000FC01EE57F44F859194919093D311809357
:109F3000D211E0E5FBE0E491E093B5119FB7F8940E
:109F4000E091D211F091D31120818091B511822B33
:109F500080839FBF9FB7F894E091B611F091B7113D
:109F600020818091B511822B80839FBF08951F921D
:109F70000F920FB60F9211240BB60F922F933F93AF
:109F80004F935F936F937F938F939F93AF93BF9301
:109F9000EF93FF938091EC0C9091ED0C892B09F4D9
:109FA0008AC08091EE0C9091EF0C90939B0080936F
:109FB0009A0090939900809398008091F00C80FF14
:109FC00015C05F9A4091DF115091E0116091E1114D
:109FD0007091E2114F5F5F4F6F4F7F4F4093DF11E2
:109FE0005093E0116093E1117093E21181FF5EC024
:109FF000469A4091E3115091E4116091E5117091FE
:10A00000E6114F5F5F4F6F4F7F4F4093E3115093C7
:10A01000E4116093E5117093E61182FF15C02B9A4D
:10A020004091E7115091E8116091E9117091EA11A6
:10A030004F5F5F4F6F4F7F4F4093E7115093E81191
:10A040006093E9117093EA1183FF15C0299A40913A
:10A05000EB115091EC116091ED117091EE114F5F89
:10A060005F4F6F4F7F4F4093EB115093EC11609314
:10A07000ED117093EE1180FDF0C081FDF1C082FD05
:10A08000F2C083FD16C0FF91EF91BF91AF919F91F8
:10A090008F917F916F915F914F913F912F910F9091
:10A0A0000BBE0F900FBE0F901F90189582FDB7CF7B
:10A0B000CBCF2998E8CF8091EB0C9091EA0C9817C0
:10A0C00009F4E8C091E0980F9093EB0C90E0880FB2
:10A0D000991F880F991FFC01E651F74F22813381A8
:10A0E00030939B0020939A0030939900209398001E
:10A0F000208127FDBCC0FC01E651F74F318130FFC4
:10A1000036C0217030913010E091B311F091B4114C
:10A110004081231709F46EC13091B211342309F044
:10A12000C4C04091D0115091D1114F5F5F4F5093F7
:10A13000D1114093D01160911E1070911F106630A4
:10A14000710508F0D3C162E070E04617570708F4C4
:10A15000B0C01092D1111092D011209171002B7FBC
:10A1600020937100FC01E651F74F2081318131FFCE
:10A170003BC026952170622F70E04091311050E075
:10A18000E091B011F091B1116417750709F45AC14B
:10A1900040813091AF11342309F0C8C04091CC11F7
:10A1A0005091CD114F5F5F4F5093CD114093CC1123
:10A1B00060912010709121106630710508F099C1EE
:10A1C00062E070E04617570708F4B4C01092CD1152
:10A1D0001092CC11209171002B7F20937100FC0113
:10A1E000E651F74F2081318132FF4DCF22FB2227EC
:10A1F00020F9422F50E08091321090E0E091AD11B3
:10A20000F091AE114817590709F445C1908180912A
:10A21000AC11892309F06EC08091C8119091C911C9
:10A2200001969093C9118093C811409122105091CA
:10A2300023104630510508F05FC142E050E084171A
:10A24000950708F45BC01092C9111092C811809153
:10A2500071008B7F8093710016CF5F9881FF0FCFC5
:10A26000469882FF0ECF2B9883FF0DCF22CF20FD83
:10A270005AC1459AFC01E651F74F208121FD51C199
:10A28000479AFC01E651F74F208122FD47C12A9AE7
:10A29000208131CF80ED97E090939B0080939A00CE
:10A2A0009093990080939800EECE1092D111109265
:10A2B000D0115F9A222309F473C04091DF115091AD
:10A2C000E0116091E1117091E2114F5F5F4F6F4FAC
:10A2D0007F4F4093DF115093E0116093E111709331
:10A2E000E2115F98FC01E651F74F2081318131FD89
:10A2F00040CF7ACF1092C9111092C8112B9A222305
:10A30000D1F18091E7119091E811A091E911B091FC
:10A31000EA110196A11DB11D8093E7119093E811F8
:10A32000A093E911B093EA112B98ADCE1092CD1104
:10A330001092CC11469A222309F447C04091E311B0
:10A340005091E4116091E5117091E6114F5F5F4FFC
:10A350006F4F7F4F4093E3115093E4116093E511E9
:10A360007093E6114698FC01E651F74F2081318148
:10A3700032FD3CCF88CE8091E7119091E811A091F9
:10A38000E911B091EA110197A109B1098093E71190
:10A390009093E811A093E911B093EA112B9873CE32
:10A3A0004091DF115091E0116091E1117091E21143
:10A3B00041505109610971094093DF115093E01137
:10A3C0006093E1117093E2118CCF4091E3115091B1
:10A3D000E4116091E5117091E61141505109610954
:10A3E00071094093E3115093E4116093E511709368
:10A3F000E611B8CF3091B211342309F485C04091F1
:10A40000CE115091CF114F5F5F4F5093CF114093BA
:10A41000CE1160911E1070911F106036710508F406
:10A4200087C076956795729562956F7067277F7084
:10A4300067274617570708F43CCF1092CF111092A8
:10A44000CE118BCE40813091AF11342309F461C01D
:10A450004091CA115091CB114F5F5F4F5093CB1178
:10A460004093CA11609120107091211060367105DF
:10A4700008F45BC076956795729562956F70672753
:10A480007F7067274617570708F454CF1092CB11F7
:10A490001092CA119FCE90818091AC11892379F1DD
:10A4A0008091C6119091C71101969093C711809326
:10A4B000C611409122105091231040365105D8F119
:10A4C00056954795529542954F7045275F704527A1
:10A4D0008417950708F412CF1092C7111092C61175
:10A4E000809171008B7F80937100CDCD76956795BB
:10A4F0002CCE7695679566CE56954795A0CE109250
:10A50000C7111092C611FACE1092CF111092CE112F
:10A51000D0CE1092CB111092CA110CCF2A98208164
:10A52000EACD4798AECE4598A5CE62E070E0AACFBE
:10A5300062E070E07ECF42E050E0CACFCF92DF927F
:10A54000EF92FF920F931F93CF93DF9381110EC071
:10A55000613D87E078070CF44AC0DF91CF911F91ED
:10A560000F91FF90EF90DF90CF900895D42F8B0143
:10A57000C82F613272410CF03FC08C2F90E00197E0
:10A58000880F991FFC01EE50FE4E20813181232B54
:10A5900031F51092FA0E1092FB0E1092FC0E1092F2
:10A5A000FD0EC090F211D090F31120916F01309107
:10A5B0007001C21AD30A0D2C000CEE08FF08C092DD
:10A5C000FE0ED092FF0EE092000FF092010F10925B
:10A5D000020F1092030F1092040F1092050FFC014E
:10A5E000EE50FE4E11830083D093390FB6CF709397
:10A5F000F5116093F411B1CF6CE371E083E590E065
:10A600000E946442BACF20917D0230917E022F3F9A
:10A610003F4F71F1882329F1E0917D02F0917E0294
:10A62000FF27EB58FE4F92819F5F9283E091770264
:10A63000909178022E2F291B2F3F41F091E09E0F21
:10A6400090937702F0E0EB58FE4F8283E0917F0217
:10A65000F0918002FF27EB58FE4F82818F5F82834B
:10A6600008958FEF9FEF90937E0280937D0208956F
:10A6700090917702292F30E030937E0220937D0263
:10A6800040917802592F541B5F3F41F09F5F909398
:10A690007702F901EB58FE4F91E09283E0917F023F
:10A6A000F0918002FF27EB58FE4F92819F5F9283CB
:10A6B000B1CF1F93CF93DF9320917D0230917E0223
:10A6C0002F3F3F4F09F48AC0662309F47DC0E09113
:10A6D0007D02F0917E02DF01BB27AB58BE4F129680
:10A6E0002C9112972F5F12962C93A0917702709164
:10A6F00078022A2F271B2F3F49F021E02A0F2093B1
:10A700007702B0E0AB58BE4F12966C93C0917F02B7
:10A71000D0918002DD27CB58DE4F2A812F5F2A831C
:10A72000DC016150262F30E02F5F3F4F280F391F8B
:10A7300061E04FEF5FEF22C0E0917D02F0917E0279
:10A74000FF27EB58FE4F82818F5F8283E091770273
:10A750008E2F871B8F3F41F081E08E0F8093770211
:10A76000F0E0EB58FE4F92838A818F5F8A83A217B5
:10A77000B30781F0E0917D02F0917E029D913196C8
:10A7800069F09111D9CF50937E0240937D02A217B8
:10A79000B30781F7DF91CF911F91089580917702E0
:10A7A000E82FF0E0F0937E02E0937D02182F171B54
:10A7B0001F3F31F08F5F80937702EB58FE4F62832B
:10A7C0008A818F5F8A83DDCF8FEF9FEF90937E0228
:10A7D00080937D02DF91CF911F91089520917702A0
:10A7E000422F50E050937E0240937D0230917802D8
:10A7F000722F731B7F3F41F02F5F20937702FA0186
:10A80000EB58FE4F21E02283E0917F02F09180021D
:10A81000FF27EB58FE4F22812F5F228355CF2FEF6A
:10A820003FEF30937E0220937D029091770220913A
:10A830007802392F321B3F3F39F1E1E0E90FE09315
:10A840007702A92FB0E0AB58BE4F12961C923E2F54
:10A85000321B3F3FC9F032E0390F30937702F0E00E
:10A86000EB58FE4F8283432F50E050938002409379
:10A870007F02321B3F3F41F09D5F90937702FA01C8
:10A88000EB58FE4F81E082830895633371050CF429
:10A8900055CEE82FF0E0EE0FFF1FEF5EFF4E218157
:10A8A0003281620F731F4ACE8F929F92AF92BF92F6
:10A8B000DF92EF92FF920F931F93CF93DF9300D01D
:10A8C00000D0CDB7DEB74B015C011091770200914B
:10A8D0007802812F801B8F3F09F4EFC0E1E0E10F88
:10A8E000E0937702A12FB0E0AB58BE4F12961C92B6
:10A8F0008E2F801B8F3F09F4FCC082E0810F809374
:10A900007702F0E0EB58FE4F99E09283482F50E039
:10A910005093800240937F02982F901B9F3F09F431
:10A92000F1C083E0810F80937702FA01EB58FE4F6C
:10A9300021E02283E82EF12CF0927E02E0927D024B
:10A94000982F901B9F3F09F4ECC034E0310F3093F7
:10A950007702C7018B589E4FDC0112962C931297F9
:10A9600022812F5F228312962C9112972F5F1296CD
:10A970002C93832F801B8F3F09F4CFC01B5F109354
:10A980007702A32FB0E0AB58BE4F86E012968C93AF
:10A99000812F801B9A0192819F5F928389829A8284
:10A9A000AB82BC82509177023327E0917D02F09117
:10A9B0007E02BE016F5F7F4F5B016C5F7F4F2B5844
:10A9C0003E4FDD24D394D5014D915D01EF20E094FD
:10A9D00079F1442309F444C07F01FF24D701AB5827
:10A9E000BE4F12969C9112979F5F12969C938F3F39
:10A9F00061F051E0510F812F90E08B589E4FDC01A8
:10AA000012964C93852F801B152FD90112969C917D
:10AA100012979F5F12969C937F01A616B70631F19D
:10AA2000812F801BD5014D915D01EF20E09489F6C7
:10AA3000E12FF0E08F3F59F051E0510FCF018B58DB
:10AA40009E4FDC011296DC92852F801B152FD901B9
:10AA500012969C9112979F5F12969C934111BCCFC6
:10AA6000EFEFFFEF7F01A616B706D1F6F0937E0257
:10AA7000E0937D02509377028F3F09F448C0EF3F87
:10AA8000BFEFFB0729F0FF27EB58FE4F8FEF8283C4
:10AA900080917B028F5F80937B020F900F900F90CD
:10AAA0000F90DF91CF911F910F91FF90EF90DF906A
:10AAB000BF90AF909F908F900895E12EF12C209140
:10AAC0007F0230918002A901F0927E02E0927D0225
:10AAD000FA01FF27EB58FE4F92819F5F9283D701C7
:10AAE000AB58BE4F12969C9112979F5F12969C9303
:10AAF00052CFEE2EF12C20917F0230918002A901DD
:10AB00001E2FE2CF7A01182F8FEF9A01DDCF8091AF
:10AB10007F02825080937702C0CF132F8FEF9A016C
:10AB20003ACF92E09283D701AB58BE4F12969C91D8
:10AB300012979F5F12969C93182F8FEF9A012BCF3D
:10AB40000F931F93CF93DF932FB7F894E091F011F9
:10AB5000F091F11190818091EF118095892380838C
:10AB60002FBF1EBC00000DB407FEFDCF2EB51EBCCE
:10AB700000000DB407FEFDCF4EB59FB7F894E091ED
:10AB8000F011F091F11130818091EF11832B8083CE
:10AB90009FBF30E0922F8827C42FD0E08C2B9D2BB5
:10ABA0000E94CE86892B09F04CC00C2ECD2F000CB4
:10ABB000CC1FDD0B000CCC1FDD1F220F331F220F1B
:10ABC000331FC22BD32B4E73403231F041114CC096
:10ABD000BE0180E090E068DE8091010E9091020E4F
:10ABE0009E01281B390BC90181153EEF93079CF18B
:10ABF000813022E092070CF09450AC01092E000C39
:10AC0000660B770B3C2F2D2F3093010E2093020EF5
:10AC10000091070E1091080E2091090E30910A0E36
:10AC2000400F511F621F731F4093070E5093080E71
:10AC30006093090E70930A0EDF91CF911F910F91CF
:10AC400008953091010E2091020E40E050E0BA01CB
:10AC500080E090E0D9CF9C5FAC01092E000C660B20
:10AC6000770B3C2F2D2FD0CF67E471E088E790E081
:10AC70000E946442ADCFCF93DF93C7EFDDE080E861
:10AC800090E09D8B8C8B80E094E09F878E871D8663
:10AC90008091EB119091EC11A091ED11B091EE111A
:10ACA00088839983AA83BB83E5EFFDE080818CBD17
:10ACB00081818DBD45DF1D821C822FD86E837F83ED
:10ACC00088879987DF91CF9108950F931F93CF9332
:10ACD000DF93EC018B0120E030E0A90169E00E94E4
:10ACE000BE4C882371F083E588838B81882321F013
:10ACF000CE010E945C4A80E0DF91CF911F910F91BD
:10AD0000089540E150E0B801CE010E94AB4A88238B
:10AD100061F31B81112381F3CE010E945C4A812FD4
:10AD2000EBCF1F93CF93DF9310917702309178028E
:10AD3000912F931B9F3F09F406C1E1E0E10FE093DF
:10AD40007702A12FB0E0AB58BE4F12961C929E2FF7
:10AD5000931B9F3F09F403C192E0910F90937702F8
:10AD6000F0E0EB58FE4F8283C92FD0E0D0938002F1
:10AD7000C0937F02892F831B8F3F09F4F8C093E0B3
:10AD8000910F9093770251E0FE01EB58FE4F5283F2
:10AD9000A92FB0E0892F831BB0937E02A0937D0280
:10ADA0008F3F09F428C11C5F10937702FD01EB5817
:10ADB000FE4F5283812F831BFE01FF27EB58FE4F6E
:10ADC00092819F5F9283662309F47CC0AB58BE4F8B
:10ADD00012969C9112979F5F12969C938F3F09F455
:10ADE000D5C051E0510F50937702A12FB0E0AB587E
:10ADF000BE4F12966C93852F831B92819F5F928327
:10AE0000442309F487C060917D0270917E02DB01CA
:10AE1000BB27AB58BE4F12969C9112979F5F12961C
:10AE20009C938F3F09F4C6C091E0950F90937702F1
:10AE3000A52FB0E0AB58BE4F12964C93892F831BC1
:10AE400042814F5F42836F3F7F4F09F462C02223EC
:10AE500009F44CC060917D0270917E02DB01BB273A
:10AE6000AB58BE4F12964C9112974F5F12964C936F
:10AE700012978F3F09F47EC081E0890F809377029B
:10AE8000E92FF0E0EB58FE4F228340917F02509172
:10AE90008002FA01FF27EB58FE4F92819F5F928359
:10AEA000831B8F3F79F16F3F7F4F19F08FEF129621
:10AEB0008C9380917B028F5F80937B02DF91CF9197
:10AEC0001F910895612F70E070937E0260937D0260
:10AED0008F3F09F481C051E0510F50937702DB019D
:10AEE000AB58BE4F81E012968C9385CF2FEF3FEF8A
:10AEF00030937E0220937D028F3FD9F640917F02EE
:10AF000050918002425040937702DF91CF911F9180
:10AF10000895592F652F70E070937E0260937D0233
:10AF20008F3F09F45BC091E0950F90937702DB01AE
:10AF3000AB58BE4F81E012968C93892F831B4281C0
:10AF40004F5F428384CFA12FB0E0C0917F02D091A8
:10AF50008002B0937E02A0937D028FEF2DCFAE2FA3
:10AF6000B0E0C0917F02D09180021E2FF2CFDE01AF
:10AF7000192FEFCF40917F0250918002FA01FF27F5
:10AF8000EB58FE4F82818F5F8283BCCF92819F5F9F
:10AF90009283442329F160917D0270917E02DB014E
:10AFA000BB27AB58BE4F12968C9112978F5F1296AB
:10AFB0008C93512F82818F5F82836F3F4FEF740795
:10AFC00089F0952F8FEF211149CF8FEF9FEF90934D
:10AFD0007E0280937D0292CF512F0FCF952FAFCF5E
:10AFE000512F98CF852F90E090937E0280937D0221
:10AFF000952F8FEFA4CF192FDFCE1F920F920FB690
:10B000000F9211240BB60F92CF92DF92EF92FF9224
:10B010000F931F932F933F934F935F936F938F9350
:10B020009F93AF93BF93EF93FF938091EB0C90911D
:10B03000EA0C981709F41AC191E0980F9093EB0C61
:10B0400090E0880F991F880F991FFC01E651F74F78
:10B05000228133813093990020939800208127FD2D
:10B06000A2C0FC01E651F74F2181211118C0FF91C8
:10B07000EF91BF91AF919F918F916F915F914F91A0
:10B080003F912F911F910F91FF90EF90DF90CF9004
:10B090000F900BBE0F900FBE0F901F901895308130
:10B0A000622F617020FF19C05F9AC090DF11D090AD
:10B0B000E011E090E111F090E21130FDB1C031E01B
:10B0C000C31AD108E108F108C092DF11D092E01153
:10B0D000E092E111F092E2113081522F527021FF83
:10B0E0001CC0469AC090E311D090E411E090E511A5
:10B0F000F090E61131FD82C031E0C31AD108E108B9
:10B10000F108C092E311D092E411E092E511F092BF
:10B11000E611FC01E651F74F3081422F447022FFC7
:10B120001CC02B9AC090E711D090E811E090E91173
:10B13000F090EA1132FD50C031E0C31AD108E108A5
:10B14000F108C092E711D092E811E092E911F09273
:10B15000EA11FC01E651F74F3081822F887023FFFE
:10B1600017C0299A33FD6BC00091EB111091EC11BF
:10B170002091ED113091EE11015011092109310991
:10B180000093EB111093EC112093ED113093EE111D
:10B19000611180C0511182C041117EC0882309F421
:10B1A00066CF299864CF20FD5FC0459AFC01E65127
:10B1B000F74F208121FD78C0479AFC01E651F74FF7
:10B1C000208122FD6FC02A9AFC01E651F74F2081B1
:10B1D00023FD66C0289A45CF3FEFC31AD30AE30A7E
:10B1E000F30AC092E711D092E811E092E911F092CF
:10B1F000EA11FC01E651F74F3081AFCF3FEFC31AA0
:10B20000D30AE30AF30AC092E311D092E411E09268
:10B21000E511F092E611FC01E651F74F30817DCF48
:10B220003FEFC31AD30AE30AF30AC092DF11D092A8
:10B23000E011E092E111F092E21130814ECF0091E5
:10B24000EB111091EC112091ED113091EE110F5F87
:10B250001F4F2F4F3F4F0093EB111093EC11209392
:10B26000ED113093EE1194CF4598A0CF8091DF106F
:10B270009091E0102091E1103091E210821B930B2D
:10B280008130924098F480ED97E0909399008093FC
:10B290009800EDCE5F987ECF2B9880CF46987CCFDC
:10B2A0002898DFCE2A9890CF479887CF89E190E001
:10B2B000909399008093980080914A1090914B1040
:10B2C000092E000CAA0BBB0B0196A11DB11D009706
:10B2D00031E0A307B10520F08FEF9FEFA0E0B0E0D1
:10B2E00090934B1080934A10C2CE9FB7F894E09190
:10B2F000B611F091B71120818091B511822B808316
:10B300009FBF9FB7F894E091B611F091B7112081DB
:10B310008091B511822B80839FBF9FB7F894E091F5
:10B32000F711F091F81120818091F611822B808322
:10B330009FBF9FB7F894E091B611F091B7112081AB
:10B340008091B511822B80839FBF08951F920F9229
:10B350000FB60F9211240BB60F928F939F93AF935A
:10B36000BF93EF93FF938091C600A1EFBDE0EC91F6
:10B3700091E09E0F9C93F0E0EF50F34F8083FF919C
:10B38000EF91BF91AF919F918F910F900BBE0F9056
:10B390000FBE0F901F9018952091EA0C3091EB0C86
:10B3A000231B209530E0FC013183208381E0089548
:10B3B0001F93CF93DF931091770290917802212F02
:10B3C000291B2F3F09F4C3C0E1E0E10FE0937702AE
:10B3D000A12FB0E0AB58BE4F12961C922E2F291B06
:10B3E0002F3F09F4C0C072E0710F70937702F0E054
:10B3F000EB58FE4F23E02283472F50E0509380020A
:10B4000040937F02272F291B2F3F09F4B4C0E3E0AC
:10B41000E10FE0937702F1E0DA01AB58BE4F1296EC
:10B42000FC932E2F30E07E2F791B30937E022093E9
:10B430007D027F3F09F4B7C01C5F10937702D901EA
:10B44000AB58BE4F1296FC93712F791B5527EA011A
:10B45000CB58DE4F4A814F5F4A83882309F452C09C
:10B46000F901EB58FE4F32813F5F32837F3F09F491
:10B4700091C0E1E0E10FE0937702A12FB0E0AB587B
:10B48000BE4F12968C937E2F791B8A818F5F8A83A1
:10B49000662309F449C020917D0230917E02D901D2
:10B4A000BB27AB58BE4F12968C9112978F5F1296A6
:10B4B0008C9312977F3F09F461C081E08E0F8093D7
:10B4C0007702F0E0EB58FE4F628340917F0250918B
:10B4D0008002FA01FF27EB58FE4F62816F5F6283A3
:10B4E000891B8F3F69F12F3F3F4F19F08FEF129665
:10B4F0008C9380917B028F5F80937B02DF91CF9151
:10B500001F910895212F30E030937E0220937D0219
:10B510007F3F09F446C0E1E0E10FE0937702D901F3
:10B52000AB58BE4F81E0ADCF8FEF9FEF90937E027F
:10B5300080937D027F3FE9F640917F025091800227
:10B54000425040937702DF91CF911F910895212FB0
:10B5500030E040917F025091800230937E02209330
:10B560007D027FEF73CF2E2F30E040917F0250910C
:10B5700080021E2FF2CF9A01172FEFCF40917F024A
:10B5800050918002FA01FF27EB58FE4F82818F5FB6
:10B590008283D6CF8A818F5F8A83662331F0E12F41
:10B5A0007ACFE12F72CF1E2F51CF8FEF9FEF909365
:10B5B0007E0280937D02C0CF8091DB109091DC10E1
:10B5C000863A21E0920709F44DC0873B21E09207BB
:10B5D00009F4B1C0009741F08FEF9FEF9093DC101A
:10B5E0008093DB1080E008952091E1103091E2100B
:10B5F0006091DF107091E010621B730B7093E91083
:10B600006093E8105091E310E52FF0E06E177F078C
:10B6100008F0DCC06115710509F487C0E091DD1008
:10B62000F091DE1040E0E20FF31F20E030E05150D7
:10B63000DF01A80FB91F8C91D901A552BF4E1996F1
:10B640008C93852F841B8093E3104F5F242F30E071
:10B65000C9012617370760F386EA91E09093DC1062
:10B660008093DB108091A708882309F4ADC08091F6
:10B67000A8089091A9088F59944009F4BFC08FE998
:10B6800094E09093A9088093A808DC018091A30816
:10B690009091A40840919F085091A0086091A10842
:10B6A0007091A208480F591F611D711D40939F089A
:10B6B0005093A0086093A1087093A2081092A70865
:10B6C0009093E0108093DF10B093DE10A093DD1014
:10B6D0009091E310992309F4A1C02091E8103091D2
:10B6E000E910F901EC51FF4E265F3F4F8FEF890FB4
:10B6F000280F311D25523F4E8D918193E217F3079C
:10B70000D9F7892F90E024EE30E13093EB102093AD
:10B71000EA109093E2108093E1108FEF9FEF9093E7
:10B72000DC108093DB1080E0089587EB91E090932C
:10B73000DC108093DB108091A708882309F444C0B3
:10B740008091A8089091A9088F59944009F45EC08F
:10B750008FE994E09093A9088093A808AC01209108
:10B76000A3083091A40880919F089091A008A0910F
:10B77000A108B091A208820F931FA11DB11D809353
:10B780009F089093A008A093A108B093A2081092DC
:10B79000A7083093E0102093DF105093DE10409301
:10B7A000DD105093EB104093EA108091E31090E08D
:10B7B0009093E2108093E1108FEF9FEF9093DC1055
:10B7C0008093DB1080E0089581E008958091DD1082
:10B7D0009091DE10820F931F9093EB108093EA10EC
:10B7E0002E0F3F1F3093E2102093E1108FEF9FEF59
:10B7F0009093DC108093DB1080E008958FE996E051
:10B800009093A9088093A808DC0140CF8FE996E0C7
:10B810009093A9088093A808AC01A1CF80E090E0A4
:10B8200072CF0F931F93909167109093D8108091CF
:10B830006610882309F494C04091821050918310BF
:10B84000609184107091851077FDB1C00091AA10AD
:10B850001091AB102091AC103091AD10400F511FE2
:10B86000621F731F40938210509383106093841063
:10B870007093851091609093D810813009F070C05A
:10B8800040918A1050918B1060918C1070918D10A6
:10B8900077FDB7C00091B2101091B3102091B41091
:10B8A0003091B510400F511F621F731F40938A10D3
:10B8B00050938B1060938C1070938D109091D810D2
:10B8C00094609093D810833029F140918E1050915C
:10B8D0008F10609190107091911077FDA7C000912A
:10B8E000B6101091B7102091B8103091B910400FD8
:10B8F000511F621F731F40938E1050938F106093DF
:10B900009010709391109091D81098609093D810E7
:10B91000843019F18091921090919310A09194101D
:10B92000B0919510B7FD97C04091BA105091BB10DF
:10B930006091BC107091BD10840F951FA61FB71F9A
:10B940008093921090939310A0939410B0939510BD
:10B950008091D81080618093D8101F910F91089525
:10B9600040918610509187106091881070918910D5
:10B9700077FD32C00091AE101091AF102091B01041
:10B980003091B110400F511F621F731F40938610FA
:10B990005093871060938810709389109091D810FD
:10B9A00092609093D810823009F06ACF8ECF0091C8
:10B9B0009610109197102091981030919910400F87
:10B9C000511F621F731F4093821050938310609326
:10B9D00084107093851051CF00919A1010919B1094
:10B9E00020919C1030919D10400F511F621F731FBA
:10B9F000409386105093871060938810709389103D
:10BA0000D2CF00919E1010919F102091A0103091E4
:10BA1000A110400F511F621F731F40938A10509353
:10BA20008B1060938C1070938D104DCF0091A210ED
:10BA30001091A3102091A4103091A510400F511F18
:10BA4000621F731F40938E1050938F10609390105D
:10BA5000709391105DCF4091A6105091A710609106
:10BA6000A8107091A910840F951FA61FB71F80936F
:10BA7000921090939310A0939410B09395101F91EF
:10BA80000F910895CF93DF93CDB7DEB7CF56D1098D
:10BA90000FB6F894DEBF0FBECDBF789484B5826038
:10BAA00084BD84B5816084BD85B5826085BD85B562
:10BAB000816085BD80916E00816080936E001092E0
:10BAC000810080918100826080938100809181005B
:10BAD00081608093810080918000816080938000EC
:10BAE0008091B10084608093B1008091B00081604A
:10BAF0008093B0008091910082608093910080914A
:10BB0000910081608093910080919000816080938A
:10BB1000900080917A00846080937A0080917A000E
:10BB2000826080937A0080917A00816080937A00AD
:10BB300080917A00806880937A001092C1000E9400
:10BB4000E83A8E010A5B1F4FA8961FAF0EAFA89769
:10BB50009E012F5B3F4FA6963FAF2EAFA6972224A4
:10BB60002A94322C0E948D4E00911C1110911D11AF
:10BB700020911E1130911F11DC01CB01801B910B14
:10BB8000A20BB30B009120111091211120912211D1
:10BB9000309123110F5F1F4F2F4F3F4F0093201104
:10BBA000109321112093221130932311009124111D
:10BBB000109125112091261130912711080F191F7E
:10BBC0002A1F3B1F00932411109325112093261147
:10BBD00030932711009128111091291120912A11D9
:10BBE00030912B11081719072A073B0740F480935F
:10BBF000281190932911A0932A11B0932B110E9420
:10BC00008D4E6B017C0180916701882309F4F1C49A
:10BC10008090630190906401A0906501B0906601EE
:10BC200080915B01811111C0D701C6018C599F4FD2
:10BC3000AF4FBF4F8093570190935801A093590184
:10BC4000B0935A0181E080935B010E948D4E609316
:10BC50009C1170939D1180939E1190939F11C81415
:10BC6000D904EA04FB0408F4C1C1D701C6010A964D
:10BC7000A11DB11D8093630190936401A0936501A0
:10BC8000B09366018091481090914910029711F489
:10BC90000C9489660E948D4E60932C1170932D1127
:10BCA00080932E1190932F118091740E9091750EA8
:10BCB000863F910509F4C2C68C30F1E09F0709F474
:10BCC00013C7892B09F4AAC63092750E2092740E00
:10BCD0000E948D4E00912C1110912D1120912E114A
:10BCE00030912F11AB01BC01401B510B620B730B48
:10BCF0008091301190913111A0913211B091331196
:10BD00000196A11DB11D8093301190933111A09324
:10BD10003211B09333118091341190913511A0916B
:10BD20003611B0913711840F951FA61FB71F80934E
:10BD3000341190933511A0933611B093371180913F
:10BD4000381190913911A0913A11B0913B1184179B
:10BD50009507A607B70740F440933811509339115F
:10BD600060933A1170933B1180914D1090914E1059
:10BD7000A0914F10B09150100097A105B10539F076
:10BD8000C816D906EA06FB0610F00C94A76A809143
:10BD90005210882341F09091770280917802981791
:10BDA00011F40C94F7708091531090915410A0915D
:10BDB0005510B0915610B7FD15C0409157105091D5
:10BDC00058106091591070915A10C416D506E606A5
:10BDD000F70640F03091770220917802321711F483
:10BDE0000C949D6F8091461090914710039711F429
:10BDF0000C9418682FEF30E03093411020934010DE
:10BE00000E948D4E60934C1170934D1180934E1192
:10BE100090934F118091F50D8CBD8091F60D8DBDE5
:10BE20000E94A0552091FB0D3091FC0D820F931FB5
:10BE30009093FC0D8093FB0D97FF02C00C94A968B2
:10BE40002091100E3091110E8217930708F481C0D3
:10BE50008FB7F894C090EB11D090EC11E090ED11F9
:10BE6000F090EE118FBF8091F70D9091F80DA09199
:10BE7000F90DB091FA0D26013701481A590A6A0ADC
:10BE80007B0AE091FB0DF091FC0D309709F022C781
:10BE900080910B0E90910C0E8D3032E093070CF0D8
:10BEA00016C78E3891050CF496C60D972091030E97
:10BEB000222309F490C621E02093040E880F991FD5
:10BEC000880F991F880F991F9093060E8093050E77
:10BED0009091730E8091720E891B8F3009F485C684
:10BEE0000E948D4E2091FD0D3091FE0DAB01421B45
:10BEF000530B2091FB0D3091FC0DE091720EF1E09F
:10BF0000FE0FF093720EEF70AE2FB0E0FD01EE0F5A
:10BF1000FF1FEA0FFB1FEE0FFF1FEE5EF14F518375
:10BF200040835382428235832483C092F70DD0929E
:10BF3000F80DE092F90DF092FA0D1092FC0D1092AE
:10BF4000FB0D6093FD0D7093FE0D8093FF0D90939C
:10BF5000000E0E948D4E00914C1110914D112091B8
:10BF60004E1130914F11DC01CB01801B910BA20BC4
:10BF7000B30B009150111091511120915211309139
:10BF800053110F5F1F4F2F4F3F4F009350111093CE
:10BF9000511120935211309353110091541110916B
:10BFA00055112091561130915711080F191F2A1F52
:10BFB0003B1F009354111093551120935611309349
:10BFC0005711009158111091591120915A11309127
:10BFD0005B11081719072A073B0740F48093581193
:10BFE00090935911A0935A11B0935B110E948D4EFA
:10BFF00000915701109158012091590130915A0137
:10C00000601771078207930708F076C30E948D4E70
:10C0100060938C1170938D1180938E1190938F117A
:10C020000E94F7050E948D4E00918C1110918D1188
:10C0300020918E1130918F11DC01CB01801B910B6F
:10C04000A20BB30B009190111091911120919211BC
:10C05000309193110F5F1F4F2F4F3F4F009390115F
:10C060001093911120939211309393110091941198
:10C07000109195112091961130919711080F191F69
:10C080002A1F3B1F00939411109395112093961132
:10C0900030939711009198111091991120919A1154
:10C0A00030919B11081719072A073B0740F480932A
:10C0B000981190939911A0939A11B0939B110E949B
:10C0C0008D4E60936C1170936D1180936E119093EF
:10C0D0006F1180917501909176018B37910509F46C
:10C0E00009C108F499C2833A910509F47AC408F4A5
:10C0F00066C4863A910509F482C4893A910509F02B
:10C1000096C280917B02815080937B0281110CC08A
:10C110009091770280917802981731F068E071E091
:10C120008EEA90E00E9464421092760110927501AE
:10C130000E948D4E00916C1110916D1120916E1125
:10C1400030916F11DC01CB01801B910BA20BB30B63
:10C150000091701110917111209172113091731131
:10C160000F5F1F4F2F4F3F4F0093701110937111AE
:10C170002093721130937311009174111091751105
:10C180002091761130917711080F191F2A1F3B1F3C
:10C1900000937411109375112093761130937711D9
:10C1A000009178111091791120917A1130917B11C1
:10C1B000081719072A073B0740F4809378119093DA
:10C1C0007911A0937A11B0937B110E948D4E6093E8
:10C1D0005C1170935D1180935E1190935F1180915B
:10C1E0003A0F90913B0F8E3FA8E09A0709F4EDC7F4
:10C1F00008F422C2863329E0920761F108F0F9C4FD
:10C20000883149E0940711F40C943A698E329940D0
:10C2100011F00C9435698091A5089091A608892B9E
:10C2200009F0E7C082E090E09093A6088093A5080B
:10C2300010929402109293028091400F8F5F11F43C
:10C240000C94816D8093400F86E399E090933B0FAF
:10C2500080933A0F8091A5089091A608029709F45F
:10C26000C8C030927E0220927D0280917702909128
:10C270007802282F291B2F3F11F40C94A071E1E0C4
:10C28000E80FA82FB0E0AB58BE4F12961C922E2F8D
:10C29000291B2F3F11F40C94A07122E0280F20934A
:10C2A0007702F0E0EB58FE4F36E03283422F50E049
:10C2B0005093800240937F02291B2F3F41F08D5FF6
:10C2C00080937702FA01EB58FE4F81E082838091E0
:10C2D0007702891B8F3F11F40C94A07180917B022F
:10C2E0008F5F80937B0281C08BE790E09093760113
:10C2F000809375018091C00085FF1ACF20917C0248
:10C300002093C600E0917802EF5FE093780280917D
:10C31000790290917A028227082E8295807F80256B
:10C32000092E982F82958F70082686959827892741
:10C33000880F880F880F802590937A028093790266
:10C3400020917702E21761F0F0E0EB58FE4F828116
:10C3500080937C028111C8CF8091790290917A02FA
:10C36000292F33273093840220938302AC01552771
:10C370005093860240938502892B11F40C94646BD0
:10C38000232B11F00C94847182E090E09093820250
:10C390008093810221E030E0309384022093830275
:10C3A00080EA90E090937601809375010CC3892B0D
:10C3B00009F05BC78CEB98E090933B0F80933A0FAA
:10C3C000E091F20D8091F10D8E1799F081E08E0FC2
:10C3D0008093F20DF0E0EF50F34F8081882309F451
:10C3E0003BC61092F20D1092F10D10923B0F10927D
:10C3F0003A0F0E948D4E00915C1110915D112091B9
:10C400005E1130915F11DC01CB01801B910BA20BFF
:10C41000B30B009160111091611120916211309164
:10C4200063110F5F1F4F2F4F3F4F00936011109309
:10C430006111209362113093631100916411109186
:10C4400065112091661130916711080F191F2A1F7D
:10C450003B1F009364111093651120936611309374
:10C460006711009168111091691120916A11309142
:10C470006B11081719072A073B0740F480936811CE
:10C4800090936911A0936A11B0936B110E948D4E25
:10C4900060937C1170937D1180937E1190937F1136
:10C4A00087E892E00E94C7430E948D4E00917C1164
:10C4B00010917D1120917E1130917F11DC01CB0113
:10C4C000801B910BA20BB30B009180111091811175
:10C4D00020918211309183110F5F1F4F2F4F3F4FDB
:10C4E0000093801110938111209382113093831156
:10C4F000009184111091851120918611309187113E
:10C50000080F191F2A1F3B1F0093841110938511D8
:10C510002093861130938711009188111091891111
:10C5200020918A1130918B11081719072A073B07B0
:10C5300040F48093881190938911A0938A11B0934D
:10C540008B110E948D4E00919C1110919D11209194
:10C550009E1130919F11DC01CB01801B910BA20B2E
:10C56000B30B0091A0111091A1112091A211309153
:10C57000A3110F5F1F4F2F4F3F4F0093A011109338
:10C58000A1112093A2113093A3110091A411109135
:10C59000A5112091A6113091A711080F191F2A1F6C
:10C5A0003B1F0093A4111093A5112093A611309363
:10C5B000A7110091A8111091A9112091AA113091F1
:10C5C000AB11081719072A073B0740F48093A811FD
:10C5D0009093A911A093AA11B093AB110E948D4E14
:10C5E00060931C1170931D1180931E1190931F1165
:10C5F000B9CA460157013AE0830E911CA11CB11C37
:10C600008092630190926401A0926501B0926601EC
:10C6100081E08093670104CB8C36910509F4B5C2A3
:10C620008237910509F4C8C2892B09F4A8C2309257
:10C630007601209275017CCD8C3BE8E09E0709F4E1
:10C64000BFCE08F4B4CE883C08E0900709F418C5C2
:10C650008C3E984009F009C6E091F20D5091F10D21
:10C660005E1711F40C94506D81E08E0F8093F20DE3
:10C67000F0E0EF50F34F80818093460F2091420FFE
:10C680003091430F2827022E2295207F2025032E4C
:10C69000322F22952F700226269532272327220F2C
:10C6A000220F220F20253093430F2093420F209119
:10C6B000440F3091450F90E001972817390708F48F
:10C6C000C901082F8093470F281B31093093450F6C
:10C6D0002093440FE091F20D002311F40C94AB7100
:10C6E000013108F000E10093480F8EEF98E090933D
:10C6F0003B0F80933A0F6DC5DC01CB018C599F4FE6
:10C70000AF4FBF4F8093570190935801A0935901A9
:10C71000B0935A010E948D4E60933C1170933D116D
:10C7200080933E1190933F1180916F019091700121
:10C73000803591050CF4E0C58132B2E19B070CF025
:10C7400028C76091070F61110C940C70C090F21112
:10C75000D090F311C81AD90A0D2C000CEE08FF086E
:10C76000E091F80EF091F90EF7FE02C00C945771AB
:10C77000BFE0E930FB0711F40C948A6DA701960124
:10C780006FE27FE089E09FE00E94E7480E948D4EC3
:10C7900000913C1110913D1120913E1130913F11BB
:10C7A000DC01CB01801B910BA20BB30B009140115C
:10C7B0001091411120914211309143110F5F1F4F91
:10C7C0002F4F3F4F0093401110934111209342117E
:10C7D000309343110091441110914511209146115D
:10C7E00030914711080F191F2A1F3B1F0093441156
:10C7F0001093451120934611309347110091481131
:10C800001091491120914A1130914B1108171907C5
:10C810002A073B0740F48093481190934911A09355
:10C820004A11B0934B110E948D4E00919C111091B2
:10C830009D1120919E1130919F11DC01CB01801B35
:10C84000910BA20BB30B80939C1190939D11A0931D
:10C850009E11B0939F1180914610909147100297BE
:10C8600011F40C944C700E948D4E00919C1110910B
:10C870009D1120919E1130919F11DC01CB01801BF5
:10C88000910BA20BB30B80939C1190939D11A093DD
:10C890009E11B0939F11809146109091471003977D
:10C8A00009F0B4CB809148109091491081309105E6
:10C8B00011F40C94FB708091A5089091A608892B27
:10C8C00009F0A4CB40919B0450919C0460919D047D
:10C8D00070919E0480919F089091A008A091A1085A
:10C8E000B091A208481759076A077B0709F08ECB59
:10C8F0002091E1103091E2108091DF109091E010D2
:10C900002817390709F082CB9091EA0C8091EB0C43
:10C9100098137CCB809171008D7F80937100809102
:10C9200071008B7F8093710021E030E030934710DD
:10C930002093461010924910109248103093C7105F
:10C940002093C61081E090E0A0E0B0E08093C21098
:10C950009093C310A093C410B093C5101092CC1044
:10C9600010925C1010925B101092E2101092E11085
:10C970001092E0101092DF1010929B0410929C0411
:10C9800010929D0410929E041092960410929504A9
:10C9900010929F081092A0081092A1081092A2086D
:10C9A0001092A7088093970490939804A0939904F9
:10C9B000B0939A041092EB0C1092EA0C27CB803AB9
:10C9C000910509F034CE8091C00085FFB1CB8091F4
:10C9D00081028093C60083EA90E090937601809371
:10C9E00075018091C00085FFA3CB80918502809363
:10C9F000C60086EA90E0909376018093750180915D
:10CA0000C00085FF95CB809183028093C60089EAA0
:10CA100090E0909376018093750173CB10927B0028
:10CA200087E480937C0080917A00806480937A0010
:10CA300006EF10E01093750E0093740E80917A004B
:10CA400086FD46C98091780090917900039797FF01
:10CA500002C00C944372803F13E0910714F00C94D1
:10CA6000846DFC01EE0FFF1FE85CFE4F25913491B1
:10CA7000E091F70E81E08E0F8093F70EEF71F0E0FA
:10CA8000EE0FFF1FE954F14F31832083E7EFFEE003
:10CA900040E050E0BA0192918291092E000CAA0B5D
:10CAA000BB0B480F591F6A1F7B1F2EE0E73BF207A5
:10CAB00091F715E075956795579547951A95D1F7B4
:10CAC0005093700140936F0110927B0086E4809335
:10CAD0007C0080917A00806480937A004CE051E081
:10CAE0005093750E4093740E80917A0086FDF0C8C5
:10CAF0008091780090917900039797FF02C00C9481
:10CB00006C72803F53E0950714F00C94536EFC0157
:10CB1000EE0FFF1FE85CFE4F25913491E091B60EB9
:10CB200081E08E0F8093B60EEF71F0E0EE0FFF1FE5
:10CB3000EC58F14F33832283E6EBFEE040E050E017
:10CB4000BA0192918291092E000CAA0BBB0B480FDF
:10CB5000591F6A1F7B1F8EE0E637F80791F7E5E063
:10CB60007595679557954795EA95D1F7509372015A
:10CB7000409371011092750E1092740EA9C88CE644
:10CB800090E0909376018093750180917B028823D9
:10CB900009F4CECAE091780281E08E0F809378028A
:10CBA000F0E0EB58FE4F828180937C0282E790E0B8
:10CBB00090937601809375018091C00085FFB8CA7B
:10CBC00080917C028093C60030927A022092790292
:10CBD000E0917802B9CB1092040E9091730E80917F
:10CBE000720E891B8F3009F07BC99F5F9093730E83
:10CBF00077C9803479E0970709F4B0C28634994048
:10CC000009F033C35091F10D7091440F4091F20D32
:10CC100083E0870F541B581710F40C94D06F7723C0
:10CC200011F40C9480738091420F9091430F572F11
:10CC3000540F242FE22FF0E0EF50F34F3081832781
:10CC4000082E8295807F8025092E982F82958F70DF
:10CC50000826869598278927880F880F880F8025B2
:10CC60002F5F2513E7CF9093430F8093420FE1E0AE
:10CC7000E40FE70FF0E0EF50F34F80814E5F470F76
:10CC8000E42FF0E0EF50F34F2081A091420FB091DC
:10CC9000430FE52FF0E0EF50F34F9081933011F404
:10CCA0000C942A73943011F40C94DB71923011F4CB
:10CCB0000C94DC7190E0922BA817B90711F40C9436
:10CCC00049726091400F85E00E94A04B8ACB80E0C2
:10CCD00092E0ECC8A0910D0EB0910E0EA30192014E
:10CCE0000E94DA869F01FF0F440B550B0E94A98614
:10CCF000BA01A90100900F0E04C07595679557956C
:10CD000047950A94D2F7CA0150930C0E40930B0E2C
:10CD1000C3C86091B3117091B411DB018C91009183
:10CD2000B2118023A090B011B090B111882309F402
:10CD30001EC46090AF118090AD119090AE11B09173
:10CD4000AC11A996BFAFA997209177028091780284
:10CD5000922F981B9F3F39F1E1E0E20FE0937702B9
:10CD6000A22FB0E0AB58BE4F12961C929E2F981B7C
:10CD70009F3FC9F092E0920F90937702F0E0EB585A
:10CD8000FE4F33E03283E92FF0E0F0938002E0932E
:10CD90007F02981B9F3F39F02D5F20937702EB585D
:10CDA000FE4F91E0928390917702292F30E03093EB
:10CDB0007E0220937D02492F481B4F3F11F40C94B3
:10CDC0002D739F5F90937702F901EB58FE4F91E02E
:10CDD000928340917F0250918002AB965FAF4EAF3D
:10CDE000AB97DA01BB27AB58BE4F12969C911297B6
:10CDF0009F5F12969C93129792819F5F9283E0911E
:10CE000077029E2F981B9F3F49F091E09E0F9093D1
:10CE10007702F0E0EB58FE4F93E0928312969C91DC
:10CE200012979F5F12969C93129770907702172D1E
:10CE300040917D0250917E02EFEDF1E12401450128
:10CE40005B01BD01DF0123C0FA01FF27EB58FE4F54
:10CE500032813F5F3283E0962FAFE0972F3F69F03A
:10CE600011E0170DE72DF0E0EB58FE4F9283F12F04
:10CE7000F81BE096FFAFE097712EFB0192819F5F58
:10CE800092839A01A901F1E1AB3EBF07A1F09D9108
:10CE90002F3F3F4F11F40C94FB71272D281B91114C
:10CEA000D3CFE0962FAFE0972FEF3FEFA901F1E14D
:10CEB000AB3EBF0761F7DB01B50154014201E096CB
:10CEC0005FACE09730937E0220937D02109377024F
:10CED000FB01908109232F3F3F4F11F40C941073F5
:10CEE000002311F40C949F7220917D0230917E02F8
:10CEF000F901FF27EB58FE4F92819F5F9283E091EB
:10CF000077029E2F981B9F3F49F091E09E0F9093D0
:10CF10007702F0E0EB58FE4F91E0928312969C91DD
:10CF200012979F5F12969C931297F5019081692248
:10CF300091E009F490E02F3F3F4F11F40C94A97257
:10CF4000992311F40C94727220917D0230917E022B
:10CF5000F901FF27EB58FE4F92819F5F9283E0918A
:10CF600077029E2F981B9F3F49F091E09E0F909370
:10CF70007702F0E0EB58FE4F91E09283AB96EEAD76
:10CF8000FFADAB97FF27EB58FE4F92819F5F9283D7
:10CF9000F4014081A996FFADA9974F2391E009F4D0
:10CFA00090E02F3F3F4F11F40C947F72992311F4BE
:10CFB0000C942D7220917D0230917E02D901BB2705
:10CFC000AB58BE4F12969C9112979F5F12969C93FE
:10CFD000129790917702492F481B4F3F59F041E03B
:10CFE000490F40937702E92FF0E0EB58FE4F91E0B4
:10CFF0009283942FAB96EEADFFADAB97FF27EB5826
:10D00000FE4F42814F5F4283981B9F3F11F40C9467
:10D0100038722F3F3F4F19F08FEF12968C9380910B
:10D020007B028F5F80937B020E94FE400C944A5EDD
:10D030008091EA0C9091EB0C891B2091401030916B
:10D04000411090E02817390708F4C9019093411066
:10D05000809340100C94005F0E948D4E60933C0FB3
:10D0600070933D0F80933E0F90933F0F3092430F8C
:10D070002092420F88EC98E090933B0F80933A0FF8
:10D080008091F20D5091F10D952F981B923008F47C
:10D0900055C691E0980F9093F20DE82FF0E0EF5015
:10D0A000F34F208120935601222309F49AC96091FD
:10D0B000420F7091430F6227062E6295607F6025B4
:10D0C000072E762F62956F7006266695762767275E
:10D0D000660F660F660F60257093430F6093420FD3
:10D0E0008E5F8093F20DE92FF0E0EF50F34F9081C7
:10D0F0009093410F992309F474C96927062E62950C
:10D10000607F6025072E762F62956F7006266695E4
:10D1100076276727660F660F660F60257093430FAB
:10D120006093420F97FF02C00C94D7736091400F39
:10D1300026130C94E371E0E0F2E0F093450FE093E6
:10D14000440FE82F8CEE98E090933B0F80933A0FBA
:10D1500087CA9195819591090C94205F5091F10DAA
:10D160008091F20D581709F42AC4E091F20D81E084
:10D170008E0F8093F20DF0E0EF50F34F80812091FD
:10D18000420F3091430F2827022E2295207F202521
:10D19000032E322F22952F70022626953227232721
:10D1A000220F220F220F20253093430F2093420F8E
:10D1B00090E001979093450F8093440F86E499E0A7
:10D1C00090933B0F80933A0F1FCDE091F20D509159
:10D1D000F10D1091480F8E2F952F9E1B911708F47B
:10D1E00020C70091470F011B0093470F112309F43B
:10D1F00073CA60919504709196042091420F30910A
:10D20000430FDB01AB56BD4F4E2F410FE82FF0E02F
:10D21000EF50F34F90819D932927022E2295207F76
:10D220002025032E322F22952F7002262695322795
:10D230002327220F220F220F20258F5F8413E6CF92
:10D240008093F20D909356016F5F7F4F1150610FE5
:10D25000711D70939604609395043093430F20934F
:10D26000420F1092480FE82F37CA30923B0F20929E
:10D270003A0FBFC8E091F20D5091F10D852F8E1B32
:10D28000833008F4DCC3AE2FB0E0AF50B34F9C91B5
:10D29000A1E0AE0FB0E0AF50B34F8C9123E02E0F62
:10D2A0002093F20DEE5FF0E0EF50F34F308160918C
:10D2B000420F7091430F933011F40C9439739430F2
:10D2C00011F40C94D771923011F40C94D87190E051
:10D2D000932B6817790711F40C94BF716091400F7C
:10D2E00085E00E94A04B1092F20D1092F10D109269
:10D2F00096041092950479C8809177022091780263
:10D30000982F921B9F3F41F1E1E0E80FE0937702F5
:10D31000A82FB0E0AB58BE4F12961C929E2F921BC6
:10D320009F3FD1F092E0980F90937702F0E0EB5896
:10D33000FE4F33E03283492F50E0509380024093F8
:10D340007F02921B9F3F41F08D5F80937702FA012D
:10D35000EB58FE4F81E0828330917702832F90E07B
:10D3600090937E0280937D02432F421B4F3F09F42E
:10D37000DCC73F5F30937702FC01EB58FE4F81E042
:10D38000828340917F0250918002DA01BB27AB5823
:10D39000BE4F12968C9112978F5F12968C931297B4
:10D3A00082818F5F828390917702892F821B8F3FCA
:10D3B00059F081E0890F80937702E92FF0E0EB5874
:10D3C000FE4F9AE09283982F12968C9112978F5F5E
:10D3D00012968C93129760917D0270917E02FB01F0
:10D3E000FF278F010B581E4F7801F80182818F5F54
:10D3F0008283892F821B8F3F61F031E0390F309398
:10D400007702892F90E08B589E4F11E0FC01128328
:10D41000932F12968C9112978F5F12968C93921B7A
:10D420009F3F09F44DC16F3F7F4F21F08FEFD70130
:10D4300012968C9380917B028F5F80937B020E9477
:10D44000FE408091710190917201803591050CF040
:10D450004CC48091770230917802982F931B9F3FA4
:10D4600041F1E1E0E80FE0937702A82FB0E0AB587C
:10D47000BE4F12961C929E2F931B9F3FD1F092E0BD
:10D48000980F90937702F0E0EB58FE4F23E0228351
:10D49000492F50E05093800240937F02931B9F3F9F
:10D4A00041F08D5F80937702FA01EB58FE4F81E0E7
:10D4B000828320917702822F90E090937E02809366
:10D4C0007D02422F431B4F3F09F4D9C72F5F2093A2
:10D4D0007702FC01EB58FE4F81E0828340917F028E
:10D4E00050918002DA01BB27AB58BE4F12968C9147
:10D4F00012978F5F12968C93129782818F5F82832F
:10D5000090917702892F831B8F3F59F081E0890F1B
:10D5100080937702E92FF0E0EB58FE4F9AE0928378
:10D52000982F12968C9112978F5F12968C9330924F
:10D530007E0220927D02931B9F3F09F48AC780914F
:10D540007B028F5F80937B020E94FE40E7C3609165
:10D550004C1070E084E00E94E64D10924D10109245
:10D560004E1010924F10109250100C94C75EF5019F
:10D5700080816090AF1186218090AD119090AE11A6
:10D58000882309F4B5C0F091AC11A996FFAFA99713
:10D59000DBCB8091770230917802982F931B9F3FCD
:10D5A00041F1E1E0E80FE0937702A82FB0E0AB583B
:10D5B000BE4F12961C929E2F931B9F3FD1F092E07C
:10D5C000980F90937702F0E0EB58FE4F23E0228310
:10D5D000492F50E05093800240937F02931B9F3F5E
:10D5E00041F08D5F80937702FA01EB58FE4F81E0A6
:10D5F000828320917702822F90E090937E02809325
:10D600007D02422F431B4F3F09F4A1C62F5F209399
:10D610007702FC01EB58FE4F81E0828340917F024C
:10D6200050918002DA01BB27AB58BE4F12968C9105
:10D6300012978F5F12968C93129782818F5F8283ED
:10D6400090917702892F831B8F3F59F081E0890FDA
:10D6500080937702E92FF0E0EB58FE4F9BE0928336
:10D66000982F12968C9112978F5F12968C93129727
:10D6700060917D0270917E02FB01FF278F010B58A4
:10D680001E4F7801F80182818F5F8283892F831B6F
:10D690008F3F61F021E0290F20937702892F90E0DE
:10D6A0008B589E4F11E0FC011283922F12968C91A1
:10D6B00012978F5F12968C93931B9F3F09F0B3CE06
:10D6C000425040937702BBCE84E090E09093820278
:10D6D000809381022F5F3F4F309384022093830217
:10D6E0004F5F5F4F50938602409385020C94D06148
:10D6F000D4018C91B091AC11A996BFAFA9978B239F
:10D7000009F022CB8090DF119090E011A090E11100
:10D71000B090E211B7FC3DC080912410909125108B
:10D72000A0912610B091271088159905AA05BB0570
:10D7300084F18091E3119091E411A091E511B091F1
:10D74000E611B7FD26C04091281050912910609134
:10D750002A1070912B10481759076A077B07CCF0E5
:10D760008091E7119091E811A091E911B091EA112F
:10D77000B7FD0FC040912C1050912D1060912E10CC
:10D7800070912F10481759076A077B0714F00C9403
:10D790004A5E9091770280917802292F281B2F3FB3
:10D7A00041F1E1E0E90FE0937702A92FB0E0AB5837
:10D7B000BE4F12961C922E2F281B2F3FD1F022E035
:10D7C000290F20937702F0E0EB58FE4F33E03283CD
:10D7D000422F50E05093800240937F02281B2F3F3E
:10D7E00041F09D5F90937702FA01EB58FE4F91E074
:10D7F000928390917702292F30E030937E0220931C
:10D800007D02492F481B4F3F09F456C79F5F9093F5
:10D810007702D901AB58BE4F91E012969C931297B4
:10D8200020917F0230918002AB963FAF2EAFAB9735
:10D83000F901FF27EB58FE4F92819F5F928312966A
:10D840009C9112979F5F12969C9320917702922F42
:10D85000981B9F3F59F091E0920F9093770230E030
:10D86000D901AB58BE4F94E012969C9392819F5F72
:10D87000928320917D0230917E02AB964EAD5FADDA
:10D88000AB975527EFEDF1E14B585E4F61E024C0B7
:10D89000D901BB27AB58BE4F12967C9112977F5F80
:10D8A00012967C93A09177027A2F781B7F3F49F0E4
:10D8B00071E07A0F70937702B0E0AB58BE4F1296CA
:10D8C0009C93DA0112969C9112979F5F12969C93FB
:10D8D000B1E1EB3EFB0771F091912F3F7FEF3707EE
:10D8E00009F49FC59111D4CF2FEF3FEFB1E1EB3E8B
:10D8F000FB0791F730937E0220937D0281E0B7FC15
:10D900000EC0409124105091251060912610709106
:10D910002710481559056A057B050CF080E00E9428
:10D9200003534091E3115091E4116091E51170911E
:10D93000E61181E077FD0EC00091281010912910AA
:10D9400020912A1030912B1004171507260737074E
:10D950000CF080E00E9403534091E7115091E811D0
:10D960006091E9117091EA1181E077FD0EC000919C
:10D970002C1010912D1020912E1030912F10041783
:10D980001507260737070CF080E00E9403538091AB
:10D99000770290917802891B8F3F09F469C58091C5
:10D9A0007D0290917E028F3FEFEF9E0709F437CB07
:10D9B0009927FC01EB58FE4F8FEF828330CB0E94FA
:10D9C0008D4E00913C0F10913D0F20913E0F3091F4
:10D9D0003F0FDC01CB01801B910BA20BB30B8B3FE4
:10D9E0009105A105B10510F40C94F9611091400F57
:10D9F00088E00E940F54812F0E9403538091770288
:10DA000090917802891B8F3F09F4CBC680917D02EB
:10DA100090917E028F3F2FEF920731F09927FC0102
:10DA2000EB58FE4F8FEF828380917B028F5F809354
:10DA30007B021092F20D1092F10D50E096CB0E94F5
:10DA40008D4E00913C0F10913D0F20913E0F309173
:10DA50003F0FDC01CB01801B910BA20BB30B8B3F63
:10DA60009105A105B10510F40C94F9611091400FD6
:10DA700088E00E940F54812F0E9403538091770207
:10DA800090917802891B8F3F09F4ECC580917D024B
:10DA900090917E028F3F1FEF910709F0F1C2F6C20D
:10DAA0000E948D4E00913C0F10913D0F20913E0F32
:10DAB00030913F0FDC01CB01801B910BA20BB30B0C
:10DAC0008B3F9105A105B10510F40C94F9611091FB
:10DAD000400F88E00E940F54812F0E9403538091D1
:10DAE000770290917802891B8F3F09F4BBC5809122
:10DAF0007D0290917E028F3FFFEF9F0709F0C0C229
:10DB0000C5C281E00C942261E6E1F9E025913491EF
:10DB10000C9438656091090F70910A0F80910B0F7A
:10DB200090910C0FA70196010E9478862B013C0171
:10DB300000900D0F04C076946794579447940A940C
:10DB4000D2F78091080F2091FA0E3091FB0E409190
:10DB5000FC0E5091FD0E81110CC02C0D3D1D4E1D73
:10DB60005F1D2093FA0E3093FB0E4093FC0E5093F2
:10DB7000FD0E57FD29C565817681878190850E94BC
:10DB80007886AB01BC01018404C0769567955795F2
:10DB900047950A94D2F753014201840E951EA61EA2
:10DBA000B71E8091FE0E9091FF0EA091000FB091D4
:10DBB000010FA7019601281B390B4A0B5B0B57FD80
:10DBC000E4C466857785808991890E947886DC0126
:10DBD000CB01028804C0B695A795979587950A94BE
:10DBE000D2F70091020F1091030F2091040F309192
:10DBF000050F800F911FA21FB31F8093020F9093F8
:10DC0000030FA093040FB093050F181619061A06F8
:10DC10001B060CF0F8C41FEF81169104A104B10497
:10DC20000CF047C04FEF50E060E070E04819590930
:10DC30006A097B098C019D01481759076A077B0710
:10DC400014F48A019B01B501A401400F511F621F0A
:10DC5000731F801B910BA20BB30B8093020F909349
:10DC6000030FA093040FB093050FF7FC0CC0809135
:10DC7000390F90E0A0E0B0E0481759076A077B072A
:10DC800014F4AC01BD014F3F5105610571058CF4E1
:10DC900014161506160617060CF02CC54093060F31
:10DCA0001092080F0CC0E6E1F9E0259134910C9434
:10DCB0008E658FEF8093060F81E08093080F60914F
:10DCC000060F70E08DE00E94E64DC092FE0ED092ED
:10DCD000FF0EE092000FF092010F80917101909180
:10DCE0007201803591050CF4B4CB813D27E0920799
:10DCF0000CF0B9C02091F4113091F51182179307FF
:10DD000084F02FB7F894E091BB11F091BC11908191
:10DD10008091B8118095892380832FBFA8950C949A
:10DD2000C6639FB7F894E091BB11F091BC112081BC
:10DD30008091B811822B80839FBFF0CF0E948D4EBF
:10DD400000913C0F10913D0F20913E0F30913F0FFD
:10DD5000DC01CB01801B910BA20BB30B8B3F910518
:10DD6000A105B10510F40C94F9613091400F809138
:10DD7000770220917802982F921B9F3F41F1E1E0BA
:10DD8000E80FE0937702A82FB0E0AB58BE4F129691
:10DD90001C929E2F921B9F3FD1F092E0980F909380
:10DDA0007702F0E0EB58FE4F48E04283492F50E005
:10DDB0005093800240937F02921B9F3F41F08D5F02
:10DDC00080937702FA01EB58FE4F81E082838091C5
:10DDD0007702482F50E050937E0240937D02982FA7
:10DDE000921B9F3F41F08F5F8093770281E0FA01A1
:10DDF000EB58FE4F828360917F0270918002DB01BD
:10DE0000BB278D010B581E4FF80182818F5F8283E3
:10DE1000332309F4E5C2FA01EB58FE4F82818F5F8C
:10DE2000828390917702892F821B8F3F61F041E0BE
:10DE3000490F40937702892F90E08B589E4FDC0169
:10DE400012963C93942FD80112968C9112978F5F63
:10DE500012968C93921B9F3F09F0D5C0625060933D
:10DE600077020C94F1618091770230917802982FBB
:10DE7000931B9F3F41F1E1E0E80FE0937702A82F69
:10DE8000B0E0AB58BE4F12961C929E2F931B9F3F43
:10DE9000D1F092E0980F90937702F0E0EB58FE4FAC
:10DEA00023E02283492F50E05093800240937F0269
:10DEB000931B9F3F41F08D5F80937702FA01EB58EF
:10DEC000FE4F81E0828320917702822F90E0909331
:10DED0007E0280937D02422F431B4F3F09F49CC377
:10DEE0002F5F20937702FC01EB58FE4F81E0828385
:10DEF00040917F0250918002DA01BB27AB58BE4FA0
:10DF000012968C9112978F5F12968C931297828142
:10DF10008F5F828390917702892F831B8F3F09F453
:10DF200000CB81E0890F80937702E92FF0E0EB5876
:10DF3000FE4F9BE09283982FF4CA1092C5006C01AB
:10DF40007D01E0E8CE0EE4E8DE1EEEE1EE1EF11CFF
:10DF500023E0CC0CDD1CEE1CFF1C2A95D1F79C01A4
:10DF6000AD0164E0220F331F441F551F6A95D1F79E
:10DF7000C701B6010E948786DA01C9010197A1098C
:10DF8000B1098093C4000FEF1FEF98010093531065
:10DF90001093541020935510309356100C94F25E49
:10DFA0000E948D4E00913C0F10913D0F20913E0F2D
:10DFB00030913F0FDC01CB01801B910BA20BB30B07
:10DFC0008B3F9105A105B10510F40C94F9611091F6
:10DFD000400F88E00E940F54812F0E9403538091CC
:10DFE000770290917802891B8F3F09F49EC380913C
:10DFF0007D0290917E028F3F3FEF930731F099278A
:10E00000FC01EB58FE4F8FEF828380917B028F5F84
:10E0100080937B020C94F16170E08DE00E94E64DEC
:10E020005CCE0E948D4E00913C0F10913D0F2091CF
:10E030003E0F30913F0FDC01CB01801B910BA20BF7
:10E04000B30B8B3F9105A105B10510F40C94F96158
:10E050001091400F88E00E940F54812F0E940353BB
:10E060008091770290917802891B8F3F09F4FAC260
:10E0700080917D0290917E028F3F0FEF900731F0EB
:10E080009927FC01EB58FE4F8FEF828380917B0232
:10E090008F5F80937B0227C9C0903C10D0903D10C9
:10E0A000E0903E10F0903F1031E0C31630E9D30607
:10E0B00031E0E306F10408F03CC180903810909004
:10E0C0003910A0903A10B0903B10BE016F5F7F4FA7
:10E0D00087E892E00E946556882309F448C026012B
:10E0E0003701480C591C6A1C7B1C8B8586FD1BC0A4
:10E0F0008F73880F9C8597FB992790F9892B082EA1
:10E10000000C990BAA0BBB0BB301A201482959299A
:10E110006A297B2984239523A623B723892B8A2B5D
:10E120008B2B09F04CC141E0441A51086108710879
:10E1300080918C02833071F069E0880C991CAA1CD4
:10E14000BB1C6A95D1F779E0440C551C661C771C02
:10E150007A95D1F7A501940160E287E892E00E94E8
:10E16000BE4C882309F4FEC281E680938702809129
:10E170008A028111FFC063E171E086E096E00E94AF
:10E1800064428091381090913910A0913A10B0916A
:10E190003B108C0D9D1DAE1DBF1D809338109093BC
:10E1A0003910A0933A10B0933B1080913C1090919D
:10E1B0003D10A0913E10B0913F108C199D09AE0901
:10E1C000BF0980933C1090933D10A0933E10B093F4
:10E1D0003F10892B8A2B8B2B11F00C94336481E038
:10E1E00090E090934710809346100C9433640C9405
:10E1F00000000C94D35E2091710022FF02C00C94A9
:10E200005B649093C7108093C61001E010E020E09B
:10E2100030E00093C2101093C3102093C4103093C9
:10E22000C5101092CC1010925C1010925B101092DE
:10E23000E2101092E1101092E0101092DF10809125
:10E24000A5089091A608009751F087E892E00E94F7
:10E25000C7438091A5089091A6080097B1F7109246
:10E260009B0410929C0410929D0410929E041092A4
:10E2700096041092950410929F081092A008109294
:10E28000A1081092A2081092A70801E010E020E077
:10E2900030E00093970410939804209399043093EE
:10E2A0009A041092EB0C1092EA0C0C945F640FE04D
:10E2B000EC31F00741F0D701C6018E7F892B8A2B04
:10E2C0008B2B09F028C20027112798010C191D0972
:10E2D0002E093F096081718182819381A901980192
:10E2E0000E947886DC01CB01048004C0B695A79516
:10E2F000979587950A94D2F7442455243201481AF9
:10E30000590A6A0A7B0A1DCC452B09F048C083E0F4
:10E3100090E0909382028093810281E090E090935C
:10E320008602809385020C94D061FC01EB58FE4F6D
:10E3300028C8C12CE0E9DE2EEE24E394F12CBDCEFA
:10E3400080917F028250809377020C94F561FC01EA
:10E35000EB58FE4F63C98091440F9091450F009791
:10E3600009F08AC188E199E090933B0F80933A0FBE
:10E370000C943E6987E892E00E945C4AFCCE251727
:10E3800031F063E171E08AE299E00E9464428EE23A
:10E3900099E090933B0F80933A0F0C940B6141E00E
:10E3A00050E050938202409381020C94D0618E7FA2
:10E3B0003E7F0C9467698E7F2E7F0C945A6682E6AE
:10E3C00080938702D4CE87E00E94A04B1092F20D7A
:10E3D0001092F10D10923B0F10923A0F0C94F961CC
:10E3E00030927E0220927D0280917702821B8F3FC5
:10E3F00009F00BCE33CD472D50E0272D281B2F3FA2
:10E4000051F011E0170DFA01EB58FE4F21E0228385
:10E41000712E212F281BFB0132813F5F32830C9428
:10E420004F6770917702272F30E0A72FA81BAF3FCF
:10E4300041F07F5F70937702D901AB58BE4F1296BF
:10E440006C93DA0112967C9112977F5F12967C93FF
:10E4500049CA42504093770277C830927E02209298
:10E460007D0290917702981B9F3F11F00C940F68EA
:10E4700080917F028250809377020C941468FC0193
:10E48000EB58FE4F2BC8E8E3F1E0259134910C9452
:10E4900038652091410F233809F412C16091400F73
:10E4A0008091560168138FCF6F5F09F430C160937C
:10E4B000400F7093F30D1092F40D822F90E0FC0149
:10E4C000E058F109E234F10508F41DC1622F81E042
:10E4D0000E94A04B0C94F161E8E3F1E025913491A6
:10E4E0000C948E6530927E0220927D02D4012C9194
:10E4F000A996BFADA9972B2391E009F490E0209154
:10E500007702422F50E050937E0240937D02322FDB
:10E51000381B3F3F41F02F5F20937702FA01EB5801
:10E52000FE4F21E02283AB96EEADFFADAB97FF2708
:10E53000EB58FE4F22812F5F22830C94D6673092D6
:10E540007E0220927D02F5019081692291E009F41A
:10E5500090E040917702242F30E030937E022093A8
:10E560007D02542F581B5F3F41F04F5F409377026D
:10E57000F901EB58FE4F41E0428312962C9112971D
:10E580002F5F12962C930C94A06750954095309570
:10E5900021953F4F4F4F5F4F6685778580899189E1
:10E5A0000E947886DC01CB01028804C0B695A7954D
:10E5B000979587950A94D2F7B095A09590958195F7
:10E5C0009F4FAF4FBF4F0DCB509540953095219544
:10E5D0003F4F4F4F5F4F65817681878190850E94C5
:10E5E0007886DC01CB01018404C0B695A795979588
:10E5F00087950A94D2F744275527BA01481B590B2F
:10E600006A0B7B0BC8CA0097A105B10509F094C03D
:10E6100000E010E0980117CBFC01EB58FE4F68CCEE
:10E62000E72DF0E0F0937E02E0937D021FEF51169C
:10E6300041F021E0270D20937702EB58FE4F91E047
:10E64000928312969C9112979F5F12969C931297B9
:10E650000C9470678E7F0C945A66F901EB58FE4F4C
:10E660000C94E96680917F028250809377020C942B
:10E6700073698E7F0C9467692091460F2F3F11F4C8
:10E680000C94A2682091950430919604B9016F5FB3
:10E690007F4F7093960460939504D901A957BD4F9D
:10E6A0001E961C9201979093450F8093440F892BDF
:10E6B00009F458CE0C94A268D901AB58BE4FB0C82B
:10E6C00081E08093400F7093F30D1092F40D0E943F
:10E6D0005F4B8091F10D9091F20D891B833010F00A
:10E6E0000C94F16163E171E08AEB9AE00E9464426C
:10E6F0000C94F1611092060F81E08093080FDFCA3D
:10E70000542F0C943766EA5BFF4F0C94C58681E06A
:10E710008093400FCECEA701960164E37FE08CE1A9
:10E720009FE00E94E7480C94C66380917F0282506C
:10E73000809377020C94F161181419041A041B04D5
:10E740000CF066CF44275527BA01481959096A09C0
:10E750007B098C019D0184179507A607B7070CF06C
:10E7600072CA6FCAA301920161E287E892E00E9437
:10E77000BE4C8111F9CC20E030E0A90166E287E8C7
:10E7800092E00E94BE4C8111EFCC60E177E287E815
:10E7900092E00E94804A811112C083E68093870232
:10E7A000E6CC80917F0282508093770242C980E458
:10E7B00099E090933B0F80933A0F0C94B06880914E
:10E7C0008A02882309F4DDCC87E892E00E945C4A43
:10E7D000D8CC0E94AB7D6093341070933510809339
:10E7E00036109093371021E0611574408105910532
:10E7F00009F4BDC2209333100E945F4B6ACF0E9480
:10E80000AB7D609353107093541080935510909388
:10E8100056100E948D4EDC01CB010A96A11DB11D40
:10E820008093571090935810A0935910B0935A109A
:10E830000E945F4B4ECF0E94624C10924D1010927E
:10E840004E1010924F1010925010863408F486E447
:10E85000682F70E084E00E94E64D0E945F4B39CF44
:10E860000E94AB7D6B017C01809146109091471016
:10E87000019731F063E171E08EEB96E00E94644213
:10E8800081E090E0A0E0B0E08093381090933910E0
:10E89000A0933A10B0933B10C0923C10D0923D1020
:10E8A000E0923E10F0923F1082E090E0909347108B
:10E8B000809346100E945F4B0CCF0E94EE8409CFDC
:10E8C0000E94624C182F0E94898440E0BC01812F75
:10E8D0000E9445540E945F4BFCCE0E94727D2B012A
:10E8E0003C010E94727D4B015C010E94727D6B01B4
:10E8F0007C010E94727D0E94727D81E080931110E4
:10E900004092DF115092E0116092E1117092E21199
:10E910008092E3119092E411A092E511B092E61179
:10E92000C092E711D092E811E092E911F092EA1159
:10E930000E945F4BCECE0E94D882CBCE0E94624C0A
:10E94000082F10E00115110509F427C28091461027
:10E95000909147100197B1F583E090E090934710B4
:10E960008093461010934910009348104FEF50E0E9
:10E970005093411040934010109245101092441053
:10E9800010924310109242108FE00E94A4851092C2
:10E990004B1010924A100E943B560130110509F4A9
:10E9A000E8C180ED97E09093990080939800809162
:10E9B0007100826080937100BBCF0E9437860E94F5
:10E9C0005F4B87CE63E171E08DE496E00E94644284
:10E9D000C3CF0E94727D0E944D840E945F4B79CE0E
:10E9E00064D677CEE3D575CE81E0809352100E9435
:10E9F0005F4B6FCE0E94AB7D2B013C010E94AB7D33
:10EA00004B015C010E94AB7D6B017C010E94624C5A
:10EA1000082F0E94624C182F0E94624C40922410D2
:10EA20005092251060922610709227108092281024
:10EA300090922910A0922A10B0922B10C0922C1004
:10EA4000D0922D10E0922E10F0922F1000933010E3
:10EA500010933110809332100E945F4B3ACE0E9487
:10EA600089847C010E9489848C010E948984F092AF
:10EA70001F10E0921E10109321100093201090930D
:10EA80002310809322100E945F4B23CE0E94624C81
:10EA90000E94E9831ECE0E94624C182F0E94624C95
:10EAA000082F61E0812F0E94A54D602F812F0E94C9
:10EAB000724D0E945F4B0DCE0E94624C0E94788383
:10EAC00008CE81E08093CC100E945F4B02CE0E9462
:10EAD000624C082F0E94624C182F013009F48CC13F
:10EAE0001093070F0E945F4BF4CD89D7F2CD0E949F
:10EAF0009784EFCD0E94624CF82E0E94624CE82E63
:10EB00000E94624C082F10E0102F00270E0D111DDF
:10EB1000B1E0BF1530F463E171E086E896E00E9451
:10EB20006442C80117FD1EC1813F910534F063E1C5
:10EB300071E087E896E00E946442EF2DF0E0EE0F6E
:10EB4000FF1FEF5EFF4E128301830E945F4BC1CD1A
:10EB5000CE01815A9F4F0E94537ECE01865A9F4F0D
:10EB60000E94537EBFD79B01AC01CE018B5A9F4FB1
:10EB7000AC962FAFAC97AD963FAFAD97AE964FAF7B
:10EB8000AE97AF965FAFAF970E94537ECE01805B8A
:10EB90009F4F0E94537ECE01855B9F4F0E94537E04
:10EBA000A1D74B015C01CE018A5B9F4F0E94537E2F
:10EBB000CE018F5B9F4F0E94537ECE0101960E9433
:10EBC000537E0E9489843C01E1E0F0E0EC0FFD1FE0
:10EBD000FF93EF93A696FFADA697FF93A5960FAD73
:10EBE000A5970F93A8961FADA8971F93A7967FADE3
:10EBF000A7977F93CE01855B9F4F6C01DE01A05BE1
:10EC0000BF4F7D018E010B5A1F4FAC962FADAC97B5
:10EC1000AD963FADAD97AE964FADAE97AF965FADAB
:10EC2000AF97BE01665A7F4F4496CFD770921710A8
:10EC3000609216100E945F4B0F900F900F900F90F4
:10EC40000F900F9046CD0E94608143CD0E94624C90
:10EC500010925601FE0131967F0110E0082F0AC084
:10EC60000E94624CD7018D937D011F5F1093560166
:10EC7000103411F01013F4CF602FCE0101960E94D2
:10EC8000617E27CD0E9489848C010E94624C109382
:10EC90000E0E00930D0E80930F0E0E945F4B19CD48
:10ECA0000E9489847C010E94624C182F0E948984F2
:10ECB000F0920E0EE0920D0E10930F0E9093110E27
:10ECC0008093100E0E945F4B04CD0E94624C182F5F
:10ECD0000E948984BC01812F0E940C860E945F4B98
:10ECE000F8CC0E9489840097A9F12FB7F8949093EB
:10ECF000EF0C8093EE0C2FBF1BCE0E94624C91E074
:10ED0000811101C090E09093030E0E945F4BE1CC13
:10ED10004BD5DFCCB9D3DDCC6AD2DBCCB4D2D9CCE5
:10ED20000E947559109211101092471010924610BF
:10ED30000E945F4BCECCF3D2CCCC0E940983C9CCCD
:10ED4000B9D10E945F4BC5CC0E94E185C2CC0E9424
:10ED50003183BFCC0E947559809171008B7F809365
:10ED60007100E6CD88279927801B910BDDCE20E02E
:10ED700041CD1092ED0C1092EC0C80ED97E0909349
:10ED80009B0080939A0090939900809398008091C3
:10ED90007100846080937100CBCD63E171E08CE4FD
:10EDA00096E00E946442809146109091471001972E
:10EDB00009F008CE83E090E09093471080934610CE
:10EDC0001092491010924810AFEFB0E0B09341108C
:10EDD000A0934010109245101092441010924310CE
:10EDE000109242108FE00E94A48510924B10109256
:10EDF0004A100E943B56D5CD682F70E08DE00E94EE
:10EE0000E64D6ECECF93DF9310927601109275018E
:10EE1000109278021092770210927B0280E590E0C7
:10EE200090937201809371019093700180936F01B0
:10EE300084E68093870210928C0280E58093900292
:10EE40001092910210929402109293021092A608CE
:10EE50001092A5081092A4081092A3088FE994E0DC
:10EE60009093A9088093A80810929B0410929C0488
:10EE700010929D0410929E04109296041092950494
:10EE800010929F081092A0081092A1081092A20858
:10EE90001092A70881E090E0A0E0B0E08093970492
:10EEA00090939804A0939904B0939A041092EB0C59
:10EEB0001092EA0C1092ED0C1092EC0C1092F20DE4
:10EEC0001092F10D1092730E1092720E1092020EAB
:10EED0001092010E80E890E09093110E8093100E36
:10EEE00021E02093030E21E030E030930E0E2093BA
:10EEF0000D0E10920F0E90930C0E80930B0E80E06F
:10EF000094E09093060E8093050E1092040E1092DA
:10EF1000F70D1092F80D1092F90D1092FA0D109253
:10EF2000FC0D1092FB0D1092FD0D1092FE0D109233
:10EF3000FF0D1092000E85E58093F50D1092F60DF1
:10EF40001092750E1092740E1092B60EE6EBFEE063
:10EF500080E590E0929382932EE0E637F207D1F7B6
:10EF60001092F70EE7EFFEE080E590E09293829337
:10EF7000AEE0E73BFA07D1F7E9E0FFE0F093F90EE6
:10EF8000E093F80E1092070F1092080F33E1EF0193
:10EF9000232F19922A95E9F781E090E0A0E0B0E0F4
:10EFA0008093090F90930A0FA0930B0FB0930C0F4F
:10EFB00021E020930D0F80930E0F90930F0FA093DD
:10EFC000100FB093110FECE1FFE0EF0119923A95A9
:10EFD000E9F780931C0F90931D0FA0931E0FB09321
:10EFE0001F0F2093200F8093210F9093220FA09347
:10EFF000230FB093240F1092390F1092DC1010924F
:10F00000DB101092E0101092DF101092E2101092BC
:10F01000E11010925C1010925B101092D7101092B9
:10F02000CC1010924D1010924E1010924F10109262
:10F03000501010925110109252108FEF9FEFDC0180
:10F040008093531090935410A0935510B093561082
:10F0500010924710109246101092491010924810CA
:10F06000109211101092131010921210109215108D
:10F070001092141010921A1010921B1010921C1063
:10F0800010921D1010924B1010924A10E9E4FFE00C
:10F0900080E590E081939193D0E1E131FD07D1F7D4
:10F0A00010923B0F10923A0F81E08093400FDF9156
:10F0B000CF9108951092F5111092F4118091F211F0
:10F0C0009091F311892B19F51092FA0E1092FB0E04
:10F0D0001092FC0E1092FD0E80916F0190917001C4
:10F0E000919581959109092E000CAA0BBB0B809379
:10F0F000FE0E9093FF0EA093000FB093010F10929D
:10F10000020F1092030F1092040F1092050F10922D
:10F11000F3111092F2111092390F8091F411909125
:10F12000F511892B19F51092FA0E1092FB0E109220
:10F13000FC0E1092FD0E80916F01909170019195DF
:10F1400081959109092E000CAA0BBB0B8093FE0E32
:10F150009093FF0EA093000FB093010F1092020F37
:10F160001092030F1092040F1092050F1092F511D8
:10F170001092F411809171008D7F809371008091C5
:10F1800071008B7F8093710081E090E09093471035
:10F190008093461010924910109248109093C71017
:10F1A0008093C61081E090E0A0E0B0E08093C210B0
:10F1B0009093C310A093C410B093C5101092CC10BC
:10F1C00010925C1010925B100E94262F1092EB0C94
:10F1D0001092EA0C10924D1010924E1010924F1097
:10F1E0001092501066E470E084E00C94E64DCF93EA
:10F1F000DF9300D000D0CDB7DEB78EE90E940F5468
:10F200008091F4119091F51189839A830E940353A0
:10F210008A810E9403538091F2119091F3118B83A4
:10F220009C830E9403538C810E94035380E00E94C0
:10F23000035380E00E9403538091770290917802FB
:10F24000891B8F3F31F480917F0282508093770237
:10F2500013C080917D0290917E028F3F2FEF920725
:10F2600031F09927FC01EB58FE4F8FEF828380919C
:10F270007B028F5F80937B020F900F900F900F9017
:10F28000DF91CF910895CF93DF9300D000D0CDB719
:10F29000DEB78DE90E940F54809171019091720147
:10F2A00089839A830E9403538A810E940353809129
:10F2B0006F01909170018B839C830E9403538C811A
:10F2C0000E94035380E00E94035380E00E94035396
:10F2D0008091770290917802891B8F3F31F4809161
:10F2E0007F0282508093770213C080917D029091BB
:10F2F0007E028F3F2FEF920731F09927FC01EB58E8
:10F30000FE4F8FEF828380917B028F5F80937B0221
:10F310000F900F900F900F90DF91CF910895CF93A2
:10F32000DF93CDB7DEB760970FB6F894DEBF0FBEA0
:10F33000CDBF88E90E940F54E091B311F091B41150
:10F3400090818091B211982381E009F480E00E94BD
:10F3500003538091DF113091E0112091E1119091E0
:10F36000E21189833A832B839C830E9403538A8111
:10F370000E9403538B810E9403538C810E9403538C
:10F38000E091B011F091B11190818091AF1198236B
:10F3900081E009F480E00E9403538091E3113091F1
:10F3A000E4112091E5119091E6118D833E832F8326
:10F3B00098870E9403538E810E9403538F810E947D
:10F3C000035388850E940353E091AD11F091AE1173
:10F3D00090818091AC11982381E009F480E00E9433
:10F3E00003538091E7113091E8112091E911909138
:10F3F000EA1189873A872B879C870E9403538A8565
:10F400000E9403538B850E9403538C850E940353F3
:10F4100080E00E9403531D861E861F86188A80E0A6
:10F420000E9403538E850E9403538F850E940353CD
:10F4300088890E9403538091770290917802891BFA
:10F440008F3F31F480917F0282508093770213C006
:10F4500080917D0290917E028F3F2FEF920731F0D5
:10F460009927FC01EB58FE4F8FEF828380917B023E
:10F470008F5F80937B0260960FB6F894DEBF0FBE5D
:10F48000CDBFDF91CF910895CF93DF93CDB7DEB796
:10F4900060970FB6F894DEBF0FBECDBF8FE90E9414
:10F4A0000F548091DF113091E0112091E111909182
:10F4B000E21189833A832B839C830E9403538A81C0
:10F4C0000E9403538B810E9403538C810E9403533B
:10F4D0008091E3113091E4112091E5119091E611B2
:10F4E0008D833E832F8398870E9403538E810E94D1
:10F4F00003538F810E94035388850E940353809198
:10F50000E7113091E8112091E9119091EA11898772
:10F510003A872B879C870E9403538A850E94035356
:10F520008B850E9403538C850E9403538091EB11BD
:10F530003091EC112091ED119091EE118D873E8765
:10F540002F87988B0E9403538E850E9403538F85CB
:10F550000E94035388890E940353809177029091FF
:10F560007802891B8F3F31F480917F028250809313
:10F57000770213C080917D0290917E028F3F2FEF22
:10F58000920731F09927FC01EB58FE4F8FEF8283F1
:10F5900080917B028F5F80937B0260960FB6F89418
:10F5A000DEBF0FBECDBFDF91CF9108950F931F93A4
:10F5B000CF93DF93CDB7DEB72C970FB6F894DEBFAD
:10F5C0000FBECDBF8CEB0E940F540CE111E1F8018E
:10F5D000848135812681978189833A832B839C831B
:10F5E0000E9403538A810E9403538B810E9403531C
:10F5F0008C810E940353F801808531852285938593
:10F600008D833E832F8398870E9403538E810E94AF
:10F6100003538F810E94035388850E940353F8018E
:10F62000848535852685978589873A872B879C87AA
:10F630000E9403538A850E9403538B850E940353C3
:10F640008C850E940353005F1F4FF1E10C3A1F07A6
:10F6500009F0BDCF8091770290917802891B8F3F8E
:10F6600031F480917F0282508093770213C08091A1
:10F670007D0290917E028F3F2FEF920731F0992704
:10F68000FC01EB58FE4F8FEF828380917B028F5FEE
:10F6900080937B022C960FB6F894DEBF0FBECDBFD1
:10F6A000DF91CF911F910F9108950F931F93CF93E7
:10F6B000DF93CDB7DEB72C970FB6F894DEBF0FBE41
:10F6C000CDBF8DEB0E940F540EEA18E0F801808147
:10F6D00031812281938189833A832B839C830E9489
:10F6E00003538A810E9403538B810E9403538C81B0
:10F6F0000E940353F80184813581268197818D838F
:10F700003E832F8398870E9403538E810E94035368
:10F710008F810E94035388850E940353F8018085DE
:10F7200031852285938589873A872B879C870E941C
:10F7300003538A850E9403538B850E9403538C8553
:10F740000E940353005F1F4FF8E00E3E1F0709F0B1
:10F75000BDCF8091770290917802891B8F3F31F461
:10F7600080917F0282508093770213C080917D0246
:10F7700090917E028F3F2FEF920731F09927FC0185
:10F78000EB58FE4F8FEF828380917B028F5F8093D7
:10F790007B022C960FB6F894DEBF0FBECDBFDF9173
:10F7A000CF911F910F910895CF93DF93CDB7DEB71F
:10F7B000A4970FB6F894DEBF0FBECDBF81EA0E94BA
:10F7C0000F54809146100E940353809171019091D3
:10F7D00072018D879E870E9403538E850E9403537A
:10F7E00080916F01909170018F87988B0E940353D5
:10F7F00088890E94035380919B0490919C04A0915E
:10F800009D04B0919E0440919F085091A008609182
:10F81000A1087091A208841B950BA60BB70B8983D6
:10F820009A83AB83BC830E9403538A810E94035353
:10F830008B810E9403538C810E94035380919B040F
:10F8400030919C0420919D0490919E048D833E8371
:10F850002F8398870E9403538E810E9403538F81C8
:10F860000E94035388850E9403538091DF1090917A
:10F87000E0102091E1103091E210821B930B9A8BE3
:10F88000898B0E9403538A890E9403538091EA0C5A
:10F890009091EB0C891B90E09C8B8B8B0E94035307
:10F8A0008C890E94035380914A1090914B108D8B4C
:10F8B0009E8B0E9403538E890E9403538091F41102
:10F8C0009091F5118F8B988F0E940353888D0E9421
:10F8D00003538091F2119091F311898F9A8F0E94B6
:10F8E00003538A8D0E9403539091060F8091070F56
:10F8F000811101C0892F0E94035380910B0E9091BA
:10F900000C0E8B8F9C8F0E9403538C8D0E9403538F
:10F910008091040E882361F08091050E9091060E6F
:10F920008D8F9E8F0E9403538E8D0E94035306C0BD
:10F9300080E00E94035384E00E9403538091EB1106
:10F940003091EC112091ED119091EE1189873A8759
:10F950002B879C870E9403538A850E9403538B85C3
:10F960000E9403538C850E94035380914010909114
:10F9700041108F8F98A30E94035388A10E940353C4
:10F98000809142109091431089A39AA30E9403533F
:10F990008AA10E94035380914410909145108BA33B
:10F9A0009CA30E9403538CA10E9403538091770271
:10F9B00090917802891B8F3F31F480917F028250B1
:10F9C0008093770213C080917D0290917E028F3FD9
:10F9D0002FEF920731F09927FC01EB58FE4F8FEF84
:10F9E000828380917B028F5F80937B02A4960FB607
:10F9F000F894DEBF0FBECDBFDF91CF910895DF92A7
:10FA0000EF92FF920F931F93CF93DF9300D000D01C
:10FA100000D0CDB7DEB780EB0E940F54E090720E9D
:10FA20008091730EE81AF12C86E0D82EFE1461F155
:10FA30000091730E81E0800F8093730E0F70D09E43
:10FA4000800111240E5E114FF8018081918189831C
:10FA50009A830E9403538A810E940353F801828192
:10FA600093818B839C830E9403538C810E94035358
:10FA7000F801848195818D839E830E9403538E813A
:10FA80000E940353F394D2CF809177029091780231
:10FA9000891B8F3F31F480917F02825080937702DF
:10FAA00013C080917D0290917E028F3FFFEF9F07F0
:10FAB00031F09927FC01EB58FE4F8FEF8283809144
:10FAC0007B028F5F80937B0226960FB6F894DEBF91
:10FAD0000FBECDBFDF91CF911F910F91FF90EF909F
:10FAE000DF9008950F931F93CF93DF930E94624C92
:10FAF000C82F0E94624C082F0E94624CD82F0E948F
:10FB0000624C4D2F50E060E070E0BA015527442769
:10FB100010E020E030E0322F212F102F0027400F7F
:10FB2000511F621F731F4C0F511D611D711D90E00D
:10FB3000A0E0B0E0B82FAA27992788278A019B0167
:10FB4000080F191F2A1F3B1FC901B801DF91CF9170
:10FB50001F910F9108950F931F93CF93DF930E94EE
:10FB6000624CD82F0E94624CC82F0E94624C082F12
:10FB70000E94624C482F50E060E070E0742F6627CE
:10FB80005527442710E020E030E098011127002796
:10FB9000400F511F621F731F4D0F511D611D711DBD
:10FBA0008C2F90E0A0E0B0E0BA2FA92F982F8827E3
:10FBB0008A019B01080F191F2A1F3B1FC901B801A9
:10FBC000DF91CF911F910F9108958F929F92AF92E5
:10FBD000BF92CF92DF92EF92FF920F931F93CF933A
:10FBE000DF93CDB7DEB7FC0195E0A9E0BFE001905F
:10FBF0000D929A95E1F785E0FB01AEE0BFE0019040
:10FC00000D928A95E1F72093130F3093140F4093D0
:10FC1000150F5093160F85E0F801A7E1BFE00190A2
:10FC20000D928A95E1F785E0F701ACE1BFE0019024
:10FC30000D928A95E1F785E0F601A1E2BFE001901F
:10FC40000D928A95E1F78092260F9092270FA0924D
:10FC5000280FB092290F85E0EF85F889AAE2BFE06E
:10FC600001900D928A95E1F785E0E989FA89AFE282
:10FC7000BFE001900D928A95E1F785E0EB89FC8960
:10FC8000A4E3BFE001900D928A95E1F7DF91CF9157
:10FC90001F910F91FF90EF90DF90CF90BF90AF90AA
:10FCA0009F908F900895CF93DF93EC0154DF68838A
:10FCB00079838A839B830E94624C8C83DF91CF91EE
:10FCC00008952F923F924F925F926F927F928F9200
:10FCD0009F92AF92BF92CF92DF92EF92FF920F93DB
:10FCE0001F93CF93DF93CDB7DEB7D2500FB6F89402
:10FCF000DEBF0FBECDBF9C01CE0101965C0180E44A
:10FD0000F50111928A95E9F7603410F4962F01C03D
:10FD100090E4492F50E0B901C5010E94F3860E948A
:10FD20008D4E6093DA087093DB088093DC08909323
:10FD3000DD0866246A94762CDD24DA944424439406
:10FD400079E2272EECE03E2EF5E0CF2E8E010F5FFC
:10FD50001D4FAEEF5A2E88248394912C0E948D4E15
:10FD60006093CA087093CB088093CC089093CD0819
:10FD70008091730190917401892B09F062C087E82A
:10FD800092E00E94334B8111D9C120E030E0A901FB
:10FD900068E187E892E00E94BE4C882349F02091F8
:10FDA0008B0242E36CE083E00E9491560E94FE4089
:10FDB000D50180E090E02D91E92FFF27E227EE0F9B
:10FDC000FF1FE85EF64F25913491982F88278227F0
:10FDD0009327A017B10779F75EBC0DB407FEFDCFDE
:10FDE00029812EBD2A81FE0133960DB407FEFDCF79
:10FDF0002EBDE017F10711F02191F7CF0DB407FEEA
:10FE0000FDCF9EBD0DB407FEFDCF8EBD0DB407FE28
:10FE1000FDCFDEBC0DB407FEFDCF8EB580938B0207
:10FE20008F71853009F482C187E5809387028091C4
:10FE30008A02882309F485C187E892E00E945C4A1F
:10FE400080C187E892E00E94334B811177C120E0A6
:10FE500030E0A9016DE087E892E00E94BE4C81117C
:10FE600008C0DEBC0DB407FEFDCF8EB5882309F4B3
:10FE700086C040918B029091770280917802292F61
:10FE8000281B2F3F79F0E1E0E90FE0937702A92FDB
:10FE9000B0E0AB58BE4F12961C922E2F281B2F3F5E
:10FEA00009F08FC190917702A92FB0E0B0937E0244
:10FEB000A0937D02292F281BAB58BE4F2F3F31F056
:10FEC0009F5F9093770212964C921297E0917F0277
:10FED000F0918002FF27EB58FE4F92819F5F928343
:10FEE00012969C9112979F5F12969C93A091770215
:10FEF0009A2F981B9F3F49F091E09A0F90937702B9
:10FF0000B0E0AB58BE4F12963C9292819F5F9283B5
:10FF100020917D0230917E02D901BB27AB58BE4FA4
:10FF200012969C9112979F5F12969C93A0917702D4
:10FF30009A2F981B9F3F49F091E09A0F9093770278
:10FF4000B0E0AB58BE4F12962C9292819F5F928385
:10FF50002F3F3F4F09F450C1411166C170927E029C
:10FF600060927D0290917702981B9F3F09F07CC1BF
:10FF700080917F028250809377020E94FE408091A0
:10FF80008A02882321F087E892E00E945C4A10925E
:10FF9000740110927301C0928F0292E0E92EF12C4D
:10FFA0000E948D4E2091CA083091CB084091CC0818
:10FFB0005091CD08DC01CB01821B930BA40BB50B38
:10FFC0004091CE085091CF086091D0087091D1082F
:10FFD0004F5F5F4F6F4F7F4F4093CE085093CF08D6
:10FFE0006093D0087093D1084091D2085091D30803
:10FFF0006091D4087091D508480F591F6A1F7B1F64
:020000021000EC
:100000004093D2085093D3086093D4087093D508D6
:100010004091D6085091D7086091D8087091D908BE
:10002000481759076A077B0740F48093D6089093D6
:10003000D708A093D808B093D908F2E0EF16F104DE
:1000400009F08CCE0E948D4E0091DA081091DB08E9
:100050002091DC083091DD08DC01CB01801B910B85
:10006000A20BB30B0091DE081091DF082091E0088D
:100070003091E1080F5F1F4F2F4F3F4F0093DE0875
:100080001093DF082093E0083093E1080091E20824
:100090001091E3082091E4083091E508080F191F3A
:1000A0002A1F3B1F0093E2081093E3082093E40803
:1000B0003093E5080091E6081091E7082091E808E0
:1000C0003091E908081719072A073B0740F4809385
:1000D000E6089093E708A093E808B093E9088AEA55
:1000E0000E940F5481E00E94035380917702909107
:1000F0007802891B8F3F31F480917F028250809378
:100100007702C5C080917D0290917E028F3F2FEFD4
:10011000920731F09927FC01EB58FE4F8FEF828355
:1001200080917B028F5F80937B02B1C087E892E071
:100130000E94A54A9092740180927301E12CF12CE7
:100140002FCF80918F02815080938F02811135C013
:10015000F0908B02E090870283E00E940F548CE0C5
:100160000E9403538E2D0E9403538F2D0E94035330
:100170008091770290917802891B8F3F31F48091B2
:100180007F0282508093770212C080917D0290910D
:100190007E028F3FFFEF9F0729F09927FC01EB5864
:1001A000FE4FD28280917B028F5F80937B020E9400
:1001B000FE40EE24E394F12CF3CEEE24E394F12CF4
:1001C000EFCE22E0290F20937702F0E0EB58FE4FAC
:1001D00033E03283622F70E07093800260937F027D
:1001E000281B2F3F09F45ECE9D5F90937702FB01A1
:1001F000EB58FE4F428256CE90917702292F30E085
:1002000030937E0220937D02592F581B5F3F41F0AF
:100210009F5F90937702D901AB58BE4F12964C92D4
:1002200092819F5F928398CEA0917D02B0917E02D1
:10023000BB27AB58BE4F12969C9112979F5F1296A8
:100240009C93A09177029A2F981B9F3F49F091E0D1
:100250009A0F90937702B0E0AB58BE4F12964C9332
:1002600092819F5F92837ECE80917D0290917E02EB
:100270008F3FEFEF9E0729F09927FC01EB58FE4FC7
:10028000D28280917B028F5F80937B0276CEDE5F8D
:100290000FB6F894DEBF0FBECDBFDF91CF911F9197
:1002A0000F91FF90EF90DF90CF90BF90AF909F9015
:1002B0008F907F906F905F904F903F902F90089518
:1002C0009F92AF92BF92CF92DF92EF92FF920F93E5
:1002D0001F93CF93DF93CDB7DEB7D2500FB6F8940C
:1002E000DEBF0FBECDBF0E948D4E6093BA087093E3
:1002F000BB088093BC089093BD0899249A9485E02C
:10030000A82E90E3B92E0E948D4E6093AA08709398
:10031000AB088093AC089093AD0820E030E0A901D1
:1003200061E187E892E00E94BE4C882319F0B09208
:10033000870215C040E052E0BE016F5F7F4F87E843
:1003400092E00E94AB4A882351F080918A02882370
:1003500009F417C187E892E00E945C4A12C18091BB
:100360008A02882321F087E892E00E945C4A80910B
:100370008E02815080938E02811131C010918B02C8
:100380000091870283E00E940F5489E00E9403538A
:10039000802F0E940353812F0E9403538091770284
:1003A00090917802891B8F3F31F480917F028250B7
:1003B0008093770212C080917D0290917E028F3FE0
:1003C0002FEF920729F09927FC01EB58FE4F9282FC
:1003D00080917B028F5F80937B020E94FE4001E050
:1003E00010E00E948D4EC090AA08D090AB08E0901B
:1003F000AC08F090AD08DC01CB018C199D09AE0969
:10040000BF09C090AE08D090AF08E090B008F0905F
:10041000B1082FEFC21AD20AE20AF20AC092AE085D
:10042000D092AF08E092B008F092B108C090B20844
:10043000D090B308E090B408F090B508C80ED91E6B
:10044000EA1EFB1EC092B208D092B308E092B40834
:10045000F092B508C090B608D090B708E090B80800
:10046000F090B908C816D906EA06FB0640F4809356
:10047000B6089093B708A093B808B093B9080230B3
:10048000110509F040CF0E948D4E0091BA081091DD
:10049000BB082091BC083091BD08DC01CB01801B5A
:1004A000910BA20BB30B0091BE081091BF082091D5
:1004B000C0083091C1080F5F1F4F2F4F3F4F00936F
:1004C000BE081093BF082093C0083093C108009164
:1004D000C2081091C3082091C4083091C508080FC4
:1004E000191F2A1F3B1F0093C2081093C3082093B3
:1004F000C4083093C5080091C6081091C708209120
:10050000C8083091C908081719072A073B0740F4A3
:100510008093C6089093C708A093C808B093C908F1
:100520008BEA0E940F5481E00E9403536FE370E056
:10053000CE01019669D4682FCE0101960E945953CD
:100540008091770290917802891B8F3F31F48091DE
:100550007F0282508093770219C080917D02909132
:100560007E028F3F2FEF920731F09927FC01EB5865
:10057000FE4F8FEF828380917B028F5F80937B029F
:1005800005C0A0928E0202E010E02BCFDE5F0FB616
:10059000F894DEBF0FBECDBFDF91CF911F910F91B9
:1005A000FF90EF90DF90CF90BF90AF909F90089515
:1005B00081EC0E940F5481E00E94035365E08BE2BE
:1005C00091E00E9459536AE081E391E00E945953FF
:1005D0008091770290917802891B8F3F31F480914E
:1005E0007F02825080937702089580917D029091DE
:1005F0007E028F3F2FEF920731F09927FC01EB58D5
:10060000FE4F8FEF828380917B028F5F80937B020E
:10061000089587E90E940F54809111100E9403539E
:100620008091770290917802891B8F3F31F48091FD
:100630007F02825080937702089580917D0290918D
:100640007E028F3F2FEF920731F09927FC01EB5884
:10065000FE4F8FEF828380917B028F5F80937B02BE
:100660000895CF93DF9300D000D0CDB7DEB782EAF4
:100670000E940F548091070E3091080E2091090EB0
:1006800090910A0E89833A832B839C830E940353A3
:100690008A810E9403538B810E9403538C810E94A4
:1006A00003538091770290917802891B8F3F31F438
:1006B00080917F0282508093770213C080917D02E7
:1006C00090917E028F3F2FEF920731F09927FC0126
:1006D000EB58FE4F8FEF828380917B028F5F809378
:1006E0007B020F900F900F900F90DF91CF910895A4
:1006F0000F931F93CF93DF9300D000D0CDB7DEB719
:10070000182F62E00E94A54D212F30E0F901EE592B
:10071000F44F8491F901EE5BF44F0491F901EE5D21
:10072000F44F14911123A1F081110E943C4DE12F4F
:10073000F0E0EE0FFF1FE85EF44FA591B491EC914D
:10074000E02391E080E009F490E0092F182F02C027
:1007500000E010E086EB0E940F54C801110FAA0BB5
:10076000BB0B89839A83AB83BC830E9403538A812A
:100770000E9403538B810E9403538C810E94035378
:100780008091770290917802891B8F3F31F480919C
:100790007F0282508093770213C080917D029091F6
:1007A0007E028F3F2FEF920731F09927FC01EB5823
:1007B000FE4F8FEF828380917B028F5F80937B025D
:1007C0000F900F900F900F90DF91CF911F910F918D
:1007D00008950F931F93CF93DF9300D000D0CDB730
:1007E000DEB7883038F0883120F09FE1981B892FE0
:1007F00001C08FEF8770806480937C0080917A00C5
:10080000806480937A0080917A0086FDFCCF1091FD
:1008100078000091790088EB0E940F54812F90E0BE
:10082000902B092E000CAA0BBB0B89839A83AB83F8
:10083000BC830E9403538A810E9403538B810E94D0
:1008400003538C810E940353809177029091780228
:10085000891B8F3F31F480917F0282508093770211
:1008600013C080917D0290917E028F3F2FEF9207FF
:1008700031F09927FC01EB58FE4F8FEF8283809176
:100880007B028F5F80937B020F900F900F900F90F1
:10089000DF91CF911F910F9108958091A5089091BC
:1008A000A608892B31F063E171E085E598E00E94AC
:1008B000644263E171E086E598E00E94644287E863
:1008C00092E00E94C7438111FACF8EEB0E940F5431
:1008D0008091770290917802891B8F3F31F480914B
:1008E0007F02825080937702089580917D029091DB
:1008F0007E028F3F2FEF920731F09927FC01EB58D2
:10090000FE4F8FEF828380917B028F5F80937B020B
:100910000895CF930E94624CC82F0E94624C282FEA
:1009200030E0922F88278C0F911DCF910895CF939F
:10093000DF9300D000D0CDB7DEB78FEA0E940F540E
:100940002091F9113091FA11CE010196211531054E
:1009500029F48D5F91419A83898304C0821B930B94
:100960009A83898389819A81092E000CAA0BBB0B7B
:1009700089839A83AB83BC830E9403538A810E943C
:1009800003538B810E9403538C810E9403538091F7
:10099000770290917802891B8F3F31F480917F021A
:1009A00082508093770213C080917D0290917E02E5
:1009B0008F3F2FEF920731F09927FC01EB58FE4F44
:1009C0008FEF828380917B028F5F80937B020F90F9
:1009D0000F900F900F90DF91CF9108950F931F9379
:1009E000CF93DF93CDB7DEB760970FB6F894DEBF35
:1009F0000FBECDBF87E80E940F54BE016F5F7F4FCF
:100A000087E892E00E946556882309F45DC08981D9
:100A1000807C71F58F81837090E0982F8827990FE3
:100A2000990F288544E0249F90011124822B932B59
:100A300029852295269526952370822B0196A0E084
:100A4000B0E04A854370440F2B8527FB222720F90D
:100A5000422B2E812F7030E0240F311D2750310999
:100A600004C0880F991FAA1FBB1F2A95D2F72FC059
:100A7000803451F58A8590E0A0E0B0E08C019D01C2
:100A80000F5F1F4F2F4F3F4F498550E060E070E0F0
:100A9000B62FA52F942F8827800F911FA21FB31F59
:100AA00048854F7350E060E070E0BA015527442755
:100AB000840F951FA61FB71F3AE0880F991FAA1F22
:100AC000BB1F3A95D1F703C080E090E0DC010197AD
:100AD000A109B10989839A83AB83BC830E94035324
:100AE0008A810E9403538B810E9403538C810E9450
:100AF00003538091770290917802891B8F3F31F4E4
:100B000080917F0282508093770213C080917D0292
:100B100090917E028F3F2FEF920731F09927FC01D1
:100B2000EB58FE4F8FEF828380917B028F5F809323
:100B30007B0260960FB6F894DEBF0FBECDBFDF918B
:100B4000CF911F910F91089580FF0DC03FB7F8948A
:100B5000E091B611F091B71120819091B511909567
:100B6000922390833FBF81FF0DC03FB7F894E0917F
:100B7000B611F091B71120819091B5119095922303
:100B800090833FBF82FF0DC03FB7F894E091F7110B
:100B9000F091F81120819091F61190959223908315
:100BA0003FBF83FF0DC02FB7F894E091B611F091CD
:100BB000B71190818091B5118095892380832FBFD3
:100BC0000895CF93DF930E94624CC82F0E94624C1D
:100BD000282F30E0322F2227C9018C0F911D9093CE
:100BE0000101809300010E94624C843631F062E082
:100BF00084EADF91CF910C94A04BC9E4DFE089DE59
:100C00008993999380E1C131D807C9F761E084EAFB
:100C1000DF91CF910C94A04BCF93C82F81E090E04F
:100C20009093ED0C8093EC0CC093F00C7093EF0C50
:100C30006093EE0C8C2F88DFC0FF02C0459801C086
:100C4000459AC1FF02C0479801C0479AC2FF02C03F
:100C50002A9801C02A9AC3FF02C0289801C0289A86
:100C600080917100846080937100CF910895CF933B
:100C7000DF938091461090914710029734F063E122
:100C800071E088EE95E00E94644210921810C1E075
:100C9000D0E0D093C710C093C61081E090E0A0E0F0
:100CA000B0E08093C2109093C310A093C410B0938F
:100CB000C5101092CC1010925C1010925B100E9424
:100CC000262F1092EB0C1092EA0CD0934710C09391
:100CD000461080E094E0A0E0B0E080933410909360
:100CE0003510A0933610B0933710DF91CF9108954F
:100CF000DB018F939F935ED0BF91AF91A29F800D38
:100D0000911DA39F900DB29F900D11240895A1E213
:100D10001A2EAA1BBB1BFD010DC0AA1FBB1FEE1F75
:100D2000FF1FA217B307E407F50720F0A21BB30BC0
:100D3000E40BF50B661F771F881F991F1A9469F73C
:100D400060957095809590959B01AC01BD01CF0198
:100D50000895052E97FB16F400940FD057FD05D08B
:100D6000D6DF07FC02D046F408C050954095309578
:100D700021953F4F4F4F5F4F089590958095709507
:100D800061957F4F8F4F9F4F0895EE0FFF1F0024F7
:100D9000001C0BBE0790F691E02D09948927082EC0
:100DA000029480258C5F8B7F8A5F83FD83958170A1
:100DB0009927089509D0A59F900DB49F900DA49FE9
:100DC000800D911D11240895A29FB001B39FC00111
:100DD000A39F700D811D1124911DB29F700D811D67
:100DE0001124911D0895FB01DC014150504048F051
:100DF00001900D920020C9F701C01D924150504052
:100E0000E0F70895F8940BC0FC0161507040019028
:100E10000110D8F7809590958E0F9F1F0895F89434
:020E2000FFCF02
:100E2200AA000000FD118000747862756666657222
:100E32002E680064647072696E742E63707000684C
:100E4200616C5F6176722E637070003738303831B2
:100E520000323032362D30342D30380064647465FF
:100E62006D702E6370700066696C73656E736F725D
:060E72002E637070000009
:00000001FF
