:10000000EBC300001AC4000018C4000016C40000AE
:1000100014C4000012C4000010C400000EC400008C
:100020000CC400000AC4000008C4000006C400009C
:1000300004C4000002C4000000C40000FEC30000AD
:10004000FCC300000C946E520C94204AF6C30000CE
:10005000F4C30000F2C30000F0C300000C940D498B
:10006000ECC300000C942754E8C30000E6C3000072
:10007000E4C30000E2C30000E0C30000DEC30000F0
:10008000DCC30000DAC30000D8C30000D6C3000000
:10009000D4C30000D2C30000D0C30000CEC3000010
:1000A000CCC30000CAC30000C8C30000C6C3000020
:1000B000C4C30000C2C30000C0C30000BEC3000030
:1000C000BCC30000BAC30000B8C30000B6C3000040
:1000D000B4C30000B2C30000B0C30000AEC3000050
:1000E000ACC30000C06D826D8A6B8A6B8A6B516DE8
:1000F000446D416D146D026DFA6F8A6B8A6B8A6B69
:100100008A6B8A6B8A6B8A6B8A6B8A6B8A6B8A6B47
:100110008A6BF76FF56F8A6B8A6B8A6BE56FE36F9B
:10012000E16FDF6F8A6BDD6FDA6F8A6BD76FC46F39
:10013000B86FAC6F976F896F6B6F686FD36E8A6B98
:10014000A56EA26EA06E946E8A6B8A6B8E6E8A6BA1
:10015000896E786E736E5C6E1D6E176E156E136E03
:100160000C6EE66CD06C7F6D3D47414745474B4771
:1001700051473C4757475D47634769476F47754756
:100180007B4781473C4787478D473747304838484A
:100190003D48474851481F485B4863486B4875488D
:1001A0007F4889489848A2481F48AC48B648C0488C
:1001B00009001B002E0040005300650078008A00F3
:1001C0009D00AF00C200D400E700F9000C011E0141
:1001D00031014301560168017B018E01A001B30189
:1001E000C601D801EB01FE011002230236024802CB
:1001F0005B026E0281029302A602B902CC02DF0208
:10020000F102040317032B033D035003620375033C
:1002100088039B03AE03C103D403E703FA030D0471
:1002200020043304460459046C047F049204A5049A
:10023000B804CB04DE04F104040517052A053E05C5
:100240005105640577058A059D05B105C405D705E7
:10025000EA05FE051106240637064B065E06710602
:1002600085069806AB06BF06D206E506F9060C071A
:100270002007330746075A076D0781079407A80729
:10028000BB07CF07E207F60709081D083108440835
:1002900058086B087F089308A608BA08CD08E1083B
:1002A000F50809091C093009440957096B097F0938
:1002B0009309A609BA09CE09E209F6090A0A1D0A34
:1002C000310A450A590A6D0A810A950AA90ABD0A26
:1002D000D10AE50AF90A0D0B210B350B490B5D0B11
:1002E000710B850B990BAD0BC10BD50BE90BFE0BFD
:1002F000120C260C3A0C4E0C620C770C8B0C9F0CDB
:10030000B30CC80CDC0CF00C040D190D2D0D410DB7
:10031000560D6A0D7E0D930DA70DBC0DD00DE50D8C
:10032000F90D0D0E220E360E4B0E5F0E740E880E5A
:100330009D0EB20EC60EDB0EEF0E040F190F2D0F21
:10034000420F560F6B0F800F940FA90FBE0FD30FE4
:10035000E70FFC0F111026103B104F10641079109E
:100360008E10A310B810CC10E110F6100B11201154
:1003700035114A115F11741189119E11B311C81101
:10038000DD11F21107121D12321247125C127112A6
:1003900086129B12B112C612DB12F01206131B1347
:1003A000301345135B13701385139B13B013C513E0
:1003B000DB13F01306141B14301446145B14711471
:1003C00086149C14B114C714DC14F21408151D15FE
:1003D000331548155E15741589159F15B515CA1581
:1003E000E015F6150C16211637164D1663167916FC
:1003F0008E16A416BA16D016E616FC161217281773
:100400003E1754176A1780179617AC17C217D817DC
:10041000EE1704181A18301846185C187218891844
:100420009F18B518CB18E118F8180E1924193A19A5
:10043000511967197D199419AA19C119D719ED19FC
:10044000041A1A1A311A471A5E1A741A8B1AA11A48
:10045000B81ACE1AE51AFB1A121B291B3F1B561B92
:100460006D1B831B9A1BB11BC71BDE1BF51B0C1CD2
:10047000231C391C501C671C7E1C951CAC1CC31C07
:10048000D91CF01C071D1E1D351D4C1D631D7A1D3A
:10049000911DA91DC01DD71DEE1D051E1C1E331E5E
:1004A0004A1E621E791E901EA71EBF1ED61EED1E7E
:1004B000051F1C1F331F00002110422063308440A1
:1004C000A550C660E770088129914AA16BB18CC123
:1004D000ADD1CEE1EFF13112100273325222B5529A
:1004E0009442F772D662399318837BB35AA3BDD373
:1004F0009CC3FFF3DEE36224433420040114E6646A
:10050000C774A44485546AA54BB528850995EEE5C2
:10051000CFF5ACC58DD55336722611163006D77679
:10052000F6669556B4465BB77AA719973887DFF712
:10053000FEE79DD7BCC7C448E5588668A778400841
:10054000611802282338CCC9EDD98EE9AFF9488962
:1005500069990AA92BB9F55AD44AB77A966A711AD9
:10056000500A333A122AFDDBDCCBBFFB9EEB799BB2
:10057000588B3BBB1AABA66C877CE44CC55C222C29
:10058000033C600C411CAEED8FFDECCDCDDD2AAD02
:100590000BBD688D499D977EB66ED55EF44E133EB9
:1005A000322E511E700E9FFFBEEFDDDFFCCF1BBF52
:1005B0003AAF599F788F8891A981CAB1EBA10CD12C
:1005C0002DC14EF16FE18010A100C230E320045034
:1005D000254046706760B9839893FBA3DAB33DC3A7
:1005E0001CD37FE35EF3B1029012F322D232354284
:1005F000145277625672EAB5CBA5A89589856EF537
:100600004FE52CD50DC5E234C324A01481046674D3
:10061000476424540544DBA7FAB79987B8975FE786
:100620007EF71DC73CD7D326F2369106B016576623
:100630007676154634564CD96DC90EF92FE9C8990E
:10064000E9898AB9ABA94458654806782768C01873
:10065000E1088238A3287DCB5CDB3FEB1EFBF98BE6
:10066000D89BBBAB9ABB754A545A376A167AF10AC3
:10067000D01AB32A923A2EFD0FED6CDD4DCDAABDF6
:100680008BADE89DC98D267C076C645C454CA23C13
:10069000832CE01CC10C1FEF3EFF5DCF7CDF9BAFC6
:1006A000BABFD98FF89F176E367E554E745E932E63
:1006B000B23ED10EF01E00002000230026002900CB
:1006C0002C002F0032000001000003010601090187
:1006D00005050505070508080808020202020A0ABE
:1006E00008080404040401010101010101010303DC
:1006F000030303030303040707070C0C0C0C0C0C87
:100700000C0C0202020206060606060606060B0B83
:100710000B0B0B0B0B0B01021020200808102040C4
:1007200010204080020102010804020101020408B5
:100730001020408080402010080402018004020143
:10074000804020100804020108040201010204088C
:1007500010204080010204081020408000000A0B95
:1007600002090C0D0E080703040100000000000040
:100770000000000000000000000000000000000079
:100780000000000000000000121110000000000036
:100790000000000000000000000000000000000059
:1007A000000000002100240027002A002D00300056
:1007B000330001010000040107010A0100002200CA
:1007C000250028002B002E0031003400020100001B
:1007D000050108010B01467011241FBECFEFD1E2C5
:1007E000DEBFCDBF00E00CBF12E0A0E0B2E0E8E762
:1007F000FFEF00E00BBF02C007900D92A635B107D6
:10080000D9F723E1A6E5B2E001C01D92A533B207F6
:10081000E1F713E0CCEED3E000E006C02197010938
:10082000802FFE010E94717FCB3ED10780E0080738
:10083000A9F70E94B3560C94AD7FE2CBCF92DF9222
:10084000EF92FF920F931F93CF93DF9380915E11EE
:1008500090915F118A3A23E0920711F40C94B61636
:1008600008F4D9C18839E4E09E0711F40C943912D8
:1008700008F0FCC1813024E0920711F40C9441117E
:1008800008F000C6823DF3E09F0711F40C94381C79
:1008900010F40C94F1198B3E23E0920711F40C94A0
:1008A000CE10883FE3E09E0711F40C94FE108F3DBC
:1008B000934011F00C94AC108091CD119091CE1119
:1008C000009711F40C946B1701979093CE118093BD
:1008D000CD11E091ED0D81E08E0F8093ED0DF0E0F4
:1008E000EE0FFF1FEE0FFF1FE351F64F8091DA115D
:1008F0009091DB11A091DC11B091DD118083918387
:10090000A283B38380916F1190917011019790939E
:10091000701180936F11892B11F40C94B510109203
:10092000DF111092DE1181E08093E61182ED93E0F9
:1009300090935F1180935E118091E4119091E51185
:100940006091E2117091E311681B790B7093EC11C7
:100950006093EB11A091E6112A2F30E06217730724
:1009600010F00C9491236115710511F40C94391F4A
:10097000E091E011F091E11140E050E020E0E80F5B
:10098000F91F80E090E0A150EF01C40FD51F38811E
:10099000EC01C252DE4E39878A2F821B8093E6110A
:1009A0002F5F822F90E0AC018617970768F386EAE5
:1009B00091E09093DF118093DE118091AA09882342
:1009C00009F408C28091AB099091AC09825A954014
:1009D00011F40C94592782EA95E09093AC09809326
:1009E000AB09DC018091A6099091A7094091A20969
:1009F0005091A3096091A4097091A509480F591F4E
:100A0000611D711D4093A2095093A3096093A4092D
:100A10007093A5091092AA099093E3118093E211B3
:100A2000B093E111A093E0114091E6114423A9F0A5
:100A30008091EB119091EC11FC01E951FE4E9C016B
:100A4000265F3F4F8FEF840F280F311D22523E4EFD
:100A50008D918193E217F307D9F787EE91E1909397
:100A6000EE118093ED11842F90E09093E511809327
:100A7000E411E7EEF1E18FEF9FEF9093DF118093A8
:100A8000DE118091D911882311F40C94E71FA08105
:100A90002091D0113091D1114091D2115091D311A8
:100AA000B0E00E94857FDC01CB012AE0B695A795D6
:100AB000979587952A95D1F79093DD118093DC1156
:100AC00090916A119093DB1180916911882311F440
:100AD0000C94981D40918511509186116091871159
:100AE0007091881177FF02C00C9418260091AD1107
:100AF0001091AE112091AF113091B011400F511FE4
:100B0000621F731F40938511509386116093871164
:100B10007093881191609093DB11813011F00C94E7
:100B2000981D40918D1150918E1160918F1170918F
:100B3000901177FF02C00C94A3230091B51110917E
:100B4000B6112091B7113091B811400F511F621F9B
:100B5000731F40938D1150938E1160938F1170937A
:100B600090119091DB1194609093DB11833039F1F7
:100B70004091911150919211609193117091941143
:100B800077FF02C00C94B9230091B9111091BA11EA
:100B90002091BB113091BC11400F511F621F731F78
:100BA000409391115093921160939311709394110B
:100BB0009091DB1198609093DB11843029F1809142
:100BC000951190919611A0919711B0919811B7FF3E
:100BD00002C00C9472254091BD115091BE116091DC
:100BE000BF117091C011840F951FA61FB71F80936E
:100BF000951190939611A0939711B09398118091AD
:100C0000DB1180618093DB118FED93E090935F1196
:100C100080935E1151CE843AF2E09F0711F40C9458
:100C2000D50E08F0E1C08138E2E09E0709F4DAC78A
:100C300008F4ACC68D38F2E09F0711F40C94550E01
:100C400010F40C94921B853922E0920711F40C9455
:100C5000970E8939E2E09E0711F40C94B20E8139A7
:100C6000924011F00C94AC100C94760E8D3DE4E0A3
:100C70009E0711F40C94661908F0FAC4853B24E031
:100C8000920709F463C010F40C94851B853CE4E0E2
:100C90009E07E1F0813DF4E09F0711F40C94221CC3
:100CA000823C944011F00C94AC100E944D54811180
:100CB00091C0E091ED11F091EE1180818093DB11F4
:100CC00085EC94E090935F1180935E118091CD113B
:100CD0009091CE11009711F40C946B17019790939B
:100CE000CE118093CD11E091ED0D81E08E0F8093B8
:100CF000ED0DF0E0EE0FFF1FEE0FFF1FE351F64F7B
:100D00008091DA119091DB11A091DC11B091DD118D
:100D100080839183A283B3838091C9119091CA117A
:100D200001979093CA118093C911892B11F40C94E7
:100D30009F1B1092DF111092DE1181E08093E6116B
:100D400085EB94E090935F1180935E110E944D5467
:100D5000811140C0E091ED11F091EE118081A091E0
:100D60006311B0916411A80FB11D87FDBA95B093BE
:100D70006411A09363118091D911882311F40C940C
:100D800010212091D0113091D1114091D211509168
:100D9000D3110E94857FDC01CB014AE0B695A7956F
:100DA000979587954A95D1F79093DD118093DC1143
:100DB0001092DF111092DE1181E08093E61182EC37
:100DC00094E090935F1180935E110E944D548823AC
:100DD00009F46FCF81E0DF91CF911F910F91FF90C8
:100DE000EF90DF90CF9008958B3423E0920711F4B9
:100DF0000C94091C08F09BC48830F3E09F0711F4A1
:100E00000C94851010F40C949418853323E0920709
:100E100009F48DC08234E3E09E0709F459C18C3097
:100E2000934011F00C94AC100E944D548111D2CF1C
:100E3000E091ED11F091EE112081318130936E112E
:100E400020936D1100916911E02FF0E0EE0FFF1F6C
:100E5000EE0FFF1FE25AFE4EC388D488E588F6885D
:100E6000C092C111D092C211E092C311F092C4118C
:100E7000C1E7D1E1E9E9F1E110E00117F1F04881C2
:100E800059816A817B81440F551F661F771FDB01E3
:100E9000CA018C199D09AE09BF098C8B9D8BAE8B45
:100EA000BF8B40835183628373838C199D09AE0984
:100EB000BF09848B958BA68BB78B1F5F24963496C6
:100EC0001530D9F6609165117091661180916711A6
:100ED00090916811FC01E60FF71F40916F1150913E
:100EE00070114E0F5F1F240F351FC21AD30AE1087D
:100EF000F108C092C511D092C611E092C711F092CC
:100F0000C811672B11F40C9484178091DA118F7B30
:100F10008093DA111092DF111092DE1182E080933B
:100F2000E61185E393E090935F1180935E110E9438
:100F30004D5481114FCF8091D911E091ED11F09175
:100F4000EE11882311F40C94311FA081B1812091FE
:100F5000D0113091D1114091D2115091D3110E94F2
:100F6000857FDC01CB012AE0B695A79597958795FB
:100F70002A95D1F79093DD118093DC1190916A113D
:100F80009093DB1180916911882311F40C94461D14
:100F9000409185115091861160918711709188114F
:100FA00077FF02C00C94E1250091AD111091AE11B4
:100FB0002091AF113091B011400F511F621F731F6C
:100FC0004093851150938611609387117093881117
:100FD00091609093DB11813011F00C94461D40918B
:100FE0008D1150918E1160918F117091901177FF3A
:100FF00002C00C9469230091B5111091B611209193
:10100000B7113091B811400F511F621F731F4093E9
:101010008D1150938E1160938F1170939011909158
:10102000DB1194609093DB11833039F14091911181
:1010300050919211609193117091941177FF02C0B9
:101040000C9453230091B9111091BA112091BB1146
:101050003091BC11400F511F621F731F40939111BB
:101060005093921160939311709394119091DB11AE
:1010700098609093DB11843029F1809195119091C3
:101080009611A0919711B0919811B7FF02C00C94DE
:1010900015254091BD115091BE116091BF11709105
:1010A000C011840F951FA61FB71F809395119093B1
:1010B0009611A0939711B09398118091DB118061E4
:1010C0008093DB1182E493E090935F1180935E1133
:1010D0008091CD119091CE11009711F40C946B1763
:1010E00001979093CE118093CD11E091ED0D81E0A9
:1010F0008E0F8093ED0DF0E0EE0FFF1FEE0FFF1F40
:10110000E351F64F8091DA119091DB11A091DC113F
:10111000B091DD1180839183A283B3838091DA1132
:101120008F778093DA118091651190916611019704
:101130009093661180936511892B11F40C9480179C
:101140001092DF111092DE1182E08093E6118BE4A1
:1011500093E090935F1180935E118091E4119091E0
:10116000E5116091E2117091E311681B790B7093A6
:10117000EC116093EB11A091E6112A2F30E0621779
:10118000730710F00C9437246115710511F40C9459
:10119000F71FE091E011F091E11140E050E020E014
:1011A000E80FF91F80E090E0A150EF01C40FD51FB8
:1011B0003881EC01C252DE4E39878A2F821B809320
:1011C000E6112F5F822F90E0AC018617970768F336
:1011D00086EA91E09093DF118093DE118091AA0955
:1011E000882309F4F7CD8091AB099091AC09825A1C
:1011F000954011F40C947B2782EA95E09093AC091A
:101200008093AB09DC018091A6099091A7094091D8
:10121000A2095091A3096091A4097091A509480FF2
:10122000591F611D711D4093A2095093A30960933A
:10123000A4097093A5091092AA099093E3118093D1
:10124000E211B093E111A093E0114091E611442323
:10125000A9F08091EB119091EC11FC01E951FE4E47
:101260009C01265F3F4F8FEF840F280F311D2252C4
:101270003E4E8D918193E217F307D9F787EE91E106
:101280009093EE118093ED11842F90E09093E511EF
:101290008093E411E7EEF1E18FEF9FEF9093DF1180
:1012A0008093DE118091D911882311F40C948B2046
:1012B000A081B1812091D0113091D1114091D211F2
:1012C0005091D3110E94857FDC01CB011AE0B695C5
:1012D000A795979587951A95D1F79093DD118093EF
:1012E000DC1190916A119093DB1180916911882330
:1012F00011F40C94EA1D4091851150918611609172
:1013000087117091881177FF02C00C945A260091C2
:10131000AD111091AE112091AF113091B011400F6D
:10132000511F621F731F4093851150938611609364
:1013300087117093881191609093DB11813011F0C7
:101340000C94EA1D40918D1150918E1160918F1176
:101350007091901177FF02C00C948A240091B5110E
:101360001091B6112091B7113091B811400F511F53
:10137000621F731F40938D1150938E1160938F11D4
:10138000709390119091DB1194609093DB118330F6
:1013900039F1409191115091921160919311709196
:1013A000941177FF02C00C94A0240091B911109100
:1013B000BA112091BB113091BC11400F511F621F17
:1013C000731F4093911150939211609393117093F6
:1013D00094119091DB1198609093DB11843029F186
:1013E0008091951190919611A0919711B0919811BB
:1013F000B7FF02C00C94B4254091BD115091BE11AD
:101400006091BF117091C011840F951FA61FB71F67
:101410008093951190939611A0939711B093981182
:101420008091DB1180618093DB1188E593E09093DC
:101430005F1180935E118091CD119091CE11009734
:1014400011F40C946B1701979093CE118093CD11EA
:10145000E091ED0D81E08E0F8093ED0DF0E0EE0F49
:10146000FF1FEE0FFF1FE351F64F8091DA119091AD
:10147000DB11A091DC11B091DD1180839183A283F7
:10148000B38351CE873224E0920711F40C94791C77
:1014900010F40C94FC198634E4E09E0711F40C94CB
:1014A000E5128A34F4E09F0711F40C94601C8B332E
:1014B000944009F051C68091DE119091DF11863A77
:1014C00021E0920711F40C94201B873BE1E09E077A
:1014D00011F40C94761E892B11F40C94E727E091FB
:1014E000ED11F091EE118091E2119091E3112FEF47
:1014F0003FEF3093DF112093DE1120813181309353
:10150000CA112093C9111092D9112091601125FDA3
:1015100002C00C945D141092DF111092DE1124E0D1
:101520002093E61126E434E030935F1120935E119E
:101530006091E4117091E511DC01A61BB70BB0932B
:10154000EC11A093EB115091E611252F30E0A2177A
:10155000B30710F00C94FB23109711F40C94412066
:10156000C091E011D091E11120E030E040E080E056
:1015700090E051502C0F3D1FF901E60FF71F20811D
:10158000FC01E252FE4E2187852F841B8093E611D9
:101590004F5F842F90E09C018A179B0758F386EADF
:1015A00091E09093DF118093DE118091AA09882346
:1015B00009F410CC8091AB099091AC09825A954006
:1015C00011F40C949D2782EA95E09093AC098093E6
:1015D000AB09DC018091A6099091A7094091A2096D
:1015E0005091A3096091A4097091A509480F591F52
:1015F000611D711D4093A2095093A3096093A40932
:101600007093A5091092AA099093E3118093E211B7
:10161000B093E111A093E0114091E6114423A9F0A9
:101620008091EB119091EC11FC01E951FE4E9C016F
:10163000265F3F4F8FEF840F280F311D22523E4E01
:101640008D918193E217F307D9F787EE91E190939B
:10165000EE118093ED11842F90E09093E51180932B
:10166000E411E7EEF1E18091E2119091E311C9C735
:101670008115E5E09E0711F40C94C81B10F40C943E
:10168000AA188931F5E09F0709F448C0823225E0A5
:10169000920711F40C94B21B8031954009F05CC59F
:1016A0000E944D54811196CBE091ED11F091EE1115
:1016B000808191811092DB1120E533EC3093DD11B4
:1016C0002093DC111BC081E08E0F8093ED0DF0E0C4
:1016D000EE0FFF1FEE0FFF1FE351F64F8091DA115F
:1016E0009091DB11A091DC11B091DD118083918389
:1016F000A283B3838091CB119091CC119C01215096
:1017000031093093CC112093CB11892B09F457C7A1
:1017100089E195E090935F1180935E11E091ED0D6A
:101720008091EE0D9E2F981B9F3F69F653CB81371A
:1017300023E0920711F40C94681810F40C949F188D
:101740008738E3E09E0709F4DBC0813AF3E09F07A6
:1017500011F40C94C9158A37934009F0FDC40E9416
:101760004D54811137CB8091D911E091ED11F09159
:10177000EE11882311F40C94EF1FA0812091D01159
:101780003091D1114091D2115091D311B0E00E940B
:10179000857FDC01CB01EAE0B695A7959795879503
:1017A000EA95D1F79093DD118093DC1190916A1145
:1017B0009093DB1180916911882311F40C94C11D61
:1017C0004091851150918611609187117091881117
:1017D00077FF02C00C9444260091AD111091AE1118
:1017E0002091AF113091B011400F511F621F731F34
:1017F00040938511509386116093871170938811DF
:1018000091609093DB11813011F00C94C11D4091D7
:101810008D1150918E1160918F117091901177FF01
:1018200002C00C9449240091B5111091B611209179
:10183000B7113091B811400F511F621F731F4093B1
:101840008D1150938E1160938F1170939011909120
:10185000DB1194609093DB11833039F14091911149
:1018600050919211609193117091941177FF02C081
:101870000C945F240091B9111091BA112091BB1101
:101880003091BC11400F511F621F731F4093911183
:101890005093921160939311709394119091DB1176
:1018A00098609093DB11843029F18091951190918B
:1018B0009611A0919711B0919811B7FF02C00C94A6
:1018C0005C254091BD115091BE116091BF11709186
:1018D000C011840F951FA61FB71F80939511909379
:1018E0009611A0939711B09398118091DB118061AC
:1018F0008093DB1187E893E090935F1180935E11F2
:101900008091CD119091CE11009711F40C946B172A
:1019100001979093CE118093CD11E091ED0D81E070
:101920008E0F8093ED0DF0E0EE0FFF1FEE0FFF1F07
:10193000E351F64F8091DA119091DB11A091DC1107
:10194000B091DD1180839183A283B383809167116D
:101950009091681101979093681180936711892B7A
:1019600011F40C9405151092DF111092DE1181E034
:101970008093E6118AE793E090935F1180935E1164
:101980000E944D54882309F4EECE24CA823622E008
:10199000920709F4CCC008F0D6C3009711F40C9458
:1019A000511C8034924009F0D7C30E944D548111DC
:1019B00011CAE091ED11F091EE1180818C3011F49B
:1019C0000C94D22510F00C94CD1F873009F4A9C0D7
:1019D0008B3011F40C946621833011F40C94F725AC
:1019E00090917A0320917B03392F321B3F3F41F1C5
:1019F000E1E0E90FE0937A03A92FB0E0A858BD4FCA
:101A000012961C923E2F321B3F3FD1F032E0390F2D
:101A100030937A03F0E0E858FD4F43E04283432FD0
:101A200050E05093830340938203321B3F3F41F0C9
:101A30009D5F90937A03FA01E858FD4F91E09283FD
:101A400090917A03492F50E0509381034093800393
:101A5000392F321B3F3F11F40C948D279F5F9093D9
:101A60007A03DA01A858BD4F91E012969C93129721
:101A70004091820350918303FA01FF27E858FD4FFC
:101A800092819F5F928312969C9112979F5F12960C
:101A90009C93A0917A039A2F921B9F3F11F40C9470
:101AA000CF2791E09A0F90937A03B0E0A858BD4FEA
:101AB00035E012963C9332813F5F3283882311F4E4
:101AC0000C941C276091800370918103EB01DD274A
:101AD000C858DD4F3A813F5F3A83392F321B3F3F71
:101AE00011F40C94CB2731E0390F30937A03A92FEE
:101AF000B0E0A858BD4F12968C9382818F5F82838D
:101B0000321B3F3F11F40C9427276F3F7F4F11F09A
:101B10008FEF8A8380917E038F5F80937E030E9484
:101B2000E63D82E692E090935F1180935E11809192
:101B3000ED0D9091EE0D891B8095282F30E03093AC
:101B4000CE112093CD11882309F444C91092DF11DE
:101B50001092DE1182E08093E61186E692E0909387
:101B60005F1180935E110E944D54811133C9E09141
:101B7000ED11F091EE11808191818093601190932D
:101B8000611187FF03C08F798093DA111092DF1102
:101B90001092DE1181E08093E61188E792E0909345
:101BA0005F1180935E110E944D54811113C9E09121
:101BB000ED11F091EE1190819093691181E001C0D7
:101BC000880F9A95EAF780936A111092DF111092AC
:101BD000DE1184E08093E61181E892E090935F113A
:101BE00080935E110E944D548111F4C8E091ED1173
:101BF000F091EE1180819181A281B3818093711166
:101C000090937211A0937311B09374111092DF111D
:101C10001092DE1184E08093E61185E892E09093C3
:101C20005F1180935E110E944D548111D3C8E091E1
:101C3000ED11F091EE1180819181A281B3818093A9
:101C4000751190937611A0937711B093781110923B
:101C5000DF111092DE1184E08093E61189E892E0B2
:101C600090935F1180935E110E944D548111B2C810
:101C7000E091ED11F091EE1180819181A281B3810B
:101C80008093791190937A11A0937B11B0937C117A
:101C90001092DF111092DE1184E08093E6118DE83E
:101CA00092E090935F1180935E110E944D548111D8
:101CB00091C8E091ED11F091EE1180819181A281A6
:101CC000B38180937D1190937E11A0937F11B09387
:101CD00080111092DF111092DE1184E08093E611E2
:101CE00081E992E090935F1180935E110E944D54C0
:101CF000811170C8E091ED11F091EE118081918118
:101D0000A281B3818093811190938211A09383115A
:101D1000B09384111092DF111092DE1182E0809353
:101D2000E61185E992E090935F1180935E110E9425
:101D30004D5481114FC8E091ED11F091EE11808169
:101D4000918190936611809365111092DF1110922A
:101D5000DE1182E08093E61189E992E090935F11B1
:101D600080935E110E944D54811134C8E091ED11B1
:101D7000F091EE11808191819093681180936711A9
:101D80001092D911809160119091611190FF7BC1E7
:101D90001092DF111092DE1184E08093E61184EA44
:101DA00092E090935F1180935E110E944D548111D7
:101DB00011C8E091ED11F091EE1180819181A28125
:101DC000B3818093D4119093D511A093D611B09381
:101DD000D7111092DF111092DE1181E08093E6118D
:101DE00088EA92E090935F1180935E118091E411F4
:101DF0009091E5116091E2117091E311681B790BEC
:101E00007093EC116093EB11A091E6112A2F30E052
:101E10006217730710F00C947B226115710511F4A1
:101E20000C94221EE091E011F091E11140E050E0AD
:101E300020E0E80FF91F80E090E0A150EF01C40F0F
:101E4000D51F3881EC01C252DE4E39878A2F821BA2
:101E50008093E6112F5F822F90E0AC0186179707E1
:101E600068F386EA91E09093DF118093DE11809110
:101E7000AA09882311F40C94EA068091AB09909189
:101E8000AC09825A954011F40C94352782EA95E00A
:101E90009093AC098093AB09DC018091A6099091E5
:101EA000A7094091A2095091A3096091A4097091DA
:101EB000A509480F591F611D711D4093A209509338
:101EC000A3096093A4097093A5091092AA0990939D
:101ED000E3118093E211B093E111A093E0114091DE
:101EE000E6114423A9F08091EB119091EC11FC01D3
:101EF000E951FE4E9C01265F3F4F8FEF840F280F64
:101F0000311D22523E4E8D918193E217F307D9F78E
:101F100087EE91E19093EE118093ED11842F90E084
:101F20009093E5118093E411E7EEF1E18FEF9FEFDD
:101F30009093DF118093DE11C081C093D81160911E
:101F4000D4117091D5118091D6119091D71161154E
:101F500071058105910511F40C940D1D20917202FB
:101F600030917302A901559547955595479555951B
:101F70004795559547952091000230910102FA014D
:101F8000E21BF30B9F01F7FF02C00C940D25E43612
:101F9000F10514F40C941E232091121130911311A9
:101FA00040E050E00E94247F9B01AC0104C05695A4
:101FB000479537952795CA95D2F72130F0E13F072D
:101FC0004105510520F020E030E140E050E0209351
:101FD000D0113093D1114093D2115093D3112130AD
:101FE00084E038074105510510F40C942B228091B0
:101FF000070F882331F1A091080FB091090F0E94BB
:10200000857FDC01CB01DAE0B695A795979587959A
:10201000DA95D1F78093D0119093D111A093D2117A
:10202000B093D31180914711909148118E3FEFEFFB
:102030009E0711F40C94A627019690934811809363
:10204000471181E08093D9118091451190914611FB
:102050008E3FFFEF9F0711F40C94E02601969093BA
:102060004611809345118091D0119091D111A0918A
:10207000D211B091D3118F3F9105A105B10509F09F
:1020800010F40C946B221092DF111092DE1182E09A
:102090008093E6118EEF92E090935F1180935E1132
:1020A0000E944D5481110C94EA068091D911E0915F
:1020B000ED11F091EE11882311F40C94931CA08182
:1020C000B1812091D0113091D1114091D211509114
:1020D000D3110E94857FDC01CB01CAE0B695A7959C
:1020E00097958795CA95D1F790936C1180936B1152
:1020F0001092DF111092DE1182E08093E61188E0E9
:1021000093E090935F1180935E110E944D54811172
:102110000C94EA06E091ED11F091EE11808191812D
:102120009093701180936F111092DF111092DE1155
:1021300082E08093E6118CE093E090935F118093AE
:102140005E110C941407863622E0920709F40BCD39
:102150008837924009F427CD8FEF9FEF90935F115E
:1021600080935E1180E00C94EB0680916D1190914C
:102170006E11892B09F4BDC68091DA118F7B809393
:10218000DA111092DF111092DE1182E08093E611D5
:102190008BEE93E090935F1180935E110E944D54FB
:1021A00081110C94EA068091D911E091ED11F09122
:1021B000EE11882311F40C94131EA081B18120919B
:1021C000D0113091D1114091D2115091D3110E9470
:1021D000857FDC01CB011AE0B695A7959795879589
:1021E0001A95D1F79093DD118093DC110E948255EE
:1021F00088EF93E090935F1180935E118091CD11F1
:102200009091CE11009709F466C601979093CE1174
:102210008093CD11E091ED0D81E08E0F8093ED0D57
:10222000F0E0EE0FFF1FEE0FFF1FE351F64F80911E
:10223000DA119091DB11A091DC11B091DD11808356
:102240009183A283B3838091DA118F778093DA111F
:1022500080916D1190916E11019790936E11809302
:102260006D11892B09F445C61092DF111092DE1111
:1022700082E08093E61181E094E090935F11809377
:102280005E110E944D5481110C94EA068091D9117F
:10229000E091ED11F091EE11882311F40C94DF1F01
:1022A000A081B1812091D0113091D1114091D211F2
:1022B0005091D3110E94857FDC01CB01CAE0B69515
:1022C000A79597958795CA95D1F79093DD1180933F
:1022D000DC1190916A119093DB1180916911882330
:1022E00011F40C946F1D40918511509186116091ED
:1022F00087117091881177FF02C00C942E260091EF
:10230000AD111091AE112091AF113091B011400F6D
:10231000511F621F731F4093851150938611609364
:1023200087117093881191609093DB11813011F0C7
:102330000C946F1D40918D1150918E1160918F11F1
:102340007091901177FF02C00C94CF230091B511CA
:102350001091B6112091B7113091B811400F511F53
:10236000621F731F40938D1150938E1160938F11D4
:10237000709390119091DB1194609093DB118330F6
:1023800039F1409191115091921160919311709196
:10239000941177FF02C00C94E5230091B9111091BC
:1023A000BA112091BB113091BC11400F511F621F17
:1023B000731F4093911150939211609393117093F6
:1023C00094119091DB1198609093DB11843029F186
:1023D0008091951190919611A0919711B0919811BB
:1023E000B7FF02C00C949E254091BD115091BE11C3
:1023F0006091BF117091C011840F951FA61FB71F68
:102400008093951190939611A0939711B093981182
:102410008091DB1180618093DB118EE094E09093DA
:102420005F1180935E118091CD119091CE11009734
:1024300009F451C501979093CE118093CD11E0918D
:10244000ED0D81E08E0F8093ED0DF0E0EE0FFF1F9C
:10245000EE0FFF1FE351F64F8091DA119091DB11DF
:10246000A091DC11B091DD1180839183A283B383AD
:10247000EFCE8091DE119091DF11863A21E0920734
:1024800009F465C2873BE1E09E0711F40C94C81C77
:10249000892B11F40C94DB27E091ED11F091EE11F2
:1024A0008FEF9FEF9093DF118093DE11A081B181B8
:1024B000B0936411A09363118091D911882311F412
:1024C0000C94141D2091D0113091D1114091D21152
:1024D0005091D3110E94857FDC01CB016AE0B69553
:1024E000A795979587956A95D1F79093DD1180937D
:1024F000DC111092DF111092DE1181E08093E61161
:1025000085EA94E090935F1180935E110E944D5490
:1025100081110C94EA06E091ED11F091EE118081A9
:102520008093DB1188EA94E090935F1180935E11B1
:102530008091CD119091CE11009709F4CCC40197F0
:102540009093CE118093CD11E091ED0D81E08E0F2F
:102550008093ED0DF0E0EE0FFF1FEE0FFF1FE35134
:10256000F64F8091DA119091DB11A091DC11B091BE
:10257000DD1180839183A283B3838091DA118F77F9
:102580008093DA1180916011909161112091C911AD
:102590003091CA11215031093093CA112093C911C9
:1025A00086FD02C00C94411D232B11F00C9499065A
:1025B00091FF05C08091CF1181110E942B301092A4
:1025C0005F1110925E110C94EA068091DE119091D9
:1025D000DF11863AE1E09E0711F40C94D50A873B9F
:1025E000F1E09F0711F40C944720892B11F40C940F
:1025F000D527E091ED11F091EE118091E2119091CB
:10260000E31140815181628173814093D4115093D1
:10261000D5116093D6117093D7111092DF111092DB
:10262000DE1121E02093E6112AE434E030935F11BB
:1026300020935E116091E4117091E511DC01A61BFD
:10264000B70BB093EC11A093EB118091E611282FFA
:1026500030E0A217B30710F00C949F22109711F4EA
:102660000C94C21EC091E011D091E11140E050E005
:1026700090E020E030E081504C0F5D1FFA01E60F42
:10268000F71F4081F901E252FE4E4187282F291B96
:102690002093E6119F5F292F30E0A9012A173B07FD
:1026A00058F386EA91E09093DF118093DE118091D8
:1026B000AA09882311F40C94EA068091AB09909141
:1026C000AC09825A954011F40C94502782EA95E0A7
:1026D0009093AC098093AB09DC018091A60990919D
:1026E000A7094091A2095091A3096091A409709192
:1026F000A509480F591F611D711D4093A2095093F0
:10270000A3096093A4097093A5091092AA09909354
:10271000E3118093E211B093E111A093E011409195
:10272000E6114423A9F08091EB119091EC11FC018A
:10273000E951FE4E9C01265F3F4F8FEF840F280F1B
:10274000311D22523E4E8D918193E217F307D9F746
:1027500087EE91E19093EE118093ED11842F90E03C
:102760009093E5118093E411E7EEF1E18FEF9FEF95
:102770009093DF118093DE11C081C093D8118091B6
:102780007202909173029595879595958795959589
:102790008795959587952091000230910102821BC3
:1027A000930B97FF02C00C9423228436910514F4F6
:1027B0000C94BC20209112113091131140E050E094
:1027C0006091D4117091D5118091D6119091D7114B
:1027D0000E94247F9B01AC0104C056954795379514
:1027E0002795CA95D2F7213080E138074105510578
:1027F00020F020E030E140E050E02093D011309311
:10280000D1114093D2115093D3118091070F2130F1
:1028100094E039074105510510F40C940D1F8823ED
:1028200031F1A091080FB091090F0E94857FDC0162
:10283000CB017AE0B695A795979587957A95D1F7CC
:102840008093D0119093D111A093D211B093D31152
:1028500080914711909148118E3FEFEF9E0711F440
:102860000C940C270196909348118093471181E0B6
:102870008093D91180914511909146118E3FFFEFC1
:102880009F0711F40C9409250196909346118093AB
:1028900045118091D0119091D111A091D211B09198
:1028A000D3118F3F9105A105B10509F010F40C94E7
:1028B00073228091E2119091E3111092DF11109236
:1028C000DE1122E02093E61128E934E030935F1115
:1028D00020935E112091E4113091E511FC01E21B7F
:1028E000F30BF093EC11E093EB11A091E6118A2F1A
:1028F00090E0E817F90710F00C941122309711F4CA
:102900000C94C21C6091E0117091E11140E050E024
:1029100090E0620F731F20E030E0A150EB01C40F84
:10292000D51F8881E901C252DE4E89878A2F891B13
:102930008093E6119F5F292F30E0A9012E173F07F2
:1029400068F386EA91E09093DF118093DE11809125
:10295000AA09882311F40C94EA068091AB0990919E
:10296000AC09825A954011F40C94032782EA95E051
:102970009093AC098093AB09DC018091A6099091FA
:10298000A7094091A2095091A3096091A4097091EF
:10299000A509480F591F611D711D4093A20950934D
:1029A000A3096093A4097093A5091092AA099093B2
:1029B000E3118093E211B093E111A093E0119091A3
:1029C000E6119923A1F02091EB113091EC11F9015E
:1029D000E951FE4E265F3F4F8FEF890F280F311DC3
:1029E00022523E4E8D918193E217F307D9F727EEDD
:1029F00031E13093EE112093ED11892F90E0909307
:102A0000E5118093E411F9014BCD8091C5119091AE
:102A1000C611A091C711B091C811892B8A2B8B2B9D
:102A200009F4E6C18091DA1183FF03C080648093CA
:102A3000DA1180916B1190916C119093DD1180935C
:102A4000DC1190916A119093DB11809169118823B8
:102A500009F4F0C74091851150918611609187115A
:102A60007091881177FF02C00C9488250091AD11F8
:102A70001091AE112091AF113091B011400F511F44
:102A8000621F731F409385115093861160938711C5
:102A90007093881191609093DB11813009F0CAC75F
:102AA00040918D1150918E1160918F117091901104
:102AB00077FF02C00C9408230091B5111091B61154
:102AC0002091B7113091B811400F511F621F731F31
:102AD00040938D1150938E1160938F1170939011CC
:102AE0009091DB1194609093DB11833039F1409128
:102AF000911150919211609193117091941177FFFF
:102B000002C00C94F2220091B9111091BA112091D7
:102B1000BB113091BC11400F511F621F731F4093B6
:102B2000911150939211609393117093941190911D
:102B3000DB1198609093DB11843029F1809195111D
:102B400090919611A0919711B0919811B7FF02C082
:102B50000C94E1244091BD115091BE116091BF11C0
:102B60007091C011840F951FA61FB71F80939511F8
:102B700090939611A0939711B09398118091DB11C7
:102B800080618093DB1181EA93E090935F118093E1
:102B90005E118091CD119091CE11009709F49BC1E7
:102BA00001979093CE118093CD11E091ED0D81E0CE
:102BB0008E0F8093ED0DF0E0EE0FFF1FEE0FFF1F65
:102BC000E351F64F8091DA119091DB11A091DC1165
:102BD000B091DD1180839183A283B3838091DA1158
:102BE0008F778093DA114091C5115091C611609191
:102BF000C7117091C8114150510961097109409381
:102C0000C5115093C6116093C7117093C811452B1D
:102C1000462B472B09F4E9C090916A119093DB1180
:102C200080916911882311F40C94932040918511AF
:102C300050918611609187117091881177FF02C0C1
:102C40000C94E4260091AD111091AE112091AF11BA
:102C50003091B011400F511F621F731F40938511B7
:102C600050938611609387117093881191609093AF
:102C7000DB11813011F00C94932040918D11509113
:102C80008E1160918F117091901177FF02C00C949A
:102C900089260091B5111091B6112091B71130918C
:102CA000B811400F511F621F731F40938D11509335
:102CB0008E1160938F11709390119091DB1194603D
:102CC0009093DB11833039F1409191115091921121
:102CD000609193117091941177FF02C00C94B42607
:102CE0000091B9111091BA112091BB113091BC1112
:102CF000400F511F621F731F409391115093921107
:102D000060939311709394119091DB11986090935C
:102D1000DB11843029F18091951190919611A09149
:102D20009711B0919811B7FF02C00C94CA26409138
:102D3000BD115091BE116091BF117091C011840FEF
:102D4000951FA61FB71F8093951190939611A0937E
:102D50009711B09398118091DB1180618093DB1102
:102D60008AEA93E090935F1180935E118091CD1178
:102D70009091CE11009709F4AEC001979093CE11B7
:102D80008093CD11E091ED0D81E08E0F8093ED0DDC
:102D9000F0E0EE0FFF1FEE0FFF1FE351F64F8091A3
:102DA000DA119091DB11A091DC11B091DD118083DB
:102DB0009183A283B3838091C5119091C611A09194
:102DC000C711B091C8110197A109B1098093C5112C
:102DD0009093C611A093C711B093C811892B8A2B69
:102DE0008B2B09F019CF8091DA118F7B8093DA1148
:102DF00080916F1190917011892B09F4B6C980915F
:102E0000DA118F7B8093DA111092DF111092DE11AC
:102E100081E08093E6118CEB93E090935F118093B7
:102E20005E110E944D5481110C94EA068091D911D3
:102E3000E091ED11F091EE11882309F4FCC6A08118
:102E40002091D0113091D1114091D2115091D311D4
:102E5000B0E00E94857FDC01CB014AE0B695A795E2
:102E6000979587954A95D1F79093DD118093DC1162
:102E70000E94825589EC93E090935F1180935E11DC
:102E80008091CD119091CE11009729F101979093E7
:102E9000CE118093CD11E091ED0D81E08E0F8093E6
:102EA000ED0DF0E0EE0FFF1FEE0FFF1FE351F64FA9
:102EB0008091DA119091DB11A091DC11B091DD11BC
:102EC00080839183A283B3838091DA118F7780937B
:102ED000DA110C9482048091ED0D9091EE0D891B16
:102EE000809590E09093CE118093CD1181E00C9469
:102EF000EB06809160119091611192FD5BCB5FCBED
:102F00008091671190916811892B09F47ECD809191
:102F1000DA118F7B8093DA111092DF111092DE119B
:102F200081E08093E61184E693E090935F118093B3
:102F30005E110E944D5481110C94EA068091D911C2
:102F4000E091ED11F091EE11882309F414C7A081EE
:102F50002091D0113091D1114091D2115091D311C3
:102F6000B0E00E94857FDC01CB01CAE0B695A79551
:102F700097958795CA95D1F79093DD118093DC11D1
:102F800090916A119093DB1180916911882309F463
:102F9000D2C4409185115091861160918711709132
:102FA000881177FF02C00C942B250091AD11109170
:102FB000AE112091AF113091B011400F511F621F1F
:102FC000731F4093851150938611609387117093FE
:102FD000881191609093DB11813009F0ACC440916D
:102FE0008D1150918E1160918F117091901177FF1A
:102FF00002C00C94B1220091B5111091B61120912C
:10300000B7113091B811400F511F621F731F4093C9
:103010008D1150938E1160938F1170939011909138
:10302000DB1194609093DB11833039F14091911161
:1030300050919211609193117091941177FF02C099
:103040000C94DC220091B9111091BA112091BB119E
:103050003091BC11400F511F621F731F409391119B
:103060005093921160939311709394119091DB118E
:1030700098609093DB11843029F1809195119091A3
:103080009611A0919711B0919811B7FF02C00C94BE
:10309000CB244091BD115091BE116091BF11709130
:1030A000C011840F951FA61FB71F80939511909391
:1030B0009611A0939711B09398118091DB118061C4
:1030C0008093DB1181E793E090935F1180935E1111
:1030D0008091CD119091CE11009709F4FCCE01970B
:1030E0009093CE118093CD11E091ED0D81E08E0F84
:1030F0008093ED0DF0E0EE0FFF1FEE0FFF1FE35189
:10310000F64F8091DA119091DB11A091DC11B09112
:10311000DD1180839183A283B3838091DA118F774D
:103120008093DA110C94A60C883AE2E09E0709F429
:1031300057C38E3F924011F40C9450100DC888353F
:10314000F3E09F0711F40C941B0A8436934009F4B2
:10315000F0CE02C8803E24E0920709F4C9C0873F40
:10316000944011F00C94AC100E944D5481110C94B9
:10317000EA06E091ED11F091EE11D181C081D111FB
:103180000C947026109250111092511110925211FD
:10319000109253116C2F70E087E00E9407480FCA0D
:1031A00086EA91E09093DF118093DE118091AA0965
:1031B000882311F40C94EA068091AB099091AC0934
:1031C000825A954011F40C94AA2782EA95E09093D4
:1031D000AC098093AB09DC018091A6099091A70905
:1031E0004091A2095091A3096091A4097091A50989
:1031F000480F591F611D711D4093A2095093A309E7
:103200006093A4097093A5091092AA099093E31101
:103210008093E211B093E111A093E0114091E61187
:103220004423A9F08091EB119091EC11FC01E9513C
:10323000FE4E9C01265F3F4F8FEF840F280F311DFC
:1032400022523E4E8D918193E217F307D9F787EE14
:1032500091E19093EE118093ED11842F90E0909383
:10326000E5118093E411E7EEF1E18FEF9FEF90938A
:10327000DF118093DE118091D911882309F4D6C71C
:10328000A081B1812091D0113091D1114091D21102
:103290005091D3110E94857FDC01CB012AE0B695C5
:1032A000A795979587952A95D1F79093DD118093EF
:1032B000DC111092DF111092DE1181E08093E61193
:1032C0008DED94E090935F1180935E110E944D54B8
:1032D00081110C94EA06E091ED11F091EE118081DC
:1032E0008093DB1180EE94E090935F1180935E11E8
:1032F0008091CD119091CE11009709F4ECCD0197FA
:103300009093CE118093CD11E091ED0D81E08E0F61
:103310008093ED0DF0E0EE0FFF1FEE0FFF1FE35166
:10332000F64F8091DA119091DB11A091DC11B091F0
:10333000DD1180839183A283B3838091C911909121
:10334000CA1101979093CA118093C911892B09F46E
:10335000F6C11092DF111092DE1182E08093E61127
:1033600081ED94E090935F1180935E118091E41160
:103370009091E5116091E2117091E311681B790B56
:103380007093EC116093EB11A091E6112A2F30E0BD
:103390006217730710F00C94F7246115710509F496
:1033A000F6C6E091E011F091E11140E050E020E03C
:1033B000E80FF91F80E090E0A150EF01C40FD51F86
:1033C0003881EC01C252DE4E39878A2F821B8093EE
:1033D000E6112F5F822F90E0AC018617970768F304
:1033E000DFCE8C3BE3E09E0709F41BCD893C934084
:1033F00009F446CD0C94AC108E30F4E09F0709F42C
:1034000012C88332944011F00C94AC108091ED0DF1
:103410009091EE0D891B8095282F30E03093CE11CE
:103420002093CD11882311F40C94EA061092DF1139
:103430001092DE1182E08093E61187E294E090938F
:103440005F1180935E116091E4117091E51180919C
:10345000E2119091E311FC01E61BF70BF093EC11E4
:10346000E093EB11A091E6112A2F30E0E217F30769
:1034700010F00C947F23309709F446C58091E01139
:103480009091E11140E050E020E0680F791F80E06A
:1034900090E0A150EB01C40FD51F3881EC01C2525E
:1034A000DE4E39878A2F821B8093E6112F5F822F91
:1034B00090E0AC018E179F0768F386EA91E0909345
:1034C000DF118093DE118091AA09882311F40C94F6
:1034D000EA068091AB099091AC09825A954011F4AB
:1034E0000C94622782EA95E09093AC098093AB0933
:1034F000DC018091A6099091A7094091A209509101
:10350000A3096091A4097091A509480F591F611D75
:10351000711D4093A2095093A3096093A40970936D
:10352000A5091092AA099093E3118093E211B09338
:10353000E111A093E0114091E6114423A9F080919C
:10354000EB119091EC11FC01E951FE4E9C01265FBC
:103550003F4F8FEF840F280F311D22523E4E8D9129
:103560008193E217F307D9F787EE91E19093EE117B
:103570008093ED11842F90E09093E5118093E411F6
:10358000E7EEF1E18091E2119091E3112FEF3FEF2F
:103590003093DF112093DE1120813181209360115F
:1035A0003093611127FF99C32F792F7B2093DA1174
:1035B0001092DF111092DE1122E02093E6112BE32E
:1035C00034E030935F1120935E116091E4117091AB
:1035D000E511FC01E61BF70BF093EC11E093EB1106
:1035E000A091E6112A2F30E0E217F30708F095C703
:1035F000309709F475C38091E0119091E11140E09A
:1036000050E020E0680F791F80E090E0A150EB01CE
:10361000C40FD51F3881EC01C252DE4E39878A2F84
:10362000821B8093E6112F5F822F90E0AC018E17F2
:103630009F0768F386EA91E09093DF118093DE1193
:103640008091AA09882311F40C94EA068091AB09B1
:103650009091AC09825A954011F40C942C2782EA7F
:1036600095E09093AC098093AB09DC018091A609A9
:103670009091A7094091A2095091A3096091A409D2
:103680007091A509480F591F611D711D4093A20932
:103690005093A3096093A4097093A5091092AA09F5
:1036A0009093E3118093E211B093E111A093E011A4
:1036B0004091E6114423A9F08091EB119091EC1117
:1036C000FC01E951FE4E9C01265F3F4F8FEF840FB6
:1036D000280F311D22523E4E8D918193E217F30740
:1036E000D9F787EE91E19093EE118093ED11842F3D
:1036F00090E09093E5118093E411E7EEF1E1809181
:10370000E2119091E3110C94770A853AF4E09F0757
:1037100011F40C948612883A944011F40C94981287
:103720000C94AC108538E2E09E0711F40C94130E53
:103730008938924011F40C94340E0C94AC108091A2
:103740006011909161110C94D8121092DF111092B7
:10375000DE1184E08093E61182E295E090935F11A0
:1037600080935E110E944D5481110C94EA06E09101
:10377000ED11F091EE1161817281438180810E948F
:10378000B64E10925F1110925E1181E00C94EB0620
:103790008091DE119091DF11863AF1E09F0709F4E4
:1037A000E1C5873B21E0920709F44DC5892B09F457
:1037B0009AC5E091ED11F091EE118FEF9FEF90938C
:1037C000DF118093DE116181728140E080810E946F
:1037D000B64E10925F1110925E1181E00C94EB06D0
:1037E0008091DE119091DF11863AF1E09F0711F48C
:1037F0000C94370F873B21E0920709F429C2892BEB
:1038000011F40C94F60EE091ED11F091EE110C9480
:10381000960F8091DE119091DF11863A21E0920798
:1038200011F40C94EE08873BE1E09E0709F4E5C330
:10383000892B11F40C94AD08E091ED11F091EE118B
:103840000C944C098091DE119091DF11863AE1E0F1
:103850009E0709F4ABCC873BF1E09F0709F49DC4B8
:10386000892B09F483CDE091ED11F091EE11FDCC9F
:103870008091DE119091DF11863AE1E09E0711F40C
:103880000C94DD04873BF1E09F0709F4F8C2892B13
:1038900011F40C949C04E091ED11F091EE110C9454
:1038A0003B051092DF111092DE1181E08093E6114A
:1038B00080E492E090935F1180935E110C94D50C9C
:1038C0008091DE119091DF11863AF1E09F0711F4AB
:1038D0000C945713873B21E0920709F459C2892BB6
:1038E00011F40C94E127E091ED11F091EE110C949C
:1038F000B6138091DE119091DF11863AF1E09F07B7
:1039000009F4E1CD873B21E0920709F403C3892B39
:1039100009F499CDE091ED11F091EE118091E21151
:103920009091E31133CE8081918190936C118093BB
:103930006B110C9478104091891150918A1160910B
:103940008B1170918C1177FD22C60091B1111091ED
:10395000B2112091B3113091B411400F511F621F69
:10396000731F4093891150938A1160938B11709348
:103970008C119091DB1192609093DB11823009F0F1
:103980002ECB54CB87EB91E09093DF118093DE1127
:103990008091AA09882311F40C94EA068091AB095E
:1039A0009091AC09825A954011F40C94FA2682EA5F
:1039B00095E09093AC098093AB09FC012091A60996
:1039C0003091A7098091A2099091A309A091A4091F
:1039D000B091A509820F931FA11DB11D8093A2096B
:1039E0009093A309A093A409B093A5091092AA09E2
:1039F0003093E3112093E211F093E111E093E01191
:103A0000F093EE11E093ED118091E61190E0909328
:103A1000E5118093E4110C9450128091D911811119
:103A20000C9433100C944310B093DD11A093DC116F
:103A30000C9479124091891150918A1160918B11E7
:103A400070918C1177FD05C60091B1111091B211E2
:103A50002091B3113091B411400F511F621F731F99
:103A60004093891150938A1160938B1170938C113C
:103A70009091DB1192609093DB11823009F010C8B5
:103A800036C8232B11F40C94D81263CC40918911C1
:103A900050918A1160918B1170918C1177FDEEC558
:103AA0000091B1111091B2112091B3113091B41164
:103AB000400F511F621F731F4093891150938A1149
:103AC00060938B1170938C119091DB1192609093A5
:103AD000DB11823011F00C94EF070C941608409122
:103AE000891150918A1160918B1170918C1177FD21
:103AF000A9C60091B1111091B2112091B31130916A
:103B0000B411400F511F621F731F409389115093CE
:103B10008A1160938B1170938C119091DB119260DC
:103B20009093DB11823011F00C949A110C94C11116
:103B30004091891150918A1160918B1170918C1173
:103B400077FD6BC60091B1111091B2112091B311A4
:103B50003091B411400F511F621F731F40938911A0
:103B600050938A1160938B1170938C119091DB119B
:103B700092609093DB11823011F00C9491050C94BB
:103B8000B8054091891150918A1160918B11709103
:103B90008C1177FDEBC60091B1111091B2112091FB
:103BA000B3113091B411400F511F621F731F409326
:103BB000891150938A1160938B1170938C1190919D
:103BC000DB1192609093DB11823011F00C94070CA2
:103BD0000C942E0C4091891150918A1160918B1197
:103BE00070918C1177FD81C60091B1111091B211C5
:103BF0002091B3113091B411400F511F621F731FF8
:103C00004093891150938A1160938B1170938C119A
:103C10009091DB1192609093DB11823011F00C9443
:103C2000A2090C94C909808191819093DD11809340
:103C3000DC110C94F610808190E09093DD1180935C
:103C4000DC1116C987EB91E09093DF118093DE11B0
:103C50008091AA09882311F40C94EA068091AB099B
:103C60009091AC09825A954011F40C943E2782EA57
:103C700095E09093AC098093AB09FC012091A609D3
:103C80003091A7098091A2099091A309A091A4095C
:103C9000B091A509820F931FA11DB11D8093A209A8
:103CA0009093A309A093A409B093A5091092AA091F
:103CB0003093E3112093E211F093E111E093E011CE
:103CC000F093EE11E093ED118091E61190E0909366
:103CD000E5118093E4110C94960F2091DA1165CCD4
:103CE00087EB91E09093DF118093DE118091AA0918
:103CF000882311F40C94EA068091AB099091AC09E9
:103D0000825A954011F40C94132782EA95E090931F
:103D1000AC098093AB09FC018091A6099091A70999
:103D20004091A2095091A3096091A4097091A5093D
:103D3000480F591F611D711D4093A2095093A3099B
:103D40006093A4097093A5091092AA099093E311B6
:103D50008093E211F093E111E093E011F093EE1102
:103D6000E093ED112091E61130E03093E5112093BE
:103D7000E4110C94770A808190E09093DD11809398
:103D8000DC11FEC887EB91E09093DF118093DE1188
:103D90008091AA09882311F40C94EA068091AB095A
:103DA0009091AC09825A954011F40C94472782EA0D
:103DB00095E09093AC098093AB09FC012091A60992
:103DC0003091A7098091A2099091A309A091A4091B
:103DD000B091A509820F931FA11DB11D8093A20967
:103DE0009093A309A093A409B093A5091092AA09DE
:103DF0003093E3112093E211F093E111E093E0118D
:103E0000F093EE11E093ED118091E61190E0909324
:103E1000E5118093E4110C94B613882309F441C38F
:103E20008091080F9091090FA0E0B0E08093D0112D
:103E30009093D111A093D211B093D31181E08093CC
:103E4000D91180914711909148118E3F2FEF920721
:103E500009F4E6C7019690934811809347110C949A
:103E60004914808191819093DD118093DC110C9431
:103E7000BE0787EB91E09093DF118093DE11809174
:103E8000AA09882311F40C94EA068091AB09909159
:103E9000AC09825A954011F40C94842782EA95E08B
:103EA0009093AC098093AB09FC012091A609309155
:103EB000A7098091A2099091A309A091A409B091AA
:103EC000A509820F931FA11DB11D8093A209909394
:103ED000A309A093A409B093A5091092AA0930934D
:103EE000E3112093E211F093E111E093E011F093DC
:103EF000EE11E093ED118091E61190E09093E511C1
:103F00008093E4110C943B0587EB91E09093DF11D3
:103F10008093DE118091AA09882311F40C94EA069B
:103F20008091AB099091AC09825A954009F4DBC7A6
:103F300082EA95E09093AC098093AB09FC018091F3
:103F4000A6099091A7094091A2095091A3096091F7
:103F5000A4097091A509480F591F611D711D409357
:103F6000A2095093A3096093A4097093A509109224
:103F7000AA099093E3118093E211F093E111E09389
:103F8000E011F093EE11E093ED112091E61130E095
:103F90003093E5112093E411F9CA813109F4D5CBAE
:103FA000873711F40C94DF128D3011F00C94F00C63
:103FB00083E294E090935F1180935E1127CA808121
:103FC00091819093DD118093DC110C9469118081B3
:103FD00090E09093DD118093DC110C94600580815A
:103FE00090E09093DD118093DC110C94D60B87EB5D
:103FF00091E09093DF118093DE118091AA098823CC
:1040000011F40C94EA068091AB099091AC09825AA4
:10401000954009F460C782EA95E09093AC098093DB
:10402000AB09FC012091A6093091A7098091A20952
:104030009091A309A091A409B091A509820F931FA3
:10404000A11DB11D8093A2099093A309A093A40977
:10405000B093A5091092AA093093E3112093E211BD
:10406000F093E111E093E011F093EE11E093ED1184
:104070008091E61190E09093E5118093E4110C9407
:104080004C0987EB91E09093DF118093DE118091D2
:10409000AA09882311F40C94EA068091AB09909147
:1040A000AC09825A954009F43DC782EA95E09093A5
:1040B000AC098093AB09FC018091A6099091A709F6
:1040C0004091A2095091A3096091A4097091A5099A
:1040D000480F591F611D711D4093A2095093A309F8
:1040E0006093A4097093A5091092AA099093E31113
:1040F0008093E211F093E111E093E011F093EE115F
:10410000E093ED112091E61130E03093E51120931A
:10411000E4110C940113808191819093DD118093BF
:10412000DC110C9471094091891150918A116091B0
:104130008B1170918C1177FD02C60091B111109115
:10414000B2112091B3113091B411400F511F621F71
:10415000731F4093891150938A1160938B11709350
:104160008C119091DB1192609093DB11823011F0F1
:104170000C943D160C946416880F991FFC01E45BA7
:10418000FF4E2081318140E050E00C94E01387EB3A
:1041900091E09093DF118093DE118091AA0988232A
:1041A00011F40C94EA068091AB099091AC09825A03
:1041B000954009F4D8C682EA95E09093AC098093C3
:1041C000AB09FC012091A6093091A7098091A209B1
:1041D0009091A309A091A409B091A509820F931F02
:1041E000A11DB11D8093A2099093A309A093A409D6
:1041F000B093A5091092AA093093E3112093E2111C
:10420000F093E111E093E011F093EE11E093ED11E2
:104210008091E61190E09093E5118093E41125C818
:10422000B093DD11A093DC110C94D80680819181AC
:104230009093DD118093DC113CC887EB91E0909363
:10424000DF118093DE118091AA09882311F40C9468
:10425000EA068091AB099091AC09825A954009F425
:104260008AC682EA95E09093AC098093AB09FC0181
:104270002091A6093091A7098091A2099091A309E4
:10428000A091A409B091A509820F931FA11DB11D92
:104290008093A2099093A309A093A409B093A509C0
:1042A0001092AA093093E3112093E211F093E111E7
:1042B000E093E011F093EE11E093ED118091E6119F
:1042C00090E09093E5118093E41177CA1092DF118A
:1042D0001092DE1183E08093E61180E095E09093E8
:1042E0005F1180935E11A091E411B091E51160918E
:1042F000E2117091E3116A1B7B0B7093EC116093D8
:10430000EB115091E611852F90E06817790708F0BE
:104310007DC46115710509F490CFC091E011D09171
:10432000E11120E030E040E080E090E051502C0FBF
:104330003D1FF901EA0FFB1F2081FC01E252FE4EF6
:104340002187852F841B8093E6114F5F842F90E097
:104350009C018617970758F386EA91E09093DF1146
:104360008093DE118091AA09882311F40C94EA0647
:104370008091AB099091AC09825A954009F403C62B
:1043800082EA95E09093AC098093AB09DC018091BF
:10439000A6099091A7094091A2095091A3096091A3
:1043A000A4097091A509480F591F611D711D409303
:1043B000A2095093A3096093A4097093A5091092D0
:1043C000AA099093E3118093E211B093E111A093B5
:1043D000E0114091E6114423A9F08091EB119091F6
:1043E000EC11FC01E951FE4E9C01265F3F4F8FEF1F
:1043F000840F280F311D22523E4E8D918193E2177A
:10440000F307D9F787EE91E19093EE118093ED11C8
:10441000842F90E09093E5118093E411E7EEF1E1B1
:10442000CCC9E091E011F091E111E20FF31FF0939C
:10443000EE11E093ED11280F391F3093E511209311
:10444000E4110C94501220914C1030914D1040E02A
:1044500050E00C94E0138091070F882309F411C3F6
:104460008091080F9091090FA0E0B0E08093D011E7
:104470009093D111A093D211B093D31181E0809386
:10448000D91180914711909148118E3F2FEF9207DB
:1044900009F450C5019690934811809347110C94EC
:1044A000331080913611882309F474C38091371139
:1044B00090913811A0913911B0913A118093D01197
:1044C0009093D111A093D211B093D31121E02093F6
:1044D000D9110C94511463E172E088EF92E00E94CC
:1044E000513F0C94431063E172E081E994E00E9433
:1044F000513F0C945914E091E011F091E111E80F53
:10450000F91FF093EE11E093ED11820F931F90933A
:10451000E5118093E4110C94960FE091E011F09175
:10452000E111E60FF71FF093EE11E093ED11620F2A
:10453000731F7093E5116093E4110C94770AE09176
:10454000E011F091E111E60FF71FF093EE11E09307
:10455000ED11620F731F7093E5116093E4110C94D9
:10456000B6130091A1111091A2112091A3113091C5
:10457000A411400F511F621F731F40938D11509360
:104580008E1160938F11709390110C9414180091F8
:104590009D1110919E1120919F113091A011400FFB
:1045A000511F621F731F4093891150938A116093AA
:1045B0008B1170938C11E2C90091A5111091A61175
:1045C0002091A7113091A811400F511F621F731F36
:1045D00040939111509392116093931170939411A1
:1045E0000C943B180091A5111091A6112091A711D0
:1045F0003091A811400F511F621F731F40939111FA
:104600005093921160939311709394110C949C1594
:104610000091A1111091A2112091A3113091A41128
:10462000400F511F621F731F40938D1150938E11C5
:1046300060938F11709390110C947515220F331F96
:10464000F901E45BFF4E2081318140E050E00C94A1
:10465000D20F00919D1110919E1120919F113091C8
:10466000A011400F511F621F731F40938911509377
:104670008A1160938B1170938C11FFC900919D1169
:1046800010919E1120919F113091A011400F511F48
:10469000621F731F4093891150938A1160938B118D
:1046A00070938C1116CA0091A5111091A61120913A
:1046B000A7113091A811400F511F621F731F409323
:1046C00091115093921160939311709394110C94E3
:1046D0003B080091A1111091A2112091A3113091DA
:1046E000A411400F511F621F731F40938D115093EF
:1046F0008E1160938F11709390110C941408E091B7
:10470000E011F091E111E60FF71FF093EE11E09345
:10471000ED11620F731F7093E5116093E4110C9417
:10472000C61AE091E011F091E111E80FF91FF09342
:10473000EE11E093ED11820F931F9093E51180939A
:10474000E4110C943B050091A1111091A21120914C
:10475000A3113091A411400F511F621F731F40938A
:104760008D1150938E1160938F11709390110C9452
:10477000B6050091A5111091A6112091A7113091B5
:10478000A811400F511F621F731F40939111509346
:10479000921160939311709394110C94DD05009124
:1047A000A1111091A2112091A3113091A411400FD9
:1047B000511F621F731F40938D1150938E11609390
:1047C0008F11709390110C94BF110091A51110914D
:1047D000A6112091A7113091A811400F511F621FFF
:1047E000731F4093911150939211609393117093A2
:1047F00094110C94E611E091E011F091E111E60FB3
:10480000F71FF093EE11E093ED11620F731F709399
:10481000E5116093E4110C94011300919D11109126
:104820009E1120919F113091A011400F511F621FC6
:10483000731F4093891150938A1160938B11709369
:104840008C1199C900919D1110919E1120919F1179
:104850003091A011400F511F621F731F40938911A7
:1048600050938A1160938B1170938C115BC9E09106
:10487000E011F091E111E80FF91FF093EE11E093D0
:10488000ED11820F931F9093E5118093E4110C9426
:104890004C090091A1111091A2112091A311309106
:1048A000A411400F511F621F731F40938D1150932D
:1048B0008E1160938F11709390110C942C0C0091B9
:1048C000A5111091A6112091A7113091A811400FA8
:1048D000511F621F731F4093911150939211609367
:1048E0009311709394110C94530C00919D1110919D
:1048F0009E1120919F113091A011400F511F621FF6
:10490000731F4093891150938A1160938B11709398
:104910008C1183C90091A1111091A2112091A311B2
:104920003091A411400F511F621F731F40938D11CE
:1049300050938E1160938F11709390110C94C7094E
:104940000091A5111091A6112091A7113091A811E5
:10495000400F511F621F731F40939111509392118A
:1049600060939311709394110C94EE0900919D1132
:1049700010919E1120919F113091A011400F511F55
:10498000621F731F4093891150938A1160938B119A
:1049900070938C1119C94091A9115091AA1160917D
:1049A000AB117091AC11840F951FA61FB71F809398
:1049B000951190939611A0939711B09398110C9420
:1049C00062184091A9115091AA116091AB11709198
:1049D000AC11840F951FA61FB71F8093951190935C
:1049E0009611A0939711B09398110C94C315E09170
:1049F000E011F091E111E80FF91FF093EE11E0934F
:104A0000ED11820F931F9093E5118093E4110C94A4
:104A100035198FEF9FEF0C94451420914C10309175
:104A20004D1040E050E00C94D20F4091A9115091EC
:104A3000AA116091AB117091AC11840F951FA61F44
:104A4000B71F8093951190939611A0939711B093EF
:104A500098110C9462080091991110919A1120916B
:104A60009B1130919C11400F511F621F731F409387
:104A700085115093861160938711709388110C945F
:104A8000EC1780913611882311F40C940D1D809140
:104A9000371190913811A0913911B0913A1180934A
:104AA000D0119093D111A093D211B093D31121E0E2
:104AB0002093D9110C943B104091A9115091AA1147
:104AC0006091AB117091AC11840F951FA61FB71F99
:104AD0008093951190939611A0939711B09398118C
:104AE0000C947A0C4091A9115091AA116091AB11CC
:104AF0007091AC11840F951FA61FB71F809395115D
:104B000090939611A0939711B09398110C9404066A
:104B10000091991110919A1120919B1130919C1143
:104B2000400F511F621F731F4093851150938611D0
:104B300060938711709388110C944D154091A911C1
:104B40005091AA116091AB117091AC11840F951F17
:104B5000A61FB71F8093951190939611A09397115C
:104B6000B09398110C940D124091A9115091AA1173
:104B70006091AB117091AC11840F951FA61FB71FE8
:104B80008093951190939611A0939711B0939811DB
:104B90000C94150A8091D911882311F40C9459149E
:104BA0000C9449141092DF111092DE1182E0809370
:104BB000E61180E195E090935F1180935E110C9473
:104BC000500B0091991110919A1120919B113091E5
:104BD0009C11400F511F621F731F4093851150930A
:104BE000861160938711709388110C94EB071092D3
:104BF000DF111092DE1182E08093E61187EF94E0DE
:104C000090935F1180935E110C94B418E091E011C1
:104C1000F091E111EA0FFB1FF093EE11E093ED111B
:104C2000A80FB91FB093E511A093E4110C94DD1BFC
:104C30000091991110919A1120919B1130919C1122
:104C4000400F511F621F731F4093851150938611AF
:104C500060938711709388110C948D0500919911C0
:104C600010919A1120919B1130919C11400F511F6E
:104C7000621F731F409385115093861160938711B3
:104C8000709388110C9496110091991110919A11BA
:104C900020919B1130919C11400F511F621F731F77
:104CA00040938511509386116093871170938811FA
:104CB0000C94030C0091991110919A1120919B1161
:104CC00030919C11400F511F621F731F409385113B
:104CD0005093861160938711709388110C949E09EC
:104CE0006FEF70E087E00E940748C0934F110E9469
:104CF0000149DC01CB018D0F911DA11DB11D8093D8
:104D0000501190935111A0935211B09353110C94E0
:104D1000DF120091A1111091A2112091A3113091E5
:104D2000A411400F511F621F731F40938D115093A8
:104D30008E1160938F11709390110C9462160091F4
:104D40009D1110919E1120919F113091A011400F43
:104D5000511F621F731F4093891150938A116093F2
:104D60008B1170938C1102CA0091A5111091A6119C
:104D70002091A7113091A811400F511F621F731F7E
:104D800040939111509392116093931170939411E9
:104D90000C9489164091A9115091AA116091AB1100
:104DA0007091AC11840F951FA61FB71F80939511AA
:104DB00090939611A0939711B09398110C94B016FC
:104DC0008FEF9FEF0C942F100091991110919A1171
:104DD00020919B1130919C11400F511F621F731F36
:104DE00040938511509386116093871170938811B9
:104DF0000C94391682EA97E09093AC098093AB0942
:104E0000FC010C94DE1C82EA97E09093AC0980933D
:104E1000AB09DC010C94BD148FEF9FEF0C9433149D
:104E20008FEF9FEF18C882EA97E09093AC098093C8
:104E3000AB09FC010C948C1E6FEF7FEF7093810324
:104E400060938003921B9F3F11F00C948A0D425097
:104E500040937A030C948F0D82EA97E09093AC090B
:104E60008093AB09DC010C94361B82EA97E09093A7
:104E7000AC098093AB09DC010C944D0F82EA97E0FA
:104E80009093AC098093AB09FC010C943E1E82EA1E
:104E900097E09093AC098093AB09FC010C94DE1E63
:104EA00082EA97E09093AC098093AB09DC010C9403
:104EB0006D1382EA97E09093AC098093AB09DC0113
:104EC0000C94F20482EA97E09093AC098093AB09CA
:104ED000DC010C94791A82EA97E09093AC098093F4
:104EE000AB09FC019FC882EA97E09093AC098093DC
:104EF000AB09FC0124C882EA97E09093AC09809347
:104F0000AB09DC010C94030982EA97E09093AC09A9
:104F10008093AB09FC010C94551FDA01A858BD4FD2
:104F20000C94380D82EA97E09093AC098093AB091A
:104F3000FC01C2C88FEF9FEFAECA82EA97E0909360
:104F4000AC098093AB09DC010C94EA0A8FEF9FEF68
:104F50000C941D1082EA97E09093AC098093AB0902
:104F6000DC010C94EC1882EA97E09093AC098093F2
:104F7000AB09FC0127C982EA97E09093AC098093C2
:104F8000AB09FC0175C982EA97E09093AC09809364
:104F9000AB09DC01FCC982818F5F828358CF92818B
:104FA0009F5F92839A2F0C945E0D8091E2119091F5
:104FB000E3110C94980A8091E2119091E3110C9402
:104FC0006A148091E2119091E3110C941A1380916C
:104FD000E2119091E3110C94E51A2F923F924F92B7
:104FE0005F926F927F928F929F92AF92BF92DF9269
:104FF000EF92FF920F931F93CF93DF93CDB7DEB75E
:1050000060970FB6F894DEBF0FBECDBFF89498E25C
:1050100088E10FB6F894A895809360000FBE909336
:105020006000809181008F7E80938100809181005B
:10503000886080938100809180008D7F80938000C4
:10504000809180008E7F80938000809180008F739C
:1050500080938000809180008F7C8093800080917D
:105060008100887F82608093810080E090E490934B
:1050700089008093880090938B0080938A0010921F
:10508000850010928400E5E1F7E0849190E0880FBC
:10509000991FFC01EA54F94F259134913093F21194
:1050A0002093F111FC01E454F84F25913491309391
:1050B0005802209357028E55984FFC018591949188
:1050C0009093F0118093EF11EBE5F7E0E491E0931A
:1050D00056029FB7F894E091EF11F091F011208102
:1050E00080915602822B80839FBF2FB7F894E09166
:1050F0005702F09158028081909156029095892331
:1051000080832FBFE8EDF6E0849190E0880F991F2F
:10511000FC01EA54F94F259134913093F911209311
:10512000F811FC01E454F84F259134913093F711B4
:105130002093F6118E55984FFC0185919491909390
:10514000F5118093F411EEE1F7E0E491E093F311AF
:105150009FB7F894E091F411F091F51120818091BE
:10516000F311822B80839FBFE7EDF6E0849190E0FE
:10517000880F991FFC01EA54F94F2591349130931F
:1051800000122093FF11FC01E454F84F2591349153
:105190003093FE112093FD118E55984FFC0185919F
:1051A00094919093FC118093FB11EDE1F7E0E49171
:1051B000E093FA119FB7F894E091FB11F091FC1184
:1051C00020818091FA11822B80839FBF9FB7F89432
:1051D000E0910612F0910712208180910512822B36
:1051E00080839FBFE5E0F7E0849190E0880F991FEE
:1051F000FC01EA54F94F2591349130930412209325
:105200000312FC01E454F84F2591349130930712B6
:10521000209306128E55984FFC018591949190939E
:10522000021280930112EBE4F7E0E491E09305129F
:105230009FB7F894E0910112F091021220818091C1
:105240000512822B80839FBF9FB7F894E0910612CE
:10525000F0910712208180910512822B80839FBFDD
:105260009FB7F894E0911F13F09120132081809153
:105270001E13822B80839FBFEEEEF6E0849190E0B8
:10528000880F991FFC01EA54F94F2591349130930E
:105290000B1220930A12FC01E454F84F259134912B
:1052A0003093201320931F138E55984FFC01859146
:1052B00094919093091280930812E4E3F7E0E4914B
:1052C000E0931E139FB7F894E0910812F091091231
:1052D000208180911E13822B80839FBF9FB7F894FB
:1052E000E0911F13F0912013208180911E13822BD7
:1052F00080839FBFE4E0F7E0849190E0880F991FDE
:10530000FC01EA54F94F2591349130930F12209308
:105310000E12FC01E454F84F25913491309312128F
:10532000209311128E55984FFC0185919491909382
:105330000D1280930C12EAE4F7E0E491E09310126E
:105340009FB7F894E0910C12F0910D12208180919A
:105350001012822B80839FBF2FB7F894E091111217
:10536000F091121280819091101290958923808380
:105370002FBFE3E0F7E0849190E0880F991FFC01D4
:10538000EA54F94F25913491309316122093151257
:10539000FC01E454F84F2591349130931912209375
:1053A00018128E55984FFC01859194919093141288
:1053B00080931312E9E4F7E0E491E09317129FB7AA
:1053C000F894E0911312F091141220818091171239
:1053D000822B80839FBF2FB7F894E0911812F09131
:1053E00019128081909117129095892380832FBF85
:1053F00062E082E30E94C6471092C0001092C5008E
:1054000081E08093C4008091C10080618093C100DD
:105410008091C10088608093C1008091C100806844
:105420008093C100E2EDF6E0849190E0880F991F2F
:10543000FC01EA54F94F259134913093F1122093F5
:10544000F012FC01E454F84F259134913093EF129F
:105450002093EE128E55984FFC0185919491909374
:10546000ED128093EC12E8E1F7E0E491E093EB12A7
:105470009FB7F894E091EC12F091ED1220818091A9
:10548000EB12822B80839FBFE3EDF6E0849190E0E6
:10549000880F991FFC01EA54F94F259134913093FC
:1054A000F8122093F712FC01E454F84F259134913F
:1054B0003093F6122093F5128E55984FFC0185918A
:1054C00094919093F4128093F312E9E1F7E0E49160
:1054D000E093F2129FB7F894E091F312F091F41276
:1054E00020818091F212822B80839FBFE4EDF6E051
:1054F000849190E0880F991FFC01EA54F94F25919F
:1055000034913093EA122093E912FC01E454F84FED
:10551000259134913093E8122093E7128E55984FDD
:10552000FC01859194919093E6128093E512EAE153
:10553000F7E0E491E093E4129FB7F894E091E5126C
:10554000F091E61220818091E412822B80839FBF2C
:105550002FB7F894E091E712F091E81280819091D2
:10556000E4129095892380832FBF10927E001092C1
:105570007D0080917D00816080937D0080917D0021
:10558000846080937D0087EC80937A0080917A001C
:1055900086FDFCCF1092FD0F1092FE0F1092FF0FB0
:1055A000109200101092011010920210109203102D
:1055B000109204101092051010920610109207100D
:1055C000109208101092091080E590E090937302F9
:1055D000809372028CE090E19093FC0F8093FB0F1C
:1055E000ECEFF6E0849190E0880F991FFC01EA54FB
:1055F000F94F259134913093201220931F12FC0112
:10560000E454F84F2591349130931E1220931D12CB
:105610008E55984FFC018591949190931C12809324
:105620001B12E2E4F7E0E491E0931A129FB7F894BA
:10563000E0911B12F0911C12208180911A12822B92
:1056400080839FBFEDEFF6E0849190E0880F991F73
:10565000FC01EA54F94F259134913093271220939D
:105660002612FC01E454F84F259134913093251211
:10567000209324128E55984FFC018591949190931C
:10568000231280932212E3E4F7E0E491E0932112E5
:105690009FB7F894E0912212F0912312208180911B
:1056A0002112822B80839FBFEEEFF6E0849190E081
:1056B000880F991FFC01EA54F94F259134913093DA
:1056C0002E1220932D12FC01E454F84F25913491B1
:1056D00030932C1220932B128E55984FFC018591FC
:1056E000949190932A1280932912E4E4F7E0E491D4
:1056F000E09328129FB7F894E0912912F0912A12B2
:10570000208180912812822B80839FBF65EA70E000
:105710008CE20E94074865EA70E08DE20E9407482B
:1057200065EA70E08EE20E94074880912101887F3F
:10573000816080932101099A119A3C9A4498399A80
:10574000419A80910A01806480930A0180910B0143
:10575000806480930B019FB7F894E0912F13F09130
:105760003013208180912E13822B80839FBFEBEE1C
:10577000F6E0849190E0880F991FFC01EA54F94FFC
:10578000259134913093321220933112FC01E4546C
:10579000F84F259134913093301320932F138E5569
:1057A000984FFC01859194919093301280932F1221
:1057B000E1E3F7E0E491E0932E139FB7F894E091D2
:1057C0002F12F0913012208180912E13822B808332
:1057D0009FBF9FB7F894E0912F13F0913013208171
:1057E00080912E13822B80839FBF9FB7F894E09106
:1057F0002C13F0912D13208180912B13822B808309
:105800009FBFEFEEF6E0849190E0880F991FFC01B6
:10581000EA54F94F25913491309336122093351282
:10582000FC01E454F84F2591349130932D132093CB
:105830002C138E55984FFC018591949190933412BE
:1058400080933312E5E3F7E0E491E0932B139FB7E5
:10585000F894E0913312F0913412208180912B134F
:10586000822B80839FBF9FB7F894E0912C13F09117
:105870002D13208180912B13822B80839FBF9FB794
:10588000F894E0912913F0912A1320818091281334
:10589000822B80839FBFE2EFF6E0849190E0880F37
:1058A000991FFC01EA54F94F2591349130933A1233
:1058B00020933912FC01E454F84F25913491309330
:1058C0002A13209329138E55984FFC0185919491AA
:1058D0009093381280933712E8E3F7E0E491E09375
:1058E00028139FB7F894E0913712F0913812208175
:1058F00080912813822B80839FBF9FB7F894E091FB
:105900002913F0912A13208180912813822B808300
:105910009FBF9FB7F894E0912613F0912713208141
:1059200080912513822B80839FBFE5EFF6E0849161
:1059300090E0880F991FFC01EA54F94F25913491AA
:1059400030933E1220933D12FC01E454F84F259110
:10595000349130932713209326138E55984FFC01D2
:105960008591949190933C1280933B12EBE3F7E086
:10597000E491E09325139FB7F894E0913B12F091E6
:105980003C12208180912513822B80839FBF9FB77B
:10599000F894E0912613F09127132081809125132C
:1059A000822B80839FBFE6EEF6E0849190E0880F23
:1059B000991FFC01EA54F94F259134913093E31279
:1059C0002093E212FC01E454F84F25913491309376
:1059D0004212209341128E55984FFC01859194916B
:1059E0009093401280933F12ECE2F7E0E491E09351
:1059F000E1122FB7F894E0913F12F09140128081AC
:105A00009091E1129095892380832FBF9FB7F894DE
:105A1000E0914112F091421220818091E112822B9B
:105A200080839FBFEAEEF6E0849190E0880F991F93
:105A3000FC01EA54F94F259134913093E012209300
:105A4000DF12FC01E454F84F259134913093461253
:105A5000209345128E55984FFC0185919491909317
:105A6000441280934312E0E3F7E0E491E093DE1206
:105A70002FB7F894E0914312F091441280819091F5
:105A8000DE129095892380832FBF9FB7F894E09111
:105A90004512F091461220818091DE12822B808384
:105AA0009FBFEDEEF6E0849190E0880F991FFC0116
:105AB000EA54F94F259134913093DD122093DC1292
:105AC000FC01E454F84F2591349130934A1220930D
:105AD00049128E55984FFC018591949190934812EC
:105AE00080934712E3E3F7E0E491E093DB122FB7F2
:105AF000F894E0914712F091481280819091DB1266
:105B00009095892380832FBF9FB7F894E091491225
:105B1000F0914A1220818091DB12822B80839FBFFB
:105B20000B9A13983D9A45983A9A429880910A01A7
:105B3000806880930A0180910B018F7780930B011D
:105B40006FE770E088E00E9407487894D12C60EA03
:105B5000262E312C10928D0310928A0310928F03FF
:105B600083E993E090938C0380938B030E94014917
:105B70004B015C0100918B0310918C0385E3F801CC
:105B8000828361E00E94C64761E0F80182810E9441
:105B90009347E0918B03F0918C0382E5808311821F
:105BA00080918D03882309F485C1E0918B03F091E6
:105BB0008C0361E082810E9493478AE09FEF9EBD43
:105BC0000DB407FEFDCF8150D1F7E0918B03F0912A
:105BD0008C0360E082810E9493470AE07DEFF72EFC
:105BE0001FEF20E030E0A90160E08AE893E00E9426
:105BF000683D813009F46EC1015071F0FEBC0DB4F6
:105C000007FEFDCF88E092E01EBD0DB407FEFDCF7C
:105C10002EB50197C9F7E5CF80E280938A03809182
:105C20008D03882321F08AE893E00E945F3C609115
:105C30008A0370E080E090E00E94C54E60917E0390
:105C400083E0682E712C01E010E092E0892E912C07
:105C500024E0A22EB12C44244A94542C42E7E42E92
:105C6000F12C662389F180917802909179028B372B
:105C7000910509F46AC008F4ECC0833A910509F46F
:105C8000CBC008F412C1863A910509F4D3C0893A11
:105C9000910509F0E6C0615060937E0361110EC06A
:105CA00090917A0380917B03981741F068E072E04D
:105CB0008EEA90E00E94513F60917E03109279023B
:105CC000109278026111CFCF10927E0310927B0365
:105CD00010927A03A89568EB7BE080E090E00E9448
:105CE000CA48D394F5E0DF1235CF68E083E00E9424
:105CF0000D460E94E63D0E94AC500E94014960930F
:105D00004B1270934C1280934D1290934E126096EA
:105D10000FB6F894DEBF0FBECDBFDF91CF911F91BC
:105D20000F91FF90EF90DF90BF90AF909F908F907A
:105D30007F906F905F904F903F902F9008958BE7EA
:105D400090E090937902809378028091C00085FF63
:105D500088CF20917F032093C600E0917B03EF5F03
:105D6000E0937B0380917C0390917D038227082E32
:105D70008295807F8025092E982F82958F70082626
:105D8000869598278927880F880F880F80259093FC
:105D90007D0380937C0320917A03E21761F0F0E0A9
:105DA000E858FD4F828180937F038111C8CF809195
:105DB0007C0390917D03492F55275093870340938F
:105DC00086039C0133273093890320938803892B12
:105DD00009F075C0B0928503A09284034F5F5F4FB6
:105DE00050938703409386032F5F3F4F309389037F
:105DF0002093880330927902209278028091C0002B
:105E000085FF2FCF809184038093C600E3EAF0E002
:105E1000F0937902E09378028091C00085FF21CF52
:105E2000809188038093C60086EA90E0909379027F
:105E3000809378028091C00085FF13CF8091860304
:105E40008093C600E9EAF0E0F0937902E0937802EB
:105E500022CF8C36910551F082379105B9F0892B0C
:105E600029F05092790240927802FBCEE0917B03B8
:105E700081E08E0F80937B03F0E0E858FD4F828134
:105E800080937F03F0927902E09278028091C000C3
:105E900085FFE7CE80917F038093C60050927D03FB
:105EA00040927C03E0917B037ACF803A910509F41C
:105EB000A5CFD7CF8AE893E00E94713C76CE452BE0
:105EC000C9F4909285038092840310938703009312
:105ED000860390CF21E030E040E050E06BE38AE8B9
:105EE00093E00E94683D182F813059F088E3809339
:105EF0008A0395CE232B09F1109385030093840325
:105F000079CF2AEA31E040E050E068E08AE893E0A7
:105F10000E94683D8530D1F084E02FEF2EBD0DB496
:105F200007FEFDCF9EB590938E038150B9F79A3A44
:105F300071F185E280938A0372CE7092850360923C
:105F40008403109389030093880354CF10938F0325
:105F5000412C512C320120E030E0A90167E38AE8AE
:105F600093E00E94683DA301920169E28AE893E010
:105F70000E94683D8823A1F00E94014968197909AF
:105F8000613D774040F383E480938A0348CE82E00A
:105F900080938F03412C512C612C60E4762EDBCF53
:105FA00080918F03823049F180918D03882321F005
:105FB0008AE893E00E945F3CE0918B03F0918C03B0
:105FC00080E5808381E0818380918F03833051F16C
:105FD00089E080939003BE016F5F7F4F8AE893E072
:105FE0000E94D6508823B9F08B8586FF14C085E0C7
:105FF00080939103809392037ECE20E030E0A9014C
:106000006AE38AE893E00E94683D882371F087E3A1
:1060100080938A0304CE6FE172E086E991E00E94EA
:10602000513FE5CF10929003D6CF8FEF8EBD0DB4C8
:1060300007FEFDCF8EB5807C803C19F483E0809311
:106040008F0383E09FEF9EBD0DB407FEFDCF2EB5FD
:106050008150C9F7A9CF2F923F924F925F926F92D2
:106060007F928F929F92AF92BF92CF92DF92EF92E8
:10607000FF920F931F93CF93DF9300D01F92CDB762
:10608000DEB71092E5111092E4111092E311109214
:10609000E2112091A8093091A9090FEF1FEF6624A2
:1060A0006A9477247394E9E05E2EF2E04F2EEE249A
:1060B000E394F12CB9EE2B2E312C8CEBC82ED12C85
:1060C00021153105B1F080919603909197038C3B97
:1060D000910509F455C0893E910509F4CEC1892B7B
:1060E00009F43DC2109397030093960321153105DF
:1060F00051F710929E0510929F051092A0051092E4
:10610000A10510929905109298051092A20910927B
:10611000A3091092A4091092A5091092AA0981E07E
:1061200090E0A0E0B0E080939A0590939B05A09347
:106130009C05B0939D050F900F900F900F90DF91ED
:10614000CF911F910F91FF90EF90DF90CF90BF9074
:10615000AF909F908F907F906F905F904F903F9007
:106160002F9008950E9401496093BD097093BE0964
:106170008093BF099093C009D0929703C092960371
:106180000E9401496093AD097093AE098093AF09F5
:106190009093B0098091AB099091AC09825A9540D7
:1061A00009F405C58091A2099091A309A091A409C1
:1061B000B091A50929E0B695A795979587952A9559
:1061C000D1F79C01AD012F5F3F4F4F4F5F4F809143
:1061D0008F03833039F089E0220F331F441F551F8E
:1061E0008A95D1F761E18AE893E00E94683D8823AF
:1061F00009F4C7C280E380938A0380918D038823CA
:1062000021F08AE893E00E945F3C809191038150E5
:1062100080939103882309F474C50E9401498090FA
:10622000AD099090AE09A090AF09B090B009DC0123
:10623000CB0188199909AA09BB094091B10950916C
:10624000B2096091B3097091B4094F5F5F4F6F4F0E
:106250007F4F4093B1095093B2096093B309709393
:10626000B4094091B5095091B6096091B709709190
:10627000B809480F591F6A1F7B1F4093B5095093F7
:10628000B6096093B7097093B8094091B909509164
:10629000BA096091BB097091BC09481759076A0790
:1062A0007B0740F48093B9099093BA09A093BB0986
:1062B000B093BC0980908E0390908A0370917A030A
:1062C00060917B03872F861B8F3F11F40C94C33999
:1062D000E1E0E70FE0937A03A72FB0E0A858BD4FA5
:1062E00012961C928E2F861B8F3F09F4FBC682E00C
:1062F000870F80937A03F0E0E858FD4F5282282FF1
:1063000030E03093830320938203982F961B9F3FA6
:1063100011F40C947D3A43E0470F40937A03D9017E
:10632000A858BD4F12967C921297842F90E0B42EFD
:10633000B61A9093810380938003FFEFBF1611F488
:106340000C94C83A44E0470F40937A03FC01E858A4
:10635000FD4F728212968C9112978F5F12968C93DA
:10636000129782818F5F8283842F861B8F3F11F467
:106370000C94BB3A7B5F70937A03E42FF0E0E8580B
:10638000FD4F5282B72EB61A12968C9112978F5FDC
:1063900012968C931297992009F408C78091800374
:1063A00090918103AC01552748585D4FFA01A280B6
:1063B000A394A282FFEFBF1609F4C1C741E0470FC3
:1063C00040937A03E72FF0E0E858FD4F9282B42E15
:1063D000B61A12965C9112975F5F12965C930196C3
:1063E00009F4E3C6882009F4CCC68091800390911B
:1063F0008103DC01BB27A858BD4F12962C91129740
:106400002F5F12962C9312972FEFB21609F480C7C4
:1064100071E0740F70937A03E42FF0E0E858FD4FB9
:10642000828240918203509183039A013327F901BC
:10643000E858FD4F22812F5F2283761B7F3F09F4AE
:10644000ABC6019611F012966C9280917E038F5F1D
:1064500080937E032091A8093091A90931CE0E9432
:1064600001496093DD097093DE098093DF09909301
:10647000E00930929703209296030E9401496093AD
:10648000CD097093CE098093CF099093D009809065
:106490009A0590909B05A0909C05B0909D058091D9
:1064A000760290917702892B09F085C08AE893E003
:1064B0000E943C3D882309F439C20E940149809022
:1064C000CD099090CE09A090CF09B090D009DC0101
:1064D000CB0188199909AA09BB094091D1095091AA
:1064E000D2096091D3097091D4094F5F5F4F6F4F0C
:1064F0007F4F4093D1095093D2096093D309709391
:10650000D4094091D5095091D6096091D70970916D
:10651000D809480F591F6A1F7B1F4093D509509314
:10652000D6096093D7097093D8094091D909509141
:10653000DA096091DB097091DC09481759076A078D
:106540007B0740F48093D9099093DA09A093DB0983
:10655000B093DC092091A8093091A909B1CD21306F
:10656000310509F4FFCD2230310509F478CF80914F
:10657000AA0981111BC040919E0550919F05609111
:10658000A0057091A1058091A2099091A309A09105
:10659000A409B091A509481759076A077B0731F08C
:1065A000F092A909E092A80921E030E01092970347
:1065B0001092960385CD8AE893E00E943C3D8111BC
:1065C0007CCF20E030E0A9016DE08AE893E00E94F2
:1065D000683D882309F4E3C260918E0330917A0309
:1065E00020917B03832F821B8F3F09F4FDC5E1E0DF
:1065F000E30FE0937A03A32FB0E0A858BD4F1296A3
:106600001C928E2F821B8F3F09F40DC772E0730F0F
:1066100070937A03F0E0E858FD4F83E08283872F80
:1066200090E09093830380938203472F421B4F3F58
:1066300009F47BC743E0942E930E90927A03DC0119
:10664000A858BD4F12967C921297492D50E05C835A
:106650004B83792D721B50938103409380037F3FBE
:1066600009F466C774E0730F70937A0348585D4F5E
:106670005A01FA01728212969C9012979394129684
:106680009C9212974B815C81928093949282972E78
:10669000921AFFEF9F1609F470C73B5F30937A039D
:1066A000472F50E048585D4F7CE0FA017283732F0A
:1066B000721B12964C9112974F5F12964C93129741
:1066C000F50142814F5F42837F3F09F4A0C671E02C
:1066D000730F70937A03E32FF0E0E858FD4F39E22F
:1066E0003283372F321B12964C9112974F5F1296BE
:1066F0004C93662309F476C6DC01A858BD4F809000
:10670000800390908103A401552748585D4FFA01FA
:10671000B280B394B2823F3F09F4E8C631E0370F4C
:1067200030937A03E72FF0E0E858FD4F628312962A
:106730006C9112976F5F12966C93321B3F3F09F476
:1067400081C68920809419F0DA0112966C928091AA
:106750007E038F5F80937E030E94E63D80918D03D0
:10676000882321F08AE893E00E945F3C1092770230
:106770001092760285E08093920392E0892E912C0C
:106780003FC140E052E062EA75E08AE893E00E948F
:10679000B23C882309F431CD80918D038111E8C585
:1067A00085E0809391030E9401498090AD0990900B
:1067B000AE09A090AF09B090B009DC01CB018819F7
:1067C0009909AA09BB094091B1095091B209609198
:1067D000B3097091B4094F5F5F4F6F4F7F4F409384
:1067E000B1095093B2096093B3097093B409409111
:1067F000B5095091B6096091B7097091B809480F71
:10680000591F6A1F7B1F4093B5095093B6096093C7
:10681000B7097093B8094091B9095091BA096091CC
:10682000BB097091BC09481759076A077B0740F4F8
:106830008093B9099093BA09A093BB09B093BC099E
:106840000E9401498090BD099090BE09A090BF09A7
:10685000B090C009DC01CB0188199909AA09BB09CC
:106860004091C1095091C2096091C3097091C40956
:106870004F5F5F4F6F4F7F4F4093C1095093C209E5
:106880006093C3097093C4094091C5095091C6092A
:106890006091C7097091C809480F591F6A1F7B1F73
:1068A0004093C5095093C6096093C7097093C809FE
:1068B0004091C9095091CA096091CB097091CC09E6
:1068C000481759076A077B0740F48093C9099093DA
:1068D000CA09A093CB09B093CC0980919E059091F1
:1068E0009F05A091A005B091A1054091A2095091EA
:1068F000A3096091A4097091A509841B950BA60BAF
:10690000B70B811542E09407A105B10510F080E0B6
:1069100092E09093A7098093A6091092A90910927A
:10692000A8097092AA0920E030E040CEA5019401A8
:106930000090900304C0220F331F441F551F0A9478
:10694000D2F768E18AE893E00E94683D8111B2C203
:10695000A8E9B3E080E090E02D91E92FFF27E2273E
:10696000EE0FFF1FEA54FB4F25913491982F882793
:1069700082279327F5E0A839BF0771F72EEF2EBDC8
:106980000DB407FEFDCF209198032EBD20919903F1
:10699000EAE9F3E00DB407FEFDCF2EBD28E935E0AE
:1069A0002E173F0711F02191F5CF0DB407FEFDCF53
:1069B0009EBD0DB407FEFDCF8EBD0DB407FEFDCF0D
:1069C0006EBC0DB407FEFDCF8EB580938E038F7124
:1069D000853009F42CC387E580938A0380918D0369
:1069E000882319F08AE893E06AD780919203815056
:1069F00080939203882309F42CC488248394912CD7
:106A00000E9401492091CD093091CE094091CF09D2
:106A10005091D009DC01CB01821B930BA40BB50B69
:106A20004091D1095091D2096091D3097091D40954
:106A30004F5F5F4F6F4F7F4F4093D1095093D20903
:106A40006093D3097093D4094091D5095091D60928
:106A50006091D7097091D809480F591F6A1F7B1F91
:106A60004093D5095093D6096093D7097093D809FC
:106A70004091D9095091DA096091DB097091DC09E4
:106A8000481759076A077B0740F48093D909909308
:106A9000DA09A093DB09B093DC098A94892809F408
:106AA000C8C00E9401498090DD099090DE09A09045
:106AB000DF09B090E009DC01CB0188199909AA0926
:106AC000BB094091E1095091E2096091E30970919D
:106AD000E4094F5F5F4F6F4F7F4F4093E109509341
:106AE000E2096093E3097093E4094091E50950914C
:106AF000E6096091E7097091E809480F591F6A1F7C
:106B00007B1F4093E5095093E6096093E709709372
:106B1000E8094091E9095091EA096091EB09709107
:106B2000EC09481759076A077B0740F48093E90985
:106B30009093EA09A093EB09B093EC0980919E052C
:106B400090919F05A091A005B091A1059E5FAF4FC8
:106B5000BF4F80939E0590939F05A093A005B0938F
:106B6000A105109299051092980580919A0590912F
:106B70009B05A0919C05B0919D050196A11DB11D9D
:106B800080939A0590939B05A0939C05B0939D05D7
:106B90001092A9091092A80920E030E007CD6EBC40
:106BA0000DB407FEFDCF8EB5811116CDD7CD8091E6
:106BB000A2099091A309A091A409B091A50979E037
:106BC000B695A795979587957A95D1F79C01AD01D4
:106BD0002F5F3F4F4F4F5F4F80918F03833039F0CE
:106BE00069E0220F331F441F551F6A95D1F761E1F9
:106BF0008AE893E06DD7882309F496C380E38093F5
:106C00008A0380918D03882319F08AE893E057D690
:106C1000809191038150809391038111FECA20914C
:106C20008E0340918A0369E083E00E940251CED72F
:106C3000F4CA80908E0390908A0370917A036091D9
:106C40007B03872F861B8F3F09F496C3E1E0E70F94
:106C5000E0937A03A72FB0E0A858BD4F12961C927C
:106C60008E2F861B8F3F09F46FC242E0470F40937F
:106C70007A03F0E0E858FD4F5282242F30E0309341
:106C8000830320938203842F861B8F3F09F438C42B
:106C900043E0470F40937A03D901A858BD4F12969D
:106CA0007C921297842F90E0B42EB61A90938103B1
:106CB00080938003EFEFBE1609F46AC444E0470FE7
:106CC00040937A03FC01E858FD4F728212968C9132
:106CD00012978F5F12968C93129782818F5F8283B7
:106CE000842F861B8F3F09F446C47B5F70937A0321
:106CF000E42FF0E0E858FD4F8CE08283B72EB61AFF
:106D000043CB80908E0390908A03E0917A03609148
:106D10007B038E2F861B8F3F09F491C131E03E0F1C
:106D200030937A038E2F90E088589D4FDC011296A5
:106D30001C92832F861B8F3F09F46DC322E02E0F18
:106D400020937A03A32FB0E0A858BD4F83E012969A
:106D50008C93422F50E05093830340938203822F01
:106D6000861B8F3F09F4D9C383E08E0F80937A038B
:106D70009A0128583D4F5901D90112967C92282F2B
:106D800030E0782F761B30938103209380037F3F80
:106D900009F4E7C384E08E0F80937A0328583D4FAF
:106DA000D90112967C92D50112969C9112979F5F01
:106DB00012969C93D90112969C9112979F5F1296FE
:106DC0009C93982F961B9F3F09F4C9C3EB5FE093F8
:106DD0007A0390E088589D4FDC0112965C927E2FDA
:106DE000761BD50112968C9112978F5F12968C9319
:106DF000992009F4D8C280918003909181039C016D
:106E0000332728583D4FD9011296FC911297FF5F06
:106E10001296FC937F3F09F450C321E02E0F20937C
:106E20007A03F0E0E858FD4F9282722F761BD5016D
:106E300012963C9112973F5F12963C93019609F48B
:106E4000B1C2882009F4A6C2809180039091810389
:106E5000DC01BB27A858BD4F12963C9112973F5FAB
:106E600012963C9312977F3F09F42CC371E0720F86
:106E700070937A03E22FF0E0E858FD4F8282409150
:106E80008203509183039A013327F901E858FD4F9B
:106E900022812F5F2283761B7F3F09F41FC1019659
:106EA00011F012966C9280917E038F5F80937E0327
:106EB0008DD6B3C980908E0340917A0350917B03A5
:106EC000842F851B8F3F09F4CFC2E1E0E40FE093EC
:106ED0007A03A42FB0E0A858BD4F12961C928E2FB3
:106EE000851B8F3F09F4FAC262E0640F60937A0356
:106EF000F0E0E858FD4F83E08283862F90E0909386
:106F0000830380938203262F251B2F3F09F40AC396
:106F1000B3E0BB2EB40EB0927A03FC01E858FD4FEB
:106F200072826B2D70E0AB2CA51A70938103609375
:106F30008003AFEFAA1609F43FC3A4E0BA2EB40E43
:106F4000B0927A039B0128583D4FD90112967C924A
:106F5000B281BF5FB283D9011296AC901297A3940D
:106F60001296AC92BB2DB51BBF3F09F422C34B5FF9
:106F700040937A03AB2DB0E0A858BD4F6CE0129659
:106F80006C93A42EA51A62816F5F6283D901129659
:106F90006C9112976F5F12966C93BFEFAB1609F46A
:106FA00057C299249394940E90927A03A42FB0E040
:106FB000A858BD4F22E312962C93492D451B2281E0
:106FC0002F5F2283882009F415C2FC01E858FD4F89
:106FD00060918003709181039B01332728583D4FB6
:106FE000D9011296BC901297B3941296BC924F3F5F
:106FF00009F489C241E0490D40937A03A92DB0E01C
:10700000A858BD4F12968C92A281AF5FA283451BF8
:107010004F3F09F4F6C16F3F7F4F11F0F9016282D3
:1070200080917E038F5F80937E03D0D591CC8AE8D8
:1070300093E092D4F0927702E09276023ECA8E2FCD
:1070400090E0409182035091830390938103809359
:1070500080035527DA01A858BD4F5D0112962C9187
:1070600012972F5F12962C9388589D4FDC01129631
:107070002C9112972F5F12962C93D50112968C911A
:1070800012978F5F12968C93992009F4DFC180913B
:107090008003909181039C01332728583D4FD901EB
:1070A00012964C9112974F5F12964C93D5011296FF
:1070B0002C9112972F5F12962C938F3FBFEF9B0757
:1070C00009F45DC22E2F7FEF8110C2CE1093810391
:1070D0000093800340918203509183034250409378
:1070E0007A03E6CE2E2F30E0A0918203B091830385
:1070F0007E2F3093810320938003BB27A858BD4F78
:1071000012968C9112978F5F12968C931297F901B9
:10711000E858FD4F82818F5F828312968C9112977F
:107120008F5F12968C931297992009F484C18091F5
:107130008003909181039C013327F901E858FD4FAA
:1071400022812F5F2283FEC08E2F90E02091820348
:10715000309183037E2F90938103809380033327A4
:10716000D901A858BD4F12962C9112972F5F1296F5
:107170002C931297FC01E858FD4F82818F5F828328
:10718000CCCF1093810300938003FFEFBF125DC942
:107190004091820350918303425040937A0320919F
:1071A000A8093091A9090C946030742FD901A8580E
:1071B000BD4F872F90E09093810380938003EFEF82
:1071C000BE1609F422C141E0470F40937A03FC0147
:1071D000E858FD4F7282B42EB61A12968C9112970F
:1071E0008F5F12968C93FEC8432F50E080918203EC
:1071F000909183035093810340938003DC01BB276C
:10720000A858BD4F12967C9112977F5F12967C937F
:107210001297FA01E858FD4F72817F5F72831296D0
:107220007C9112977F5F12967C931297FA01E8582F
:10723000FD4F72817F5F728312964C9112974F5F60
:1072400012964C931297662309F4F8C0732F3FEF00
:1072500056CA90908E0380908A0310938103009306
:10726000800380917A0340917B03982F941B9F3F6A
:1072700039F121E0280F20937A03E82FF0E0E85855
:10728000FD4F1282922F941B9F3FD1F092E0980FF6
:1072900090937A03E22FF0E0E858FD4F23E0228339
:1072A000292F30E03093830320938203941B9F3F68
:1072B00039F08D5F80937A03F901E858FD4F7282AF
:1072C0008CE00E94744D882D0E94744D892D0E947F
:1072D000744D80917A0390917B03891B8F3F09F451
:1072E00016C180918003909181038F3F3FEF9307F8
:1072F00029F09927FC01E858FD4F628280917E03B6
:107300008F5F80937E0362D488248394912C78CB02
:107310004091820350918303FA01FF27E858FD4F03
:1073200082818F5F828338CF40E052E062EA77E06B
:107330008AE893E017D3882309F463CC2DCAD901D6
:10734000A858BD4F12962C9112972F5F12962C932E
:1073500012978F3FFFEF9F0709F4F7C0472FBB2419
:10736000BA94811046C8109381030093800310CF14
:107370008AE893E0A4D214CA872F90E02091820378
:1073800030918303E8CE272F30E0A0918203B091A3
:107390008303AFCE10938103009380037F3F09F0F6
:1073A00082CD98CEE22F9A0128583D4F59018E2F59
:1073B00090E090938103809380037F3F09F4B0C0F5
:1073C00021E02E0F20937A03FC01E858FD4F7282D2
:1073D000722F761BD50112968C9112978F5F1296A1
:1073E0008C932FCD10938103009380033F3F09F0CE
:1073F000AEC928C010938103009380034F3F09F06A
:107400000FCE825080937A0310CE472FE6CEDC0158
:10741000A858BD4F11CF832F90E040918203509127
:107420008303E32F12CE4E2F50E080918203909180
:1074300083033E2FDFCEBB24BA94BBCE10938103CF
:1074400000938003825080937A0386C97FEFAFCF89
:10745000FC01E858FD4F22812F5F2283882009F428
:10746000A3C0942E4FEFB4CD842F90E020918203DF
:10747000309183039093810380938003F901FF2768
:10748000E858FD4F62816F5F6283BC01DC01A85840
:10749000BD4F12968C9112978F5F12968C938281BA
:1074A0008F5F8283DB01A858BD4F12968C91129793
:1074B0008F5F12968C93C901CECF9A0128583D4F09
:1074C0005901F4CD4091820350918303FA01FF27C3
:1074D000E858FD4F82818F5F828300CE8E2F90E02F
:1074E00020918203309183034E2FC4CF12962C91AA
:1074F00012972F5F12962C93A5CFD901782FF9CD33
:10750000C901742F28CE22812F5F22837ACF8091E8
:107510008203825080937A03F6CECA01E22F95CD82
:107520002E2F58CF9C01462FA5CFAC01372F62CE0E
:1075300012964C921297EB81FC81E858FD4F5F0147
:1075400032813F5F3283392DB4C8872F90E090930A
:10755000810380938003472FBB24BA943ECEE82F4B
:107560008CCDF5014282F901E858FD4F92819F5F71
:107570009283E82F36CC742FD0CD372F50CE8E2F5C
:1075800090E090938103809380032E2F7FEF22CF92
:1075900012964C92129788589D4FFC0152815F5F62
:1075A0005283742F0C94C431109381030093800391
:1075B00028CF4B2D9C0173CF42829B0128583D4F11
:1075C000D90112964C9112974F5F12964C934B2D06
:1075D000DACC4F925F926F927F928F929F92AF928E
:1075E000BF92CF92DF92EF92FF920F931F93CF93B0
:1075F000DF93EC01FB0149015A0157FD37C1688156
:1076000079818A819B810E94247F2B013C010C801F
:1076100004C076946794579447940A94D2F72091C3
:10762000FD0F3091FE0F4091FF0F5091001057FD5C
:10763000FEC060817181828193810E94247F9B01C1
:10764000AC01048004C056954795379527950A9458
:10765000D2F72093FD0F3093FE0F4093FF0F50930E
:10766000001080910B1081110CC0280D391D4A1D8E
:107670005B1D2093FD0F3093FE0F4093FF0F50933F
:10768000001057FDB5C06D817E818F8198850E9465
:10769000247F6B017C01098404C0F694E794D7949D
:1076A000C7940A94D2F7C40CD51CE61CF71C809131
:1076B000011090910210A0910310B0910410A50147
:1076C0009401281B390B4A0B5B0B57FD72C06E856A
:1076D0007F85888999890E94247FDC01CB010A88F3
:1076E00004C0B695A795979587950A94D2F74090D0
:1076F0000510509006106090071070900810840DCF
:10770000951DA61DB71D8093051090930610A0939C
:107710000710B0930810B7FC0AC080913C1090E0AD
:10772000A0E0B0E0C816D906EA06FB068CF18FEFA0
:10773000C816D104E104F1049CF51C141D041E04B8
:107740001F040CF0B4C0C092091010920B10B601C7
:1077500082E00E9407488092011090920210A0924D
:107760000310B0920410D093FC0FC093FB0FDF9175
:10777000CF911F910F91FF90EF90DF90CF90BF902E
:10778000AF909F908F907F906F905F904F900895F3
:107790006C017D018FEFC816D104E104F1046CF295
:1077A0008FEF8093091081E080930B106FEF70E0F2
:1077B000CFCF50954095309521953F4F4F4F5F4F1C
:1077C0006E857F85888999890E94247FDC01CB01A1
:1077D0000A8804C0B695A795979587950A94D2F71D
:1077E000B095A095909581959F4FAF4FBF4F7FCF9C
:1077F00050954095309521953F4F4F4F5F4F6D818C
:107800007E818F8198850E94247FDC01CB010984D1
:1078100004C0B695A795979587950A94D2F7CC247E
:10782000DD247601C81AD90AEA0AFB0A3CCF509532
:107830004095309521953F4F4F4F5F4F608171814B
:10784000828193810E94247FDC01CB01048004C0EB
:10785000B695A795979587950A94D2F7222733274F
:10786000A901281B390B4A0B5B0BF3CE002711270C
:107870009801081919092A093B09688179818A81C7
:107880009B81A90198010E94247FDC01CB010C801F
:1078900004C0B695A795979587950A94D2F7442486
:1078A00055243201481A590A6A0A7B0AB8CE109246
:1078B000091081E080930B1060E070E049CFCF9316
:1078C000DF93EC01E981FA8161E082810E949347B4
:1078D0008FEF8EBD0DB407FEFDCF1B82DF91CF91E0
:1078E0000895CF93DF93EC01E981FA8180818CBD0B
:1078F00081818DBDE981FA8160E082810E94934798
:1079000081E08B83DF91CF910895FF920F931F93B6
:10791000CF93DF938B010E940149EB01FF24FA947E
:10792000FEBC0DB407FEFDCF8EB58F3F71F00E94F7
:1079300001496C1B7D0B0617170790F780E0DF915C
:10794000CF911F910F91FF90089581E0DF91CF912A
:107950001F910F91FF900895FC012381211101C017
:107960000895ADCFBF92CF92DF92EF92FF920F9327
:107970001F93CF93DF93EC017B016A010E940149C1
:107980008B01BB24BA94BEBC0DB407FEFDCF8EB5EF
:107990008C838F3FC9F40E940149601B710B693EC3
:1079A000734088F385E588838B81882319F0CE01A5
:1079B00086DF80E0DF91CF911F910F91FF90EF90D4
:1079C000DF90CF90BF9008958E3F19F080E58883B7
:1079D000EBCFC114D104C9F0D60111978FEF8EBD42
:1079E000109709F447C0F701AE0DBF1D9FEF0DB40E
:1079F00007FEFDCF8EB59EBD8193EA17FB07B9F751
:107A00000DB407FEFDCF8EB58C931C828FEF8EBD1B
:107A10000DB407FEFDCF2EB530E0322F22278FEFB9
:107A20008EBD0DB407FEFDCF8EB5282BC114D10439
:107A3000F1F0D701CE0CDF1C80E090E04D91E92FF2
:107A4000FF27E427EE0FFF1FEA54FB4F45915491A7
:107A5000982F882784279527AC15BD0579F7281717
:107A6000390719F081E588839FCF81E0A3CF80E0BB
:107A700090E0F5CFD701C4CF0F931F93CF93DF933F
:107A80008C01FC01C381C11101C02BDF98E03FEFE5
:107A90003EBD0DB407FEFDCF2EB52F3FB9F091507E
:107AA000B9F7D1E0C11104C0F8018381811106C08A
:107AB0008D2FDF91CF911F910F910895C801FFDEA7
:107AC0008D2FDF91CF911F910F910895D0E0EACFD4
:107AD000FF920F931F93CF93DF93CDB7DEB72A9713
:107AE0000FB6F894DEBF0FBECDBF8C01F62EFC01A1
:107AF000838181110AC0C8012F83388749875A873B
:107B0000F0DE5A85498538852F81F11052C06F2DDE
:107B1000606469835A834B833C832D83FE013296D4
:107B2000DE011696262F90E059E038E0990F422F9B
:107B3000492747FD9527220F3150C1F7EA17FB0768
:107B400011F02191F2CF990F91609E836EBD8A81D1
:107B5000FE0133969E01295F3F4F0DB407FEFDCF16
:107B60008EBDE217F30711F08191F7CF0DB407FE38
:107B7000FDCF8FEF8EBD0DB407FEFDCF8EB52BE090
:107B80009FEF9EBD0DB407FEFDCF8EB5F801848337
:107B900087FD0CC02A960FB6F894DEBF0FBECDBF8E
:107BA000DF91CF911F910F91FF900895215049F7D8
:107BB000F1CF6CE271E0C8012F83388749875A877B
:107BC000A4DE5A85498538852F81A1CF2F923F9217
:107BD0004F925F926F927F928F929F92AF92BF92DD
:107BE000CF92DF92EF92FF920F931F93CF93DF9389
:107BF000F8940E9457490E94F653109214116FE7AF
:107C000070E088E00E94074810924A1110924911D2
:107C100020917E0339EAE32EF12C46EAC42ED12CC2
:107C200053EA652E712C60EAA62EB12C44244394AD
:107C3000512CE4E02E2E312CFBE78F2E912CCFEF30
:107C4000DFEF02E710E0222381F18091780290912A
:107C500079028B37910509F450C008F455C0833A76
:107C6000910509F46EC008F45DC0863A910509F4E7
:107C700074C0893A910509F050C0215020937E03C9
:107C800021110DC090917A0380917B03981739F0F0
:107C900068E072E08EEA90E004D120917E031092B9
:107CA0007902109278022111D0CF10927E031092A7
:107CB0007B0310927A03C8EED3E061E070E080E0CD
:107CC00090E00E94CA48A8952197B9F7DF91CF911B
:107CD0001F910F91FF90EF90DF90CF90BF90AF90EA
:107CE0009F908F907F906F905F904F903F902F90DC
:107CF000089590927902809278028091C00085FD6B
:107D000093C020917E039FCF8C369105A9F18237D5
:107D1000910509F441C0892B79F1D0937902C09380
:107D2000780291CF803A9105C1F78091C00085FF1C
:107D3000E8CF809184038093C600709279026092AC
:107D400078028091C00085FFDCCF8091880380930A
:107D5000C600D0927902C09278028091C00085FF5F
:107D6000D0CF809186038093C600F0927902E09292
:107D7000780220917E0381CFE0917B0381E08E0F1A
:107D800080937B03F0E0E858FD4F828180937F036E
:107D900010937902009378028091C00085FF53CF41
:107DA00080917F038093C600D0937D03C0937C03B2
:107DB000E0917B03F0E0E858FD4F828180937F03E0
:107DC000811197CF80917C0390917D03292F3327D8
:107DD0003093870320938603AC0155275093890382
:107DE00040938803892BA9F4309285032092840361
:107DF0002F5F3F4F30938703209386034F5F5F4F82
:107E00005093890340938803B0927902A09278023C
:107E10008CCF232B09F42FC0452B09F437C0509287
:107E2000850340928403F0CF20917F032093C60006
:107E3000E0917B03EF5FE0937B0380917C03909163
:107E40007D038227082E8295807F8025092E982F1A
:107E500082958F700826869598278927880F880F26
:107E6000880F802590937D0380937C0320917A0373
:107E7000E213A0CFABCF82E090E090938503809394
:107E800084035092870340928603BECF83E090E044
:107E900090938503809384035092890340928803D2
:107EA000B3CFCF92DF92EF92FF920F931F93CF93B6
:107EB000DF931F921F92CDB7DEB78C016B01F89450
:107EC0000E9457490E94F65310927E0310927B0342
:107ED00010927A0293E090937B0222E030E030939C
:107EE00083032093820323E030E0309381032093C7
:107EF000800382E080937D0285E080937A0386E0B0
:107F000080937E0290937C021A83098383E090E041
:107F100015E0DE011196BE016D5F7F4F45E0F42E46
:107F200001E04D912F3F3F4F09F4C2C0442309F4B3
:107F3000D2C09C01332728583D4FF90152815F5F21
:107F40005283FFEFFF1609F4EFC011E01F0DEF2D74
:107F5000F0E0E858FD4F4283312FF12E20917C0252
:107F60002F5F20937C02A617B70709F09BC04F2D07
:107F7000909381038093800310937A03D6010D9030
:107F80000020E9F711977D01EC18FD087E2D019680
:107F900009F4CCC0772309F4B8C0E0918003F091D4
:107FA0008103CF01992788589D4FDC0112962C91AF
:107FB00012972F5F12962C933F3F09F4D4C001E033
:107FC000040F00937A03842F90E088589D4FDC01C2
:107FD0001296EC9220918203309183033327285824
:107FE0003D4FD90112968C9112978F5F12968C9308
:107FF0001C2DD601FF24F3944FEF5FEF23C0E091D7
:108000008003F0918103FF27E858FD4F82818F5F45
:1080100082830F3F09F477C061E0600F60937A03B9
:10802000E02FF0E0E858FD4F9283062FF90182819E
:108030008F5F82838A2F811B871798F4E0918003DA
:10804000F09181039D91319609F449C09111D7CFE8
:108050005093810340938003602F8A2F811B8717E1
:1080600068F36F3F09F45AC08091800390918103B7
:108070008F3FFFEF9F0731F09927FC01E858FD4F34
:108080008FEF828380917E038F5F80937E030F90BA
:108090000F90DF91CF911F910F91FF90EF90DF90A4
:1080A000CF9094CD9C014D912F3F3F4F09F03ECF93
:1080B0008F2D90E0EFEFFE1639F011E01F0DFC015F
:1080C000E858FD4F0283F12E20917C022F5F209310
:1080D0007C0241112ECF3F2D8FEF9FEF44CFC02E5A
:1080E000D12CD0928103C09280030F3F39F00F5FF3
:1080F00000937A03F601E858FD4FF282F90182817C
:108100008F5F8283A3CF6FEF91CF8FEF9FEF90931D
:108110008103809380033F3F09F0B4CF80918203B5
:10812000825080937A03B3CF3FEF18CF842F90E033
:1081300090938103809380033F3F49F04F5F4093CA
:108140007A03FC01E858FD4F21E02283342F80910F
:108150008203909183039927FC01E858FD4F228107
:108160002F5F228317CF042F35CF8F929F92AF922C
:10817000BF92CF92DF92EF92FF920F931F93CF9314
:10818000DF93EC018C859D858C3B910509F450C0F3
:10819000893E910509F4E1C0892B91F08FEF9FEFA3
:1081A0009D878C8780E0DF91CF911F910F91FF9089
:1081B000EF90DF90CF90BF90AF909F908F900895F9
:1081C000FE01E25EF94F808191818130910521F1BC
:1081D000029709F4B6C0DE01A05EB94F8C918111FF
:1081E00017C0AC50B4404D915D916D917C91139747
:1081F000AC5FBB4F8D919D910D90BC91A02D481708
:1082000059076A077B0721F081E090E09183808322
:108210001D861C8681E0C7CFF4D7FE01ED5CF94FC7
:1082200060837183828393838CEB90E09D878C873E
:10823000E8D78E010D5D194FF80160837183828349
:1082400093836E01F8EECF1AFDEFDF0AFE01EF5DBA
:10825000F94F808191817E018C159D0509F4A3C29F
:10826000F8EEEF1AF9EFFF0AF70180819181A28100
:10827000B381F9E0B695A79597958795FA95D1F7CB
:108280009C01AD012F5F3F4F4F4F5F4F8D8183307A
:1082900039F0E9E0220F331F441F551FEA95D1F74B
:1082A00061E1CE0115DC882309F4EEC080E3888308
:1082B0008B81882311F0CE0102DB8F8181508F8367
:1082C000882309F4B2C29DD7F8010081118122816F
:1082D0003381DC01CB01801B910BA20BB30BFE01A0
:1082E000E95DF94F00811181228133810F5F1F4FBA
:1082F0002F4F3F4F008311832283338334960081B5
:10830000118122813381080F191F2A1F3B1F00830F
:10831000118322833383349600811181228133813A
:10832000081719072A073B0720F480839183A2834B
:10833000B3832C81488169E089E00E94025181E089
:1083400032CF5FD7FE01ED5AF94F6083718382838C
:10835000938389EE90E09D878C8753D77E012DEB28
:10836000E21A29EFF20AF701608371838283938313
:108370008E01005F1D4FF80180809180A280B38044
:108380008091760290917702892B09F43EC0CE014C
:1083900073DB882309F4CFC134D7F7010081118141
:1083A00022813381DC01CB01801B910BA20BB30B2B
:1083B000FE01E95BF94F00811181228133810F5F5A
:1083C0001F4F2F4F3F4F00831183228333833496F7
:1083D0000081118122813381080F191F2A1F3B1F41
:1083E0000083118322833383C15BD94F08811981B4
:1083F0002A813B81081719072A073B0720F4888345
:108400009983AA83BB8381E0CECECE0135DB811177
:10841000C3CFA50194010E8004C0220F331F441F57
:10842000551F0A94D2F768E1CE0152DB8111AAC12F
:10843000DE011E969E01225F3D4F80E090E04D914F
:10844000E92FFF27E427EE0FFF1FEA54FB4F45916A
:108450005491982F882784279527A217B30779F777
:108460004EEF4EBD0DB407FEFDCF4E854EBD4F8580
:10847000FE0170960DB407FEFDCF4EBDE217F30767
:1084800009F49EC04191F6CF40E052E0B601CE0122
:1084900069DA882309F40CCF8B818111CEC285E083
:1084A0008F83AFD6F8010081118122813381AB0126
:1084B000BC01401B510B620B730BFE01E95DF94FD0
:1084C00080819181A281B3810196A11DB11D80831C
:1084D0009183A283B383349680819181A281B381F9
:1084E000840F951FA61FB71F80839183A283B38338
:1084F000349680819181A281B38184179507A60764
:10850000B70720F440835183628373837AD6FE01D8
:10851000ED5CF94F0081118122813381DC01CB01B7
:10852000801B910BA20BB30B349600811181228129
:1085300033810F5F1F4F2F4F3F4F008311832283E3
:10854000338334960081118122813381080F191FF2
:108550002A1F3B1F008311832283338334960081BB
:10856000118122813381081719072A073B0720F45C
:1085700080839183A283B383FE01EC5EFD4F8081F3
:108580009181A281B381F701408151816281738120
:10859000841B950BA60BB70B8115F2E09F07A10575
:1085A000B10510F080E092E0FE01E45EF94F9183A6
:1085B000808332961182108281E03296808328CEA9
:1085C0000DB407FEFDCF9EBD0DB407FEFDCF8EBDE1
:1085D0000DB407FEFDCF8FEF8EBD0DB407FEFDCFAE
:1085E0008EB58C838F71853009F4D4C087E588837C
:1085F0008B81882311F0CE0162D9888581508887CC
:10860000882309F4E1C1CC24C394D12CFAD5F70115
:1086100080809180A280B380DC01CB018819990908
:10862000AA09BB09FE01E95BF94F80809180A28015
:10863000B3802FEF821A920AA20AB20A8082918234
:10864000A282B382349680809180A280B380880E0B
:10865000991EAA1EBB1E80829182A282B38234968A
:1086600080809180A280B38088169906AA06BB06F6
:1086700020F480839183A283B383CA94CD2809F424
:10868000CCC0BFD5FE01ED5AF94FC080D180E28049
:10869000F380DC01CB018C199D09AE09BF0934962A
:1086A000C080D180E280F3802FEFC21AD20AE20AA2
:1086B000F20AC082D182E282F3823496C080D180F5
:1086C000E280F380C80ED91EEA1EFB1EC082D18252
:1086D000E282F3823496C080D180E280F380C816B3
:1086E000D906EA06FB0620F480839183A283B38334
:1086F000FE01EC5EFD4F80819181A281B3819E5F7E
:10870000AF4FBF4F80839183A283B383369711828B
:108710001082F80180819181A281B3810196A11D0F
:10872000B11D80839183A283B383FE01E25EF94F82
:10873000118210826DCD20E030E0A9016DE0CE0104
:10874000C7D98823B1F02C8149E26CE083E00E9414
:1087500002513CDA8B81882311F0CE01B0D81092FF
:1087600077021092760285E0888792E0C92ED12C9C
:108770004DCF8FEF8EBD0DB407FEFDCF8EB58111AD
:10878000E2CFE8CF2C8142E36CE083E00E9402510B
:108790001DDA4ECECE01E0D881E090E090937702D2
:1087A00080937602F9CD28EEE21A29EFF20AF7015A
:1087B00080819181A281B38129E0B695A795979593
:1087C00087952A95D1F79C01AD012F5F3F4F4F4F01
:1087D0005F4F8D81833039F0A9E0220F331F441F92
:1087E000551FAA95D1F761E1CE0172D9882309F40A
:1087F00019C180E388838B81882311F0CE015FD873
:108800008F8181508F8381115ECD2C81488169E0F9
:1088100083E00E940251DAD956CD2C8148816CE068
:1088200089E00E94025181E0BECC6C817881809108
:108830007A0390917B03282F291B2F3F09F42FC126
:1088400041E0480F40937A03E82FF0E0E858FD4FED
:108850001282242F291B2F3F09F461C152E0580FC7
:1088600050937A03E42FF0E0E858FD4F23E0228391
:10887000C52ED12CD0928303C0928203252F291BB1
:108880002F3F09F46CC133E0380F30937A03D601DF
:10889000A858BD4FFF24F3941296FC921297432FD1
:1088A00050E0232F291B50938103409380032F3FD7
:1088B00009F466C124E0280F20937A0348585D4FDD
:1088C000FA01F28212963C9112973F5F12963C9306
:1088D000129732813F5F3283322F391B3F3F09F4B9
:1088E0004CC18B5F80937A0330E028583D4F49E0BC
:1088F000F9014283282F291B12963C9112973F5F62
:1089000012963C931297772309F4ADC040918003EF
:10891000509181037A01FF24F701E858FD4F32811D
:108920003F5F32832F3F09F402C131E0380F3093AB
:108930007A03E82EF12CF701E858FD4F7283232FBC
:10894000291B12968C9112978F5F12968C934F3F32
:108950005F4F09F487C0662309F473C04091800318
:1089600050918103FA01FF27E858FD4F82818F5F04
:1089700082832F3F09F4DFC081E0830F80937A0365
:10898000A32FB0E0A858BD4F12966C93209182039C
:1089900030918303D901BB27A858BD4F12966C9123
:1089A00012976F5F12966C93891B8F3F09F456C024
:1089B0004F3F5F4F11F08FEF828380917E038F5F77
:1089C00080937E0303D97FCCDC80C88083E00E9443
:1089D000804E8CE00E94744D8C2D0E94744D8D2D24
:1089E0000E94744D80917A0390917B03891B8F3F85
:1089F00009F4ADC080918003909181038F3FFFEF18
:108A00009F0731F09927FC01E858FD4F8FEF8283D3
:108A100080917E038F5F80937E03D8D8CC24C3944B
:108A2000D12CF4CD40E052E0BE01685E7B4FCE0118
:108A30000E94B23C811130CDDECECE010E945F3C5F
:108A40002ECD8FEF9FEF90938103809380032F3F74
:108A500009F0B3CF209182033091830322502093F9
:108A60007A03B0CF832FF601E858FD4F482F50E02E
:108A700050938103409380032F3F09F46EC031E08F
:108A8000380F30937A03DA01A858BD4F81E012966F
:108A90008C93232F291B82818F5F82835CCF282FA9
:108AA00030E0C0908203D090830330938103209301
:108AB0008003F601FF27E858FD4F42814F5F428354
:108AC000D901A858BD4F12962C9112972F5F12967C
:108AD0002C9322812F5F2283772309F443C0409196
:108AE000800350918103DA01BB27A858BD4F12962D
:108AF0002C9112972F5F12962C9322812F5F228345
:108B00004F3F2FEF520781F1382F2FEF61112ACFFE
:108B10008FEF9FEF90938103809380039BCF242F4F
:108B200030E0C0908203D0908303842FBECFF60143
:108B3000E858FD4FE2CF2091820330918303F90181
:108B4000FF27E858FD4F82818F5F828387CF809116
:108B50008203825080937A0360CF382F9CCF960196
:108B6000852FA3CF2FEF82CF282F30E030938103C2
:108B700020938003382F2FEF8ECF822FFD01A9CFB6
:108B800082E012968C93129748585D4FFA018281C9
:108B90008F5F8283832FB0CE8FEF9FEF90938103FF
:108BA0008093800380917A0390917B03282F291B67
:108BB0002F3F69F1E1E0E80FA82FB0E0A858BD4FC2
:108BC00012961C922E2F291B2F3F09F1F0E0E85836
:108BD000FD4F26E0228322E0280F422F50E05093E1
:108BE000830340938203291B2F3F89F08D5F80937D
:108BF0007A03FA01E858FD4F21E02283891B8F3F59
:108C000031F080917E038F5F80937E030895809181
:108C10008203825080937A030895CF93DF93CFEF3E
:108C2000DFEF90917A0320917B03392F321B3F3F76
:108C300009F474C0E1E0E90FE0937A03A92FB0E0F2
:108C4000A858BD4F12961C923E2F321B3F3F09F48D
:108C50007CC032E0390F30937A03F0E0E858FD4FE2
:108C60008283432F50E05093830340938203832FEA
:108C7000821B8F3F09F471C083E0890F80937A03D0
:108C8000FA01E858FD4F31E03283A82FB0E0B093ED
:108C90008103A0938003821B8F3F09F461C09C5F16
:108CA00090937A03A858BD4F12963C931297392F90
:108CB000321B82818F5F8283662321F112968C9111
:108CC00012978F5F12968C9312973F3F09F454C00E
:108CD00081E0890F80937A03C92FD0E0C858DD4F17
:108CE0006A8392819F5F9283821B8F3F89F08FEF0F
:108CF00012968C9380917E038F5F80937E03DF9129
:108D0000CF910895D0938103C09380033F3F91F7A3
:108D1000425040937A03DF91CF910895A92FB0E09C
:108D20004091820350918303B0938103A093800309
:108D3000FA01FF27E858FD4F82818F5F8283662307
:108D400011F13FEFA858BD4FB9CFAE2FB0E0409121
:108D50008203509183039E2FE7CFDA01932FE4CF54
:108D600082E082836623B1F0A858BD4F12968C91A1
:108D700012978F5F12968C9382818F5F828342500D
:108D800040937A03C8CF8FEF9FEF90938103809336
:108D90008003BECFD0938103C0938003B9CF80916D
:108DA000F70E811111C08091F60E81508093F60E5E
:108DB000E091F50E81E08E0F8093F50EF0E0EC501F
:108DC000F24F80818093F70E8F3FA9F08130C9F078
:108DD0009091F60E91509093F60E81508093F70E7D
:108DE000E091F50E81E08E0F8093F50EF0E0EC50EF
:108DF000F24F808108958091F60E81508093F60E97
:108E0000EFCF1092F70E80E008953FB7F89480916D
:108E10000A1390910B13A0910C13B0910D1326B56A
:108E2000A89B05C02F3F19F00196A11DB11D3FBFA2
:108E3000BA2FA92F982F8827820F911DA11DB11D30
:108E4000BC01CD01660F771F881F991F660F771F22
:108E5000881F991F089590E0FC013197E231F105D8
:108E600058F48827EC54FF4F8F4F0C94717F8091FA
:108E70002001877F80932001089584B58F7784BD7A
:108E8000089584B58F7D84BD0895809180008F778B
:108E9000809380000895809180008F7D8093800072
:108EA000089580918000877F80938000089580914D
:108EB000B0008F778093B00008958091B0008F7DCF
:108EC0008093B0000895809190008F7780939000F8
:108ED0000895809190008F7D8093900008958091F7
:108EE0009000877F8093900008958091A0008F77F5
:108EF0008093A00008958091A0008F7D8093A000B2
:108F000008958091A000877F8093A00008958091AC
:108F100020018F77809320010895809120018F7D1B
:108F20008093200108951F93CF93DF93282F30E083
:108F3000F901E45AF84F8491F901EA5EF84FD491AF
:108F4000F901E053F94FC491CC23A9F0162F8111F8
:108F50001BC0EC2FF0E0EE0FFF1FE454F84FA5917B
:108F6000B4918FB7F89411110AC09C91ED2FE09540
:108F7000E923EC938FBFDF91CF911F910895EC917E
:108F8000ED2BEC938FBFF7CF66DFE3CFCF93DF936B
:108F900090E0FC01EA5EF84F2491FC01E053F94FA8
:108FA00084918823B9F090E0880F991FFC01EE5559
:108FB000F84FA591B491FC01E454F84FC591D491B8
:108FC000662359F06230B9F08FB7F894EC91E22B38
:108FD000EC938FBFDF91CF9108959FB7F8948C9158
:108FE000E22FE0958E238C932881E223E8839FBFB4
:108FF000DF91CF9108959FB7F8943C91822F80958F
:1090000083238C93E881E22BE8839FBFE3CF1F93F8
:10901000CF93DF93182FEB0161E0B8DF2097D1F0F9
:10902000CF3FD10579F0E12FF0E0E45AF84FE49119
:109030004E2F50E0FA013197E231F10528F0C038A7
:10904000D10544F061E007C08827EA53FF4F8F4FF6
:109050000C94717F60E0812FDF91CF911F9163CFDE
:1090600084B5806884BDC7BDDF91CF911F910895FD
:1090700084B5806284BDC8BDF7CF809180008068D0
:1090800080938000D0938900C0938800EDCF8091B9
:109090008000806280938000D0938B00C0938A0010
:1090A000E3CF80918000886080938000D0938D0012
:1090B000C0938C00D9CF8091B00080688093B000BD
:1090C000C093B300D1CF8091B00080628093B00094
:1090D000C093B400C9CF80919000806880939000C5
:1090E000D0939900C0939800BFCF80919000806288
:1090F00080939000D0939B00C0939A00B5CF80914D
:109100009000886080939000D0939D00C0939C0055
:10911000ABCF8091A00080688093A0008091A000D8
:109120008F7B8093A000D093A900C093A8009CCF10
:109130008091A00080628093A000D093AB00C09388
:10914000AA0092CF8091A00088608093A000D09365
:10915000AD00C093AC0088CF8091200180688093DF
:109160002001D0932901C09328017ECF8091200156
:10917000806280932001D0932B01C0932A0174CF89
:1091800080912001886080932001D0932D01C093AD
:109190002C016ACF8F929F92AF92BF92CF92DF92B3
:1091A000EF92FF924B015C0130DE6B017C01811478
:1091B0009104A104B104E1F028DEDC01CB018C199B
:1091C0009D09AE09BF09883E9340A105B105A0F3F2
:1091D00021E0821A9108A108B10888EEC80E83E048
:1091E000D81EE11CF11C81149104A104B10421F7E3
:1091F000FF90EF90DF90CF90BF90AF909F908F90B7
:1092000008952FB7F8946091061370910713809119
:109210000813909109132FBF08951F920F920FB654
:109220000F9211242F933F938F939F93AF93BF93EC
:109230008091061390910713A0910813B091091320
:109240003091051323E0230F2D3768F126E8230F13
:109250000296A11DB11D20930513809306139093D0
:109260000713A0930813B093091380910A139091E8
:109270000B13A0910C13B0910D130196A11DB11DFC
:1092800080930A1390930B13A0930C13B0930D13B8
:10929000BF91AF919F918F913F912F910F900FBEF2
:1092A0000F901F9018950196A11DB11DD4CF10925B
:1092B0002213109221131092241310922313E4ED21
:1092C000F6E0849190E0880F991FFC01EA54F94F71
:1092D000259134913093EA122093E912FC01E45471
:1092E000F84F259134913093E8122093E712FC0156
:1092F000EE55F84F859194919093E6128093E51284
:10930000EAE1F7E0E491E093E4122FB7F894E091FA
:10931000E512F091E61290818091E4128095892304
:1093200080832FBF2FB7F894E091E712F091E812F5
:1093300090818091E4128095892380832FBFE2ED94
:10934000F6E0849190E0880F991FFC01EA54F94FF0
:10935000259134913093F1122093F012FC01E454E2
:10936000F84F259134913093EF122093EE12FC01C7
:10937000EE55F84F859194919093ED128093EC12F5
:10938000E8E1F7E0E491E093EB122FB7F894E09175
:10939000EC12F091ED1290818091EB12809589236F
:1093A00080832FBF2FB7F894E091EE12F091EF1267
:1093B00090818091EB128095892380832FBFE3ED0C
:1093C000F6E0849190E0880F991FFC01EA54F94F70
:1093D000259134913093F8122093F712FC01E45454
:1093E000F84F259134913093F6122093F512FC0139
:1093F000EE55F84F859194919093F4128093F31267
:10940000E9E1F7E0E491E093F2122FB7F894E091EC
:10941000F312F091F41290818091F21280958923D9
:1094200080832FBF2FB7F894E091F512F091F612D8
:1094300090818091F2128095892380832FBF0895B7
:109440001F920F920FB60F9211240BB60F922F930B
:109450003F934F935F936F937F938F939F93AF93BC
:10946000BF93EF93FF938091EF0D9091F00D892BB7
:1094700009F492C08091F10D9091F20D90938B00C0
:1094800080938A0090938900809388008091F30DE7
:1094900080FF15C0139A40910E1350910F136091E5
:1094A0001013709111134F5F5F4F6F4F7F4F4093B9
:1094B0000E1350930F13609310137093111381FFC9
:1094C00062C0459A40911213509113136091141386
:1094D000709115134F5F5F4F6F4F7F4F4093121383
:1094E00050931313609314137093151382FF15C0D8
:1094F000429A40911613509117136091181370916E
:1095000019134F5F5F4F6F4F7F4F40931613509368
:109510001713609318137093191383FF19C0909158
:109520000B01906890930B0140911A1350911B13FB
:1095300060911C1370911D134F5F5F4F6F4F7F4FF2
:1095400040931A1350931B1360931C1370931D13B5
:1095500080FDF4C081FDF5C082FDF6C083FD16C01C
:10956000FF91EF91BF91AF919F918F917F916F91FB
:109570005F914F913F912F910F900BBE0F900FBEB7
:109580000F901F90189582FDB3CFC7CF80910B012C
:109590008F7780930B01E4CF8091EE0D9091ED0DCC
:1095A000981709F4E8C091E0980F9093EE0D90E0C1
:1095B000880F991F880F991FFC01E351F64F2281F4
:1095C000338130938B0020938A003093890020935D
:1095D0008800208127FDBCC0FC01E351F64F31819A
:1095E00030FF36C0217030913311E091E212F091DA
:1095F000E3124081231709F46EC13091E112342344
:1096000009F4C4C040910313509104134F5F5F4F9E
:109610005093041340930313609121117091221110
:109620006630710508F0D3C162E070E04617570755
:1096300008F4B0C0109204131092031320916F002D
:109640002B7F20936F00FC01E351F64F2081318185
:1096500031FF3BC026952170622F70E0409134119C
:1096600050E0E091DF12F091E0126417750709F401
:109670005AC140813091DE12342309F4C8C04091B0
:10968000FF12509100134F5F5F4F509300134093B0
:10969000FF1260912311709124116630710508F05A
:1096A00099C162E070E04617570708F4B4C0109201
:1096B00000131092FF1220916F002B7F20936F00F8
:1096C000FC01E351F64F2081318132FF49CF22FB6B
:1096D000222720F9422F50E08091351190E0E0914F
:1096E000DC12F091DD124817590709F445C1908149
:1096F0008091DB12892309F46EC08091FB12909156
:10970000FC1201969093FC128093FB12409125115C
:10971000509126114630510508F05FC142E050E0FB
:109720008417950708F45BC01092FC121092FB128C
:1097300080916F008B7F80936F0012CF139881FF11
:109740000BCF459882FF0ACF429883FF09CF1ECFE7
:1097500020FD5AC1119AFC01E351F64F208121FDF1
:1097600051C14498FC01E351F64F208122FD47C1CD
:10977000419A208131CF80ED97E090938B008093C8
:109780008A009093890080938800EACE1092041397
:1097900010920313139A222309F473C040910E13FD
:1097A00050910F1360911013709111134F5F5F4F21
:1097B0006F4F7F4F40930E1350930F13609310130E
:1097C000709311131398FC01E351F64F20813181FE
:1097D00031FD40CF7ACF1092FC121092FB12429AC8
:1097E0002223D1F18091161390911713A091181391
:1097F000B09119130196A11DB11D8093161390937A
:109800001713A0931813B09319134298A9CE10926E
:1098100000131092FF12459A222309F447C0409189
:1098200012135091131360911413709115134F5F1D
:109830005F4F6F4F7F4F40931213509313136093FA
:109840001413709315134598FC01E351F64F2081D2
:10985000318132FD3CCF84CE809116139091171345
:10986000A0911813B09119130197A109B109809320
:10987000161390931713A0931813B09319134298CB
:109880006FCE40910E1350910F1360911013709191
:109890001113415051096109710940930E135093FE
:1098A0000F1360931013709311138CCF4091121308
:1098B0005091131360911413709115134150510975
:1098C0006109710940931213509313136093141399
:1098D00070931513B8CF3091E112342309F085C08D
:1098E00040910113509102134F5F5F4F5093021349
:1098F000409301136091211170912211603671051E
:1099000008F487C076956795729562956F706727A2
:109910007F7067274617570708F43CCF1092021351
:10992000109201138BCE40813091DE12342309F066
:1099300061C04091FD125091FE124F5F5F4F5093F6
:10994000FE124093FD126091231170912411603634
:10995000710508F45BC076956795729562956F7096
:1099600067277F7067274617570708F454CF109270
:10997000FE121092FD129FCE90818091DB128923FE
:1099800079F58091F9129091FA1201969093FA125A
:109990008093F912409125115091261140365105BE
:1099A000D8F156954795529542954F7045275F706F
:1099B00045278417950708F412CF1092FA121092D7
:1099C000F91280916F008B7F80936F00C9CD7695DF
:1099D00067952CCE7695679566CE56954795A0CE21
:1099E0001092FA121092F912FACE109202131092FB
:1099F0000113D0CE1092FE121092FD120CCF41989E
:109A00002081EACD449AAECE1198A5CE62E070E0F6
:109A1000AACF62E070E07ECF42E050E0CACFCF92A2
:109A2000DF92EF92FF920F931F93CF93DF938111F9
:109A30000EC0613D87E078070CF44AC0DF91CF91FA
:109A40001F910F91FF90EF90DF90CF900895D42F4A
:109A50008B01C82F613272410CF03FC08C2F90E017
:109A60000197880F991FFC01EF5DFC4E2081318129
:109A7000232B31F51092FD0F1092FE0F1092FF0F65
:109A800010920010C0902113D090221320917202E6
:109A900030917302C21AD30A0D2C000CEE08FF0895
:109AA000C0920110D0920210E0920310F0920410C4
:109AB00010920510109206101092071010920810C4
:109AC000FC01EF5DFC4E11830083D0933C10B6CFB8
:109AD0007093241360932313B1CF6CE372E083E59A
:109AE00090E00E94513FBACF2091800330918103D2
:109AF0002F3F3F4F71F1882329F1E0918003F091CE
:109B00008103FF27E858FD4F92819F5F9283E09188
:109B10007A0390917B032E2F291B2F3F41F091E078
:109B20009E0F90937A03F0E0E858FD4F8283E09116
:109B30008203F0918303FF27E858FD4F82818F5FF6
:109B4000828308958FEF9FEF90938103809380032A
:109B5000089590917A03292F30E030938103209368
:109B6000800340917B03592F541B5F3F41F09F5F5F
:109B700090937A03F901E858FD4F91E09283E091C8
:109B80008203F0918303FF27E858FD4F92819F5F86
:109B90009283B1CF1F93CF93DF93209180033091B5
:109BA00081032F3F3F4F09F48AC0662309F47DC02B
:109BB000E0918003F0918103DF01BB27A858BD4FDE
:109BC00012962C9112972F5F12962C93A0917A03E4
:109BD00070917B032A2F271B2F3F49F021E02A0F8A
:109BE00020937A03B0E0A858BD4F12966C93C091B1
:109BF0008203D0918303DD27C858DD4F2A812F5F70
:109C00002A83DC016150262F30E02F5F3F4F280F61
:109C1000391F61E04FEF5FEF22C0E0918003F091C8
:109C20008103FF27E858FD4F82818F5F8283E09197
:109C30007A038E2F871B8F3F41F081E08E0F809338
:109C40007A03F0E0E858FD4F92838A818F5F8A8320
:109C5000A217B30781F0E0918003F09181039D91F9
:109C6000319669F09111D9CF5093810340938003CD
:109C7000A217B30781F7DF91CF911F9108958091CB
:109C80007A03E82FF0E0F0938103E0938003182F2C
:109C9000171B1F3F31F08F5F80937A03E858FD4F09
:109CA00062838A818F5F8A83DDCF8FEF9FEF9093EE
:109CB000810380938003DF91CF911F9108952091BC
:109CC0007A03422F50E050938103409380033091F8
:109CD0007B03722F731B7F3F41F02F5F20937A032A
:109CE000FA01E858FD4F21E02283E0918203F091D0
:109CF0008303FF27E858FD4F22812F5F228355CF32
:109D00002FEF3FEF309381032093800390917A03EC
:109D100020917B03392F321B3F3F39F1E1E0E90FFE
:109D2000E0937A03A92FB0E0A858BD4F12961C9279
:109D30003E2F321B3F3FC9F032E0390F30937A0398
:109D4000F0E0E858FD4F8283432F50E050938303A7
:109D500040938203321B3F3F41F09D5F90937A0313
:109D6000FA01E858FD4F81E082830895633371055D
:109D70000CF455CEE82FF0E0EE0FFF1FEC5EFE4E28
:109D800021813281620F731F4ACE8F929F92AF92D0
:109D9000BF92DF92EF92FF920F931F93CF93DF93C7
:109DA00000D01F92CDB7DEB74B015C0110917A0352
:109DB00000917B03812F801B8F3F09F4EFC0E1E00E
:109DC000E10FE0937A03A12FB0E0A858BD4F12969F
:109DD0001C928E2F801B8F3F09F4FCC082E0810F04
:109DE00080937A03F0E0E858FD4F99E09283482F82
:109DF00050E05093830340938203982F901B9F3F22
:109E000009F4F1C083E0810F80937A03FA01E858E6
:109E1000FD4F21E02283E82EF12CF0928103E092A5
:109E20008003982F901B9F3F09F4ECC034E0310F62
:109E300030937A03C70188589D4FDC0112962C930A
:109E4000129722812F5F228312962C9112972F5FF7
:109E500012962C93832F801B8F3F09F4CFC01B5F7A
:109E600010937A03A32FB0E0A858BD4F86E0129656
:109E70008C93812F801B9A0192819F5F92838982AC
:109E80009A82AB82BC8250917A033327E09180039F
:109E9000F0918103BE016F5F7F4F5B016C5F7F4F6D
:109EA00028583D4FDD24D394D5014D915D01EF201D
:109EB000E09479F1442309F444C07F01FF24D701E1
:109EC000A858BD4F12969C9112979F5F12969C9333
:109ED0008F3F61F051E0510F812F90E088589D4FE6
:109EE000DC0112964C93852F801B152FD9011296F9
:109EF0009C9112979F5F12969C937F01A616B706BE
:109F000031F1812F801BD5014D915D01EF20E0944F
:109F100089F6E12FF0E08F3F59F051E0510FCF016A
:109F200088589D4FDC011296DC92852F801B152FDF
:109F3000D90112969C9112979F5F12969C934111A2
:109F4000BCCFEFEFFFEF7F01A616B706D1F6F09377
:109F50008103E093800350937A038F3F09F448C054
:109F6000EF3FBFEFFB0729F0FF27E858FD4F8FEFCA
:109F7000828380917E038F5F80937E030F900F908A
:109F80000F900F90DF91CF911F910F91FF90EF9065
:109F9000DF90BF90AF909F908F900895E12EF12CAD
:109FA0002091820330918303A901F0928103E09212
:109FB0008003FA01FF27E858FD4F92819F5F92834B
:109FC000D701A858BD4F12969C9112979F5F129689
:109FD0009C9352CFEE2EF12C20918203309183037B
:109FE000A9011E2FE2CF7A01182F8FEF9A01DDCF42
:109FF00080918203825080937A03C0CF132F8FEF1A
:10A000009A013ACF92E09283D701A858BD4F129699
:10A010009C9112979F5F12969C93182F8FEF9A0135
:10A020002BCF0F931F93CF93DF932FB7F894E0912B
:10A030001F13F0912013908180911E138095892326
:10A0400080832FBF1EBC00000DB407FEFDCF2EB5D0
:10A050001EBC00000DB407FEFDCF4EB59FB7F894AF
:10A06000E0911F13F0912013308180911E13832BF8
:10A0700080839FBF30E0922F8827C42FD0E08C2BA5
:10A080009D2B0E94797F892B09F04CC00C2ECD2F7F
:10A09000000CCC1FDD0B000CCC1FDD1F220F331F6B
:10A0A000220F331FC22BD32B4E73403231F041119C
:10A0B0004CC0BE0180E090E068DE8091040F90917A
:10A0C000050F9E01281B390BC90181153EEF93072F
:10A0D0009CF1813022E092070CF09450AC01092EE3
:10A0E000000C660B770B3C2F2D2F3093040F209321
:10A0F000050F00910A0F10910B0F20910C0F30915A
:10A100000D0F400F511F621F731F40930A0F509392
:10A110000B0F60930C0F70930D0FDF91CF911F9178
:10A120000F9108953091040F2091050F40E050E009
:10A13000BA0180E090E0D9CF9C5FAC01092E000C01
:10A14000660B770B3C2F2D2FD0CF67E472E088E7AA
:10A1500090E00E94513FADCFCF93DF93CAEFDEE096
:10A1600080E890E09D8B8C8B80E094E09F878E87C9
:10A170001D8680911A1390911B13A0911C13B0910E
:10A180001D1388839983AA83BB83E8EFFEE0808157
:10A190008CBD81818DBD45DF1D821C8232D86E83CE
:10A1A0007F8388879987DF91CF9108950F931F93BD
:10A1B000CF93DF93EC018B0120E030E0A90169E04F
:10A1C0000E94683D882371F083E588838B81882312
:10A1D00021F0CE010E945F3C80E0DF91CF911F9182
:10A1E0000F91089540E150E0B801CE010E94B23CC9
:10A1F000882361F31B81112381F3CE010E945F3C10
:10A20000812FEBCF1F93CF93DF9310917A0330917F
:10A210007B03912F931B9F3F09F406C1E1E0E10FFF
:10A22000E0937A03A12FB0E0A858BD4F12961C927C
:10A230009E2F931B9F3F09F403C192E0910F9093CF
:10A240007A03F0E0E858FD4F8283C92FD0E0D09325
:10A250008303C0938203892F831B8F3F09F4F8C0C7
:10A2600093E0910F90937A0351E0FE01E858FD4F7F
:10A270005283A92FB0E0892F831BB0938103A09351
:10A2800080038F3F09F428C11C5F10937A03FD01FE
:10A29000E858FD4F5283812F831BFE01FF27E858AA
:10A2A000FD4F92819F5F9283662309F47CC0A8587A
:10A2B000BD4F12969C9112979F5F12969C938F3F71
:10A2C00009F4D5C051E0510F50937A03A12FB0E0AB
:10A2D000A858BD4F12966C93852F831B92819F5F68
:10A2E0009283442309F487C06091800370918103B5
:10A2F000DB01BB27A858BD4F12969C9112979F5F18
:10A3000012969C938F3F09F4C6C091E0950F9093ED
:10A310007A03A52FB0E0A858BD4F12964C93892F11
:10A32000831B42814F5F42836F3F7F4F09F462C0BE
:10A33000222309F44CC06091800370918103DB01FA
:10A34000BB27A858BD4F12964C9112974F5F12969B
:10A350004C9312978F3F09F47EC081E0890F809360
:10A360007A03E92FF0E0E858FD4F22834091820301
:10A3700050918303FA01FF27E858FD4F92819F5FB8
:10A380009283831B8F3F79F16F3F7F4F19F08FEFDF
:10A3900012968C9380917E038F5F80937E03DF9172
:10A3A000CF911F910895612F70E0709381036093A6
:10A3B00080038F3F09F481C051E0510F50937A031D
:10A3C000DB01A858BD4F81E012968C9385CF2FEF0B
:10A3D0003FEF30938103209380038F3FD9F6409164
:10A3E000820350918303425040937A03DF91CF91CF
:10A3F0001F910895592F652F70E07093810360932A
:10A4000080038F3F09F45BC091E0950F90937A032E
:10A41000DB01A858BD4F81E012968C93892F831BD6
:10A4200042814F5F428384CFA12FB0E0C09182036D
:10A43000D0918303B0938103A09380038FEF2DCF3E
:10A44000AE2FB0E0C0918203D09183031E2FF2CFD4
:10A45000DE01192FEFCF4091820350918303FA015F
:10A46000FF27E858FD4F82818F5F8283BCCF9281A6
:10A470009F5F9283442329F160918003709181034F
:10A48000DB01BB27A858BD4F12968C9112978F5FA6
:10A4900012968C93512F82818F5F82836F3F4FEF93
:10A4A000740789F0952F8FEF211149CF8FEF9FEF20
:10A4B000909381038093800392CF512F0FCF952FDC
:10A4C000AFCF512F98CF852F90E090938103809349
:10A4D0008003952F8FEFA4CF192FDFCE1F920F92FD
:10A4E0000FB60F9211240BB60F92CF92DF92EF921C
:10A4F000FF920F931F932F933F934F935F936F930D
:10A500008F939F93AF93BF93EF93FF938091EE0D43
:10A510009091ED0D981709F426C191E0980F909352
:10A52000EE0D90E0880F991F880F991FFC01E351F1
:10A53000F64F228133813093890020938800208157
:10A5400027FDAAC0FC01E351F64F2181211118C05B
:10A55000FF91EF91BF91AF919F918F916F915F911B
:10A560004F913F912F911F910F91FF90EF90DF90AE
:10A57000CF900F900BBE0F900FBE0F901F901895AD
:10A580003081622F617020FF19C0139AC0900E13A2
:10A59000D0900F13E0901013F090111330FDBDC058
:10A5A00031E0C31AD108E108F108C0920E13D0922D
:10A5B0000F13E0921013F09211133081522F52704A
:10A5C00021FF1CC0459AC0901213D0901313E09045
:10A5D0001413F090151331FD8EC031E0C31AD10869
:10A5E000E108F108C0921213D0921313E0921413F1
:10A5F000F0921513FC01E351F64F3081422F447065
:10A6000022FF1CC0429AC0901613D0901713E090FE
:10A610001813F090191332FD5CC031E0C31AD10851
:10A62000E108F108C0921613D0921713E0921813A4
:10A63000F0921913FC01E351F64F3081922F98707C
:10A6400023FF1BC080910B01806880930B0133FDB9
:10A6500073C000911A1310911B1320911C13309199
:10A660001D13015011092109310900931A13109388
:10A670001B1320931C1330931D13611188C05111BB
:10A680008AC0411186C0992309F462CF80910B01E1
:10A690008F7780930B015CCF20FD63C0119AFC0182
:10A6A000E351F64F208121FD80C04498FC01E35125
:10A6B000F64F208122FD77C0419AFC01E351F64F0D
:10A6C000208123FD6AC020910B01206420930B019F
:10A6D00039CF3FEFC31AD30AE30AF30AC092161325
:10A6E000D0921713E0921813F0921913FC01E35162
:10A6F000F64F3081A3CF3FEFC31AD30AE30AF30A20
:10A70000C0921213D0921313E0921413F092151307
:10A71000FC01E351F64F308171CF3FEFC31AD30AEA
:10A72000E30AF30AC0920E13D0920F13E0921013B3
:10A73000F0921113308142CF00911A1310911B1324
:10A7400020911C1330911D130F5F1F4F2F4F3F4F50
:10A7500000931A1310931B1320931C1330931D1393
:10A760008CCF11989CCF8091E2119091E3112091B0
:10A77000E4113091E511821B930B81309240B8F4C3
:10A7800080ED97E09093890080938800E1CE139844
:10A7900076CF429878CF459874CF20910B012F7BCC
:10A7A00020930B01CFCE419888CF449A7FCF89E187
:10A7B00090E0909389008093880080914D11909152
:10A7C0004E11092E000CAA0BBB0B0196A11DB11D49
:10A7D000009731E0A307B10520F08FEF9FEFA0E0D5
:10A7E000B0E090934E1180934D11B2CE9FB7F89484
:10A7F000E0912F13F0913013208180912E13822B42
:10A8000080839FBF9FB7F894E0912C13F0912D1394
:10A81000208180912B13822B80839FBF9FB7F89458
:10A82000E0912913F0912A13208180912813822B23
:10A8300080839FBF9FB7F894E0912613F091271370
:10A84000208180912513822B80839FBF08951F92C2
:10A850000F920FB60F9211240BB60F928F939F9306
:10A86000AF93BF93EF93FF938091C600A4EFBEE038
:10A87000EC9191E09E0F9C93F0E0EC50F24F8083BE
:10A88000FF91EF91BF91AF919F918F910F900BBE70
:10A890000F900FBE0F901F9018958091DE11909130
:10A8A000DF11863A21E0920709F44DC0873B21E091
:10A8B000920709F4B1C0009741F08FEF9FEF90939A
:10A8C000DF118093DE1180E008952091E411309132
:10A8D000E5116091E2117091E311621B730B7093AB
:10A8E000EC116093EB115091E611E52FF0E06E173B
:10A8F0007F0708F0DCC06115710509F487C0E0919D
:10A90000E011F091E11140E0E20FF31F20E030E0B0
:10A910005150DF01A80FB91F8C91D901A252BE4E30
:10A9200019968C93852F841B8093E6114F5F242FFB
:10A9300030E0C9012617370760F386EA91E090936B
:10A94000DF118093DE118091AA09882309F4ADC03C
:10A950008091AB099091AC09825A954009F4BFC02F
:10A9600082EA95E09093AC098093AB09DC01809179
:10A97000A6099091A7094091A2095091A30960915D
:10A98000A4097091A509480F591F611D711D4093BD
:10A99000A2095093A3096093A4097093A50910928A
:10A9A000AA099093E3118093E211B093E111A0936F
:10A9B000E0119091E611992309F4A1C02091EB11C7
:10A9C0003091EC11F901E951FE4E265F3F4F8FEFB8
:10A9D000890F280F311D22523E4E8D918193E2172F
:10A9E000F307D9F7892F90E027EE31E13093EE118C
:10A9F0002093ED119093E5118093E4118FEF9FEF79
:10AA00009093DF118093DE1180E0089587EB91E051
:10AA10009093DF118093DE118091AA09882309F4B5
:10AA200044C08091AB099091AC09825A954009F4D9
:10AA30005EC082EA95E09093AC098093AB09AC01CB
:10AA40002091A6093091A7098091A2099091A309AC
:10AA5000A091A409B091A509820F931FA11DB11D5A
:10AA60008093A2099093A309A093A409B093A50988
:10AA70001092AA093093E3112093E2115093E1114F
:10AA80004093E0115093EE114093ED118091E61147
:10AA900090E09093E5118093E4118FEF9FEF9093F6
:10AAA000DF118093DE1180E0089581E008958091A8
:10AAB000E0119091E111820F931F9093EE1180931A
:10AAC000ED112E0F3F1F3093E5112093E4118FEF0E
:10AAD0009FEF9093DF118093DE1180E0089582EA6A
:10AAE00097E09093AC098093AB09DC0140CF82EAF8
:10AAF00097E09093AC098093AB09AC01A1CF80E0C3
:10AB000090E072CF0F931F9390916A119093DB1195
:10AB100080916911882309F494C040918511509166
:10AB20008611609187117091881177FDB1C00091F5
:10AB3000AD111091AE112091AF113091B011400FB5
:10AB4000511F621F731F40938511509386116093AC
:10AB500087117093881191609093DB11813009F017
:10AB600070C040918D1150918E1160918F11709134
:10AB7000901177FDB7C00091B5111091B6112091D9
:10AB8000B7113091B811400F511F621F731F4093CE
:10AB90008D1150938E1160938F117093901190913D
:10ABA000DB1194609093DB11833029F14091911176
:10ABB00050919211609193117091941177FDA7C0FB
:10ABC0000091B9111091BA112091BB113091BC11B3
:10ABD000400F511F621F731F4093911150939211A8
:10ABE00060939311709394119091DB1198609093FE
:10ABF000DB11843019F18091951190919611A091FB
:10AC00009711B0919811B7FD97C04091BD11509127
:10AC1000BE116091BF117091C011840F951FA61FC6
:10AC2000B71F8093951190939611A0939711B093AD
:10AC300098118091DB1180618093DB111F910F913E
:10AC400008954091891150918A1160918B117091F2
:10AC50008C1177FD32C00091B1111091B211209189
:10AC6000B3113091B411400F511F621F731F4093F5
:10AC7000891150938A1160938B1170938C1190916C
:10AC8000DB1192609093DB11823009F06ACF8ECF96
:10AC90000091991110919A1120919B1130919C1162
:10ACA000400F511F621F731F4093851150938611EF
:10ACB000609387117093881151CF00919D1110916D
:10ACC0009E1120919F113091A011400F511F621FC2
:10ACD000731F4093891150938A1160938B11709365
:10ACE0008C11D2CF0091A1111091A2112091A3112A
:10ACF0003091A411400F511F621F731F40938D119B
:10AD000050938E1160938F11709390114DCF0091DD
:10AD1000A5111091A6112091A7113091A811400FF3
:10AD2000511F621F731F40939111509392116093B2
:10AD30009311709394115DCF4091A9115091AA1174
:10AD40006091AB117091AC11840F951FA61FB71FB6
:10AD50008093951190939611A0939711B0939811A9
:10AD60001F910F910895CF93DF93CDB7DEB7C556EE
:10AD7000D1090FB6F894DEBF0FBECDBF789484B56D
:10AD8000826084BD84B5816084BD85B5826085BDE7
:10AD900085B5816085BD80916E00816080936E0075
:10ADA0001092810080918100826080938100809167
:10ADB0008100816080938100809180008160809318
:10ADC00080008091B10084608093B1008091B000D8
:10ADD00081608093B00080919100826080939100A7
:10ADE00080919100816080939100809190008160BA
:10ADF000809390008091A10082608093A100809157
:10AE0000A10081608093A1008091A0008160809367
:10AE1000A000809121018260809321018091210115
:10AE200081608093210180912001816080932001C5
:10AE300080917A00846080937A0080917A008260A9
:10AE400080937A0080917A00816080937A0080916B
:10AE50007A00806880937A001092C1000E94ED27EA
:10AE600022242A94312C0FEF1FEF0E940149C09039
:10AE70004B12D0904C12E0904D12F0904E12DC012B
:10AE8000CB018C199D09AE09BF09C0904F12D0901B
:10AE90005012E0905112F09052122FEFC21AD20AC3
:10AEA000E20AF20AC0924F12D0925012E09251126E
:10AEB000F0925212C0905312D0905412E09055125A
:10AEC000F0905612C80ED91EEA1EFB1EC0925312F5
:10AED000D0925412E0925512F0925612C09057122E
:10AEE000D0905812E0905912F0905A12C816D90614
:10AEF000EA06FB0640F48093571290935812A093F1
:10AF00005912B0935A120E9401496B017C01809141
:10AF10006A02882309F4F2C4809066029090670266
:10AF2000A0906802B090690280915E02811111C008
:10AF3000D701C6018C599F4FAF4FBF4F80935A0224
:10AF400090935B02A0935C02B0935D0281E08093DA
:10AF50005E020E9401496093CB127093CC128093E1
:10AF6000CD129093CE12C814D904EA04FB0408F45D
:10AF7000BFC1D701C6010A96A11DB11D809366020B
:10AF800090936702A0936802B093690280914B117D
:10AF900090914C11029709F4D8C70E94014960931F
:10AFA0005B1270935C1280935D1290935E1280919D
:10AFB000770F9091780F863F910509F459C68C3030
:10AFC00031E0930709F4ABC6892B09F440C610930E
:10AFD000780F0093770F0E94014980905B12909048
:10AFE0005C12A0905D12B0905E12AB01BC014819DA
:10AFF00059096A097B0980915F1290916012A091B2
:10B000006112B09162120196A11DB11D80935F1271
:10B0100090936012A0936112B093621280916312B8
:10B0200090916412A0916512B0916612840F951FE1
:10B03000A61FB71F8093631290936412A0936512AA
:10B04000B09366128091671290916812A091691274
:10B05000B0916A1284179507A607B70740F440938A
:10B060006712509368126093691270936A1280910C
:10B07000501190915111A0915211B091531100971C
:10B08000A105B10539F0C816D906EA06FB0610F08D
:10B090000C94696380915511882341F090917A0353
:10B0A00080917B03981711F40C94276A80915611B4
:10B0B00090915711A0915811B0915911B7FD15C039
:10B0C00040915A1150915B1160915C1170915D112A
:10B0D000C416D506E606F70640F030917A032091B3
:10B0E0007B03321711F40C94CB6880914911909135
:10B0F0004A11039711F40C94D760309244112092B6
:10B1000043110E94014960937B1270937C128093DB
:10B110007D1290937E128091F80E8CBD8091F90E75
:10B120008DBD0E9411502091FE0E3091FF0E820FB6
:10B13000931F9093FF0E8093FE0E97FF02C00C9416
:10B1400068612091130F3091140F8217930708F450
:10B1500081C08FB7F894C0901A13D0901B13E09061
:10B160001C13F0901D138FBF8091FA0E9091FB0E6F
:10B17000A091FC0EB091FD0E26013701481A590A24
:10B180006A0A7B0AE091FE0EF091FF0E309709F0FB
:10B19000BDC680910E0F90910F0F8D30A2E09A07DF
:10B1A0000CF0B1C68E3891050CF431C60D97209184
:10B1B000060F222309F42BC621E02093070F880FE6
:10B1C000991F880F991F880F991F9093090F8093DB
:10B1D000080F9091760F8091750F891B8F3009F4BD
:10B1E00020C60E9401492091000F3091010FAB0150
:10B1F000421B530B2091FE0E3091FF0EE091750F14
:10B20000F1E0FE0FF093750FEF70AE2FB0E0FD018F
:10B21000EE0FFF1FEA0FFB1FEE0FFF1FEB5EF04F5D
:10B22000518340835382428235832483C092FA0E35
:10B23000D092FB0EE092FC0EF092FD0E1092FF0EEB
:10B240001092FE0E6093000F7093010F8093020F17
:10B250009093030F0E940149C0907B12D0907C1202
:10B26000E0907D12F0907E12DC01CB018C199D09DB
:10B27000AE09BF09C0907F12D0908012E090811279
:10B28000F0908212EFEFCE1ADE0AEE0AFE0AC092AA
:10B290007F12D0928012E0928112F0928212C090BE
:10B2A0008312D0908412E0908512F0908612C80E1E
:10B2B000D91EEA1EFB1EC0928312D0928412E09225
:10B2C0008512F0928612C0908712D0908812E0907A
:10B2D0008912F0908A12C816D906EA06FB0640F4D5
:10B2E0008093871290938812A0938912B0938A1248
:10B2F0000E940149C0905A02D0905B02E0905C022B
:10B30000F0905D026C157D058E059F0508F07AC3EF
:10B310000E9401496093BB127093BC128093BD12CE
:10B320009093BE120E941E040E940149C090BB125D
:10B33000D090BC12E090BD12F090BE12DC01CB01A7
:10B340008C199D09AE09BF09C090BF12D090C012E0
:10B35000E090C112F090C2125FEFC51AD50AE50A5B
:10B36000F50AC092BF12D092C012E092C112F092C0
:10B37000C212C090C312D090C412E090C512F090D7
:10B38000C612C80ED91EEA1EFB1EC092C312D0926E
:10B39000C412E092C512F092C612C090C712D090AB
:10B3A000C812E090C912F090CA12C816D906EA066F
:10B3B000FB0640F48093C7129093C812A093C91261
:10B3C000B093CA120E94014960939B1270939C1221
:10B3D00080939D1290939E128091780290917902B1
:10B3E0008B37910509F408C108F49BC2833A910593
:10B3F00009F410C408F4FCC3863A910509F418C492
:10B40000893A910509F098C280917E03815080931A
:10B410007E0381110CC090917A0380917B03981771
:10B4200031F068E072E08EEA90E00E94513F1092A5
:10B430007902109278020E940149C0909B12D0902C
:10B440009C12E0909D12F0909E12DC01CB018C19B1
:10B450009D09AE09BF09C0909F12D090A012E09044
:10B46000A112F090A212EFEFCE1ADE0AEE0AFE0A47
:10B47000C0929F12D092A012E092A112F092A2125A
:10B48000C090A312D090A412E090A512F090A61242
:10B49000C80ED91EEA1EFB1EC092A312D092A4129F
:10B4A000E092A512F092A612C090A712D090A81216
:10B4B000E090A912F090AA12C816D906EA06FB0677
:10B4C00040F48093A7129093A812A093A912B0936E
:10B4D000AA120E94014960938B1270938C12809380
:10B4E0008D1290938E1280913D1090913E108E3F60
:10B4F000F8E09F0709F4F1C608F423C28633B9E0E7
:10B500009B0751F108F091C48831F9E09F0709F4D5
:10B5100070C78E32994009F067C78091A809909151
:10B52000A909892B09F0E7C082E090E09093A9096E
:10B530008093A8091092970310929603809143106C
:10B540008F5F11F40C94F8658093431086E399E0C3
:10B5500090933E1080933D108091A8099091A90985
:10B56000029709F4C8C0109381030093800380916F
:10B570007A0390917B03282F291B2F3F11F40C9401
:10B58000CE6AE1E0E80FA82FB0E0A858BD4F1296B0
:10B590001C922E2F291B2F3F11F40C94CE6A22E00F
:10B5A000280F20937A03F0E0E858FD4F36E032830D
:10B5B000422F50E05093830340938203291B2F3F77
:10B5C00041F08D5F80937A03FA01E858FD4F81E0E6
:10B5D000828380917A03891B8F3F11F40C94CE6A89
:10B5E00080917E038F5F80937E0381C08BE790E024
:10B5F00090937902809378028091C00085FF1BCFE1
:10B6000020917F032093C600E0917B03EF5FE093DE
:10B610007B0380917C0390917D038227082E829585
:10B62000807F8025092E982F82958F700826869519
:10B6300098278927880F880F880F802590937D038E
:10B6400080937C0320917A03E21761F0F0E0E858E0
:10B65000FD4F828180937F038111C8CF80917C034D
:10B6600090917D03292F33273093870320938603FE
:10B67000AC0155275093890340938803892B11F41B
:10B680000C941564232B11F00C94B16A82E090E0C5
:10B69000909385038093840381E090E090938703E7
:10B6A0008093860380EA90E09093790280937802F9
:10B6B000A3C2892B09F098C68CEB98E090933E10BA
:10B6C00080933D10E091F50E8091F40E8E1799F065
:10B6D00081E08E0F8093F50EF0E0EC50F24F808108
:10B6E000882309F478C51092F50E1092F40E10928A
:10B6F0003E1010923D100E940149C0908B12D090D4
:10B700008C12E0908D12F0908E12DC01CB018C191E
:10B710009D09AE09BF09C0908F12D0909012E090A1
:10B720009112F0909212FFEFCF1ADF0AEF0AFF0A90
:10B73000C0928F12D0929012E0929112F0929212D7
:10B74000C0909312D0909412E0909512F0909612BF
:10B75000C80ED91EEA1EFB1EC0929312D0929412FC
:10B76000E0929512F0929612C0909712D090981293
:10B77000E0909912F0909A12C816D906EA06FB06D4
:10B7800040F48093971290939812A0939912B093DB
:10B790009A120E9401496093AB127093AC1280938D
:10B7A000AD129093AE128AE893E00E94B5400E94D9
:10B7B0000149C090AB12D090AC12E090AD12F09065
:10B7C000AE12DC01CB018C199D09AE09BF09C090F6
:10B7D000AF12D090B012E090B112F090B2122FEFF1
:10B7E000C21AD20AE20AF20AC092AF12D092B01282
:10B7F000E092B112F092B212C090B312D090B41293
:10B80000E090B512F090B612C80ED91EEA1EFB1ECB
:10B81000C092B312D092B412E092B512F092B61266
:10B82000C090B712D090B812E090B912F090BA124E
:10B83000C816D906EA06FB0640F48093B712909327
:10B84000B812A093B912B093BA120E940149C090E5
:10B85000CB12D090CC12E090CD12F090CE12DC0141
:10B86000CB018C199D09AE09BF09C090CF12D090B1
:10B87000D012E090D112F090D2123FEFC31AD30A47
:10B88000E30AF30AC092CF12D092D012E092D11202
:10B89000F092D212C090D312D090D412E090D51270
:10B8A000F090D612C80ED91EEA1EFB1EC092D3120B
:10B8B000D092D412E092D512F092D612C090D71244
:10B8C000D090D812E090D912F090DA12C816D906AA
:10B8D000EA06FB0640F48093D7129093D812A09307
:10B8E000D912B093DA120E94014960934B127093FF
:10B8F0004C1280934D1290934E12B7CA46015701D5
:10B900003AE0830E911CA11CB11C809266029092B9
:10B910006702A0926802B092690281E080936A0295
:10B9200003CB8C36910509F44CC28237910509F49A
:10B930005FC2892B09F43FC2109379020093780209
:10B940007ACD8C3B38E0930709F4BCCE08F4B1CE35
:10B95000883C58E0950709F452C48C3E984009F0A1
:10B9600043C5E091F50E4091F40E4E1711F40C947E
:10B97000876581E08E0F8093F50EF0E0EC50F24F7A
:10B9800080818093491020914510309146102827DE
:10B99000022E2295207F2025032E322F22952F70F4
:10B9A0000226269532272327220F220F220F202539
:10B9B0003093461020934510209147103091481045
:10B9C00090E001972817390708F4C901E82E809301
:10B9D0004A10281B31093093481020934710E091FA
:10B9E000F50EEE2011F40C94D56A8E2D813108F0FD
:10B9F00080E180934B108EEF98E090933E108093FF
:10BA00003D106FC4DC01CB018C599F4FAF4FBF4F2E
:10BA100080935A0290935B02A0935C02B0935D0204
:10BA20000E94014960936B1270936C1280936D12A7
:10BA300090936E12809172029091730280359105FD
:10BA40000CF419C58132F2E19F070CF052C66091E7
:10BA50000A1061110C943A69C0902113D0902213FE
:10BA6000C81AD90A0D2C000CEE08FF08E091FB0F54
:10BA7000F091FC0FF7FE02C00C94846A20E1EC30D8
:10BA8000F20711F40C940066A701960162E370E1DD
:10BA90008CE090E10E94E93A0E940149C0906B124B
:10BAA000D0906C12E0906D12F0906E12DC01CB0120
:10BAB0008C199D09AE09BF09C0906F12D090701209
:10BAC000E0907112F0907212EFEFCE1ADE0AEE0AD9
:10BAD000FE0AC0926F12D0927012E0927112F09230
:10BAE0007212C0907312D0907412E0907512F090A0
:10BAF0007612C80ED91EEA1EFB1EC0927312D09297
:10BB00007412E0927512F0927612C0907712D09073
:10BB10007812E0907912F0907A12C816D906EA06E7
:10BB2000FB0640F48093771290937812A0937912D9
:10BB3000B0937A120E940149C090CB12D090CC12DF
:10BB4000E090CD12F090CE12DC01CB018C199D0952
:10BB5000AE09BF098093CB129093CC12A093CD1263
:10BB6000B093CE128091491190914A11029711F42D
:10BB70000C947A690E940149C090CB12D090CC12EB
:10BB8000E090CD12F090CE12DC01CB018C199D0912
:10BB9000AE09BF098093CB129093CC12A093CD1223
:10BBA000B093CE128091491190914A11039711F4EC
:10BBB0000C941F6780911C11882311F40C94056765
:10BBC0008091720290917302813392400CF0A0CB6D
:10BBD0002FB7F894E0915702F0915802908180912C
:10BBE00056028095892380832FBF10921C1190CB21
:10BBF000803A910509F0A0CE8091C00085FF1BCC52
:10BC0000809184038093C60083EA90E09093790248
:10BC1000809378028091C00085FF0DCC80918803CD
:10BC20008093C60086EA90E0909379028093780230
:10BC30008091C00085FFFFCB809186038093C60072
:10BC400089EA90E09093790280937802DDCB88E0D6
:10BC500080937B0080E480937C0080917A008064F4
:10BC600080937A0046EF50E05093780F4093770F1F
:10BC700080917A0086FDAFC980917800909179001B
:10BC8000845E910997FF02C00C94676B833851E082
:10BC900095070CF0B0C7FC01EE0FFF1FE055FE4FFB
:10BCA00085919491E091FA0F21E02E0F2093FA0FE5
:10BCB000EF71F0E0EE0FFF1FE654F04F91838083A9
:10BCC000EAEFFFE040E050E0BA0192918291092E44
:10BCD000000CAA0BBB0B480F591F6A1F7B1F8FE07C
:10BCE000EA3BF80791F785E0759567955795479575
:10BCF0008A95D1F7509373024093720288E0809343
:10BD00007B0082E480937C0080917A008064809341
:10BD10007A00ACE0B1E0B093780FA093770F8091F8
:10BD20007A0086FD58C98091780090917900845EF0
:10BD3000910997FF02C00C94956B8338B1E09B0783
:10BD400014F00C94C666FC01EE0FFF1FE055FE4F89
:10BD500085919491E091B90F21E02E0F2093B90FB6
:10BD6000EF71F0E0EE0FFF1FE958F04F93838283ED
:10BD7000E9EBFFE040E050E0BA0192918291092E98
:10BD8000000CAA0BBB0B480F591F6A1F7B1F2FE02B
:10BD9000E937F20791F7E5E075956795579547956F
:10BDA000EA95D1F750937502409374021092780F80
:10BDB0001092770F10C98CE690E0909379028093EF
:10BDC000780280917E03882309F435CBE0917B03D0
:10BDD00081E08E0F80937B03F0E0E858FD4F828175
:10BDE00080937F0382E790E09093790280937802BA
:10BDF0008091C00085FF1FCB80917F038093C60098
:10BE000010937D0300937C03E0917B031FCC109281
:10BE1000070F9091760F8091750F891B8F3009F075
:10BE2000E0C99F5F9093760FDCC9803439E09307B7
:10BE300009F4A3C28634994009F0D6C24091F40EA9
:10BE4000709147105091F50E83E0870F451B4817FE
:10BE500010F40C94FE68772311F40C94656C8091B7
:10BE6000451090914610472F450F252FE22FF0E007
:10BE7000EC50F24F30818327082E8295807F8025F9
:10BE8000092E982F82958F700826869598278927E6
:10BE9000880F880F880F80252F5F2413E7CF90939A
:10BEA000461080934510E1E0E50FE70FF0E0EC501D
:10BEB000F24F80815E5F570FE52FF0E0EC50F24FBC
:10BEC0002081A0914510B0914610E42FF0E0EC5095
:10BED000F24F9081933011F40C94F16B943011F483
:10BEE0000C94096B923011F40C940A6B90E0922B35
:10BEF000A817B90711F40C946D6B6091431085E09D
:10BF00000E940D46F0CB80E092E051C9A091100F45
:10BF1000B091110FA30192010E94857F9F01FF0F35
:10BF2000440B550B0E94557FBA01A9010090120FD6
:10BF300004C075956795579547950A94D2F7CA013D
:10BF400050930F0F40930E0F28C96091E212709129
:10BF5000E312DB018C91B090E1128B2151F0E09162
:10BF6000DF12F091E01290818091DE12892309F0B6
:10BF700070C480917A0390917B03282F291B2F3F57
:10BF800041F1E1E0E80FE0937A03A82FB0E0A85870
:10BF9000BD4F12961C922E2F291B2F3FD1F022E06D
:10BFA000280F20937A03F0E0E858FD4F33E0328306
:10BFB000422F50E05093830340938203291B2F3F6D
:10BFC00041F08D5F80937A03FA01E858FD4F81E0DC
:10BFD000828380917A03282F30E03093810320936D
:10BFE0008003482F491B4F3F11F40C94166C8F5F50
:10BFF00080937A03D901A858BD4F81E012968C93A3
:10C0000012974091820350918303FA01FF27E85869
:10C01000FD4F82818F5F828312968C9112978F5F82
:10C0200012968C9320917A03822F891B8F3F59F0AF
:10C0300081E0820F80937A0330E0D901A858BD4F88
:10C0400083E012968C9382818F5F8283209180039C
:10C05000309181035527EEE0F3E148585D4FAA2463
:10C06000A39424C0D901BB27A858BD4F12969C9019
:10C070001297939412969C92A0917A03BA2FB91BAF
:10C08000BF3F49F0B1E0BA0FB0937A03B0E0A858CF
:10C09000BD4F12968C93DA0112968C9112978F5F96
:10C0A00012968C93B3E1EA31FB0779F081912F3F2F
:10C0B000BFEF3B0711F40C942E6B8111D3CF2FEF00
:10C0C0003FEFB3E1EA31FB0789F730938103209317
:10C0D0008003FB018081B82281E009F080E00E94AA
:10C0E000744DE091DF12F091E01290818091DE12A8
:10C0F000892320918003309181032F3F3F4F11F41A
:10C100000C94F46B81110C949B6BE0918003F09183
:10C110008103FF27E858FD4F82818F5F8283E09182
:10C120007A0380917B039E2F981B9F3F49F081E00B
:10C130008E0F80937A03F0E0E858FD4F81E0828310
:10C14000E0918203F0918303FF27E858FD4F82813D
:10C150008F5F8283E091DC12F091DD1290818091FB
:10C16000DB12982381E009F080E00E94744D8091F9
:10C170007A0390917B03891B8F3F11F40C945B6BC6
:10C1800080918003909181038F3FAFEF9A0731F048
:10C190009927FC01E858FD4F8FEF828380917E0341
:10C1A0008F5F80937E030E94E63D0C94CD57809173
:10C1B000ED0D9091EE0D891B2091431130914411AA
:10C1C00090E02817390708F4C9019093441180932F
:10C1D00043110C9481580E94014960933F10709361
:10C1E000401080934110909342101093461000939A
:10C1F000451088EC98E090933E1080933D1080911C
:10C20000F50E4091F40E942F981B923008F4B5C6A9
:10C2100091E0980F9093F50EE82FF0E0EC50F24F7C
:10C22000208120935902222309F45DCA60914510B0
:10C23000709146106227062E6295607F6025072E5A
:10C24000762F62956F700626669576276727660FAC
:10C25000660F660F602570934610609345108E5FE1
:10C260008093F50EE92FF0E0EC50F24F908190931F
:10C270004410992309F437CA6927062E6295607F16
:10C280006025072E762F62956F70062666957627B5
:10C290006727660F660F660F6025709346106093E0
:10C2A000451097FF02C00C94BE6C6091431026139A
:10C2B0000C94116BE0E0F2E0F0934810E09347102B
:10C2C000E82F8CEE98E090933E1080933D104DCB7C
:10C2D0009195819591090C94A158E091F50E4091AA
:10C2E000F40EF0904B108E2F942F9E1B9F1508F488
:10C2F000C6C7E0904A10EF18E0924A10FF2009F4F8
:10C3000070CB6091980570919905209145103091FE
:10C310004610DB01A856BC4F5E2F5F0DE82FF0E002
:10C32000EC50F24F90819D932927022E2295207F79
:10C330002025032E322F22952F7002262695322794
:10C340002327220F220F220F20258F5F8513E6CF90
:10C350008093F50E909359026F5F7F4FFA946F0DA3
:10C36000711D709399056093980530934610209342
:10C37000451010924B10E82F34CB4091F40E809171
:10C38000F50E481709F4F4C3E091F50E81E08E0F25
:10C390008093F50EF0E0EC50F24F80812091451033
:10C3A000309146102827022E2295207F2025032E2B
:10C3B000322F22952F700226269532272327220F0F
:10C3C000220F220F2025309346102093451090E035
:10C3D0000197909348108093471086E499E09093DA
:10C3E0003E1080933D102CCD10933E1000933D10D5
:10C3F00082C9E091F50E4091F40E842F8E1B83309C
:10C4000008F454C3AE2FB0E0AC50B24F9C91A1E001
:10C41000AE0FB0E0AC50B24F8C9123E02E0F2093C2
:10C42000F50EEE5FF0E0EC50F24F30816091451078
:10C4300070914610933011F40C94426C943011F4C6
:10C440000C94056B923011F40C94066B90E0932BD6
:10C450006817790711F40C94ED6A6091431085E038
:10C460000E940D461092F50E1092F40E109299054E
:10C47000109298053CC980917A0340917B03982FD4
:10C48000941B9F3F41F1E1E0E80FE0937A03A82F6E
:10C49000B0E0A858BD4F12961C929E2F941B9F3F50
:10C4A000D1F092E0980F90937A03F0E0E858FD4FB6
:10C4B00023E02283292F30E03093830320938203EB
:10C4C000941B9F3F41F08D5F80937A03F901E858F8
:10C4D000FD4F81E0828320917A03822F90E0909338
:10C4E000810380938003322F341B3F3F11F40C945F
:10C4F000C26A2F5F20937A03FC01E858FD4F81E068
:10C5000082832091820330918303D901BB27CD011F
:10C5100088589D4F6C01DC0112968C9112978F5FA9
:10C5200012968C9382818F5F8283E0917A038E2FA3
:10C53000841B8F3F51F081E08E0F80937A03F0E0EF
:10C54000E858FD4F9AE09283E82FD60112969C910D
:10C5500012979F5F12969C93E0908003F090810366
:10C56000B701772768587D4FDB0112969C9112978F
:10C570009F5F12969C938E2F841B8F3F51F081E01A
:10C580008E0F80937A03F0E0E858FD4F91E092839C
:10C59000E82FD60112969C9112979F5F12969C935A
:10C5A000E41BEF3F11F40C94906BEF20E09419F032
:10C5B0008FEFFB01828380917E038F5F80937E03E8
:10C5C0000E94E63D8091740290917502803591053C
:10C5D0000CF0FEC380917A0330917B03982F931B5C
:10C5E0009F3F41F1E1E0E80FE0937A03A82FB0E02C
:10C5F000A858BD4F12961C929E2F931B9F3FD1F0BF
:10C6000092E0980F90937A03F0E0E858FD4F23E012
:10C610002283492F50E05093830340938203931B5E
:10C620009F3F41F08D5F80937A03FA01E858FD4FF8
:10C6300081E0828320917A03822F90E0909381039E
:10C6400080938003422F431B4F3F11F40C94626B85
:10C650002F5F20937A03FC01E858FD4F81E082832D
:10C660004091820350918303DA01BB27A858BD4F44
:10C6700012968C9112978F5F12968C9312978281EB
:10C680008F5F8283E0917A038E2F831B8F3F51F05F
:10C6900081E08E0F80937A03F0E0E858FD4F9AE036
:10C6A0009283E82F12969C9112979F5F12969C930B
:10C6B0001093810300938003E31BEF3F11F40C946C
:10C6C000EC6B80917E038F5F80937E030E94E63D3A
:10C6D00099C360914F1170E087E00E940748109263
:10C6E00050111092511110925211109253110C943A
:10C6F0004A5880917A0330917B03982F931B9F3F78
:10C7000041F1E1E0E80FE0937A03A82FB0E0A858E8
:10C71000BD4F12961C929E2F931B9F3FD1F092E02B
:10C72000980F90937A03F0E0E858FD4F23E02283BE
:10C73000492F50E05093830340938203931B9F3F04
:10C7400041F08D5F80937A03FA01E858FD4F81E054
:10C75000828320917A03822F90E0909381038093CB
:10C760008003422F431B4F3F09F42EC72F5F2093B6
:10C770007A03FC01E858FD4F81E0828340918203F7
:10C7800050918303DA01BB27CD0188589D4F6C017E
:10C79000DC0112968C9112978F5F12968C93828196
:10C7A0008F5F8283E0917A038E2F831B8F3F51F03E
:10C7B00081E08E0F80937A03F0E0E858FD4F9BE014
:10C7C0009283E82FD60112969C9112979F5F129642
:10C7D0009C93E0908003F0908103B701772768581D
:10C7E0007D4FDB0112969C9112979F5F12969C934E
:10C7F0008E2F831B8F3F51F081E08E0F80937A0341
:10C80000F0E0E858FD4F91E09283E82FD6011296B0
:10C810009C9112979F5F12969C93E31BEF3F09F048
:10C82000C4CE425040937A03CBCE84E090E0909304
:10C830008503809384032F5F3F4F309387032093BA
:10C8400086034F5F5F4F50938903409388030C9496
:10C85000525BE091DC12F091DD1290818091DB124D
:10C86000892309F486CB40910E1350910F136091E8
:10C8700010137091111377FD3DC080912711909195
:10C880002811A0912911B0912A1184179507A607A4
:10C89000B70784F18091121390911313A091141390
:10C8A000B0911513B7FD26C040912B1150912C115A
:10C8B00060912D1170912E11481759076A077B0757
:10C8C000CCF08091161390911713A0911813B0918A
:10C8D0001913B7FD0FC040912F1150913011609185
:10C8E000311170913211481759076A077B0714F00C
:10C8F0000C94CD57109381030093800380917A03A9
:10C9000090917B03282F291B2F3F41F1E1E0E80F95
:10C91000E0937A03A82FB0E0A858BD4F12961C925E
:10C920002E2F291B2F3FD1F022E0280F20937A03CE
:10C93000F0E0E858FD4F33E03283422F50E050934F
:10C94000830340938203291B2F3F41F08D5F809327
:10C950007A03FA01E858FD4F81E0828384E00E9467
:10C96000744D809180039091810360917B03A0912D
:10C970008203B0918303BB27EEE0F3E1A858BD4FDB
:10C9800071E0AD01DF011DC0FC01FF27E858FD4F3C
:10C9900032813F5F3283E0917A033E2F361B3F3F67
:10C9A00041F031E03E0F30937A03F0E0E858FD4F5C
:10C9B0002283FA0122812F5F2283F3E1AA31BF078C
:10C9C00071F02D918F3FEFEF9E0709F460C62111A2
:10C9D000DBCF8FEF9FEFF3E1AA31BF0791F7909381
:10C9E00081038093800340910E1350910F13609147
:10C9F00010137091111381E077FD0EC08090271104
:10CA000090902811A0902911B0902A1184169506B3
:10CA1000A606B7060CF080E00E94744D40911213F8
:10CA200050911313609114137091151381E077FDE9
:10CA30000EC080902B1190902C11A0902D11B090D1
:10CA40002E1184169506A606B7060CF080E00E940B
:10CA5000744D4091161350911713609118137091F3
:10CA6000191381E077FD0EC080902F119090301146
:10CA7000A0903111B090321184169506A606B70623
:10CA80000CF080E00E94744D80917A0390917B03BA
:10CA9000891B8F3F09F40FC6809180039091810319
:10CAA0008F3F2FEF920709F073CB78CB0E9401499B
:10CAB000C0903F10D0904010E0904110F090421094
:10CAC000DC01CB018C199D09AE09BF098B3F910593
:10CAD000A105B10510F40C947B5BF090431088E045
:10CAE0000E94804E8F2D0E94744D80917A03909108
:10CAF0007B03891B8F3F09F49EC680918003909130
:10CB000081038F3F3FEF930709F0E8C3EDC30E9415
:10CB10000149C0903F10D0904010E0904110F0903B
:10CB20004210DC01CB018C199D09AE09BF098B3F76
:10CB30009105A105B10510F40C947B5BF0904310B6
:10CB400088E00E94804E8F2D0E94744D80917A0360
:10CB500090917B03891B8F3F09F46DC68091800300
:10CB6000909181038F3FFFEF9F0709F0B7C3BCC3CC
:10CB70000E940149C0903F10D0904010E0904110B9
:10CB8000F0904210DC01CB018C199D09AE09BF0960
:10CB90008B3F9105A105B10510F40C947B5BF090DF
:10CBA000431088E00E94804E8F2D0E94744D80912A
:10CBB0007A0390917B03891B8F3F09F4D9C680913A
:10CBC0008003909181038F3F4FEF940731F09927B5
:10CBD000FC01E858FD4F8FEF828380917E038F5FC9
:10CBE00080937E031092F50E1092F40E40E0CCCBB1
:10CBF00081E00C94A45AE4EBF4E08591949152C83E
:10CC000060910C1070910D1080910E1090910F108A
:10CC1000A70196010E94247F4B015C010090101037
:10CC200004C0B694A794979487940A94D2F78091FD
:10CC30000B102091FD0F3091FE0F4091FF0F50918E
:10CC4000001081110CC02C0D3D1D4E1D5F1D209349
:10CC5000FD0F3093FE0F4093FF0F5093001057FDD0
:10CC60008FC565817681878190850E94247FDC0154
:10CC7000CB01018404C0B695A795979587950A9432
:10CC8000D2F7880E991EAA1EBB1E809101109091AA
:10CC90000210A0910310B0910410A7019601281B67
:10CCA000390B4A0B5B0B57FD4CC566857785808930
:10CCB00091890E94247FDC01CB01028804C0B695D3
:10CCC000A795979587950A94D2F7409005105090B4
:10CCD00006106090071070900810840D951DA61D19
:10CCE000B71D8093051090930610A0930710B09382
:10CCF0000810181619061A061B060CF060C54FEF2F
:10CD000084169104A104B1040CF046C0412C512CAE
:10CD100032014A94481859086A087B08AC01BD01E1
:10CD2000481659066A067B0614F4B301A201840E64
:10CD3000951EA61EB71E841B950BA60BB70B8093E2
:10CD4000051090930610A0930710B0930810F7FCFD
:10CD50000CC080913C1090E0A0E0B0E088169906ED
:10CD6000AA06BB0614F44C015D015FEF8516910421
:10CD7000A104B1048CF4181419041A041B040CF057
:10CD80009EC58092091010920B100CC0E4EBF4E0E9
:10CD9000859194910C94AA5E8FEF8093091081E0A5
:10CDA00080930B106091091070E082E00E940748A8
:10CDB000C0920110D0920210E0920310F092041081
:10CDC0008091740290917502803591050CF402CC2B
:10CDD000813DA7E09A070CF065C1209123133091A3
:10CDE0002413821793070CF4BBC02FB7F894E0917B
:10CDF000E712F091E81290818091E41280958923E6
:10CE000080832FBFA8950C944C5D80917202909105
:10CE100073028038924014F40C9488599FB7F894A8
:10CE2000E0915702F0915802208180915602822BA6
:10CE300080839FBF81E080931C110C94885980915E
:10CE40004B1190914C118130910509F404C38091EC
:10CE5000A8099091A909892B11F00C94DA5D4091F1
:10CE60009E0550919F056091A0057091A10580914C
:10CE7000A2099091A309A091A409B091A50948170E
:10CE800059076A077B0711F00C94DA5D2091E411D1
:10CE90003091E5118091E2119091E3112817390743
:10CEA00011F00C94DA5D9091ED0D8091EE0D9813D8
:10CEB0000C94DA5D80916F008D7F80936F0080917C
:10CEC0006F008B7F80936F0081E090E090934A1118
:10CED0008093491110924C1110924B119093CA11EA
:10CEE0008093C91121E030E040E050E02093C5116B
:10CEF0003093C6114093C7115093C8111092CF11AF
:10CF000010925F1110925E111092E5111092E411CF
:10CF10001092E3111092E21110929E0510929F055B
:10CF20001092A0051092A1051092990510929805F3
:10CF30001092A2091092A3091092A4091092A509B7
:10CF40001092AA0920939A0530939B0540939C0563
:10CF500050939D051092EE0D1092ED0D0C94DA5D3C
:10CF60009FB7F894E091E712F091E8122081809148
:10CF7000E412822B80839FBF45CF0E940149C0905D
:10CF80003F10D0904010E0904110F0904210DC0132
:10CF9000CB018C199D09AE09BF098B3F9105A105F5
:10CFA000B10510F40C947B5B6091431080917A037F
:10CFB00090917B03282F291B2F3F41F1E1E0E80FDF
:10CFC000E0937A03A82FB0E0A858BD4F12961C92A8
:10CFD0002E2F291B2F3FD1F022E0280F20937A0318
:10CFE000F0E0E858FD4F38E03283422F50E0509394
:10CFF000830340938203291B2F3F41F08D5F809371
:10D000007A03FA01E858FD4F81E0828380917A0328
:10D01000282F30E03093810320938003482F491B51
:10D020004F3F41F08F5F80937A0381E0F901E85828
:10D03000FD4F8283E0908203F0908303A701552780
:10D0400048585D4FDA0112968C9112978F5F1296B5
:10D050008C93662309F4F2C228583D4FF90182816E
:10D060008F5F8283E0917A038E2F891B8F3F49F077
:10D0700081E08E0F80937A03F0E0E858FD4F6283E1
:10D08000E82FDA0112968C9112978F5F12968C938B
:10D090008E2F891B8F3F09F4DBC28FEFD9011296C7
:10D0A0008C93E1C080917A0390917B03282F291BF8
:10D0B0002F3F41F1E1E0E80FE0937A03A82FB0E0C1
:10D0C000A858BD4F12961C922E2F291B2F3FD1F02E
:10D0D00022E0280F20937A03F0E0E858FD4F33E078
:10D0E0003283422F50E05093830340938203291BE5
:10D0F0002F3F41F08D5F80937A03FA01E858FD4F8E
:10D1000081E0828380917A03282F30E0309381037D
:10D1100020938003482F491B4F3F09F459C38F5F69
:10D1200080937A03F901E858FD4F81E082832091D2
:10D13000820330918303D901BB27A858BD4F1296B3
:10D140008C9112978F5F12968C93129782818F5FCA
:10D150008283E0917A038E2F891B8F3F51F081E00B
:10D160008E0F80937A03F0E0E858FD4F4BE0428346
:10D17000E82F12968C9112978F5F12968C931093D2
:10D18000810300938003E91BEF3F09F09ACA225004
:10D1900020937A039BCA1092C5006C017D0130E890
:10D1A000C30E34E8D31E3EE1E31EF11C23E0CC0C99
:10D1B000DD1CEE1CFF1C2A95D1F79C01AD0164E03B
:10D1C000220F331F441F551F6A95D1F7C701B601BF
:10D1D0000E94337FDA01C9010197A109B109809347
:10D1E000C4008FEF9FEFDC0180935611909357118D
:10D1F000A0935811B09359110C9475580E9401498D
:10D20000C0903F10D0904010E0904110F09042103C
:10D21000DC01CB018C199D09AE09BF098B3F91053B
:10D22000A105B10510F40C947B5BF090431088E0ED
:10D230000E94804E8F2D0E94744D80917A039091B0
:10D240007B03891B8F3F09F457C380918003909122
:10D2500081038F3F5FEF950731F09927FC01E85874
:10D26000FD4F8FEF828380917E038F5F80937E03DB
:10D270000C94735B70E082E00E940748A1CD0E948D
:10D280000149C0903F10D0904010E0904110F090C4
:10D290004210DC01CB018C199D09AE09BF098B3FFF
:10D2A0009105A105B10510F40C947B5BF09043103F
:10D2B00088E00E94804E8F2D0E94744D80917A03E9
:10D2C00090917B03891B8F3F09F4B5C28091800345
:10D2D000909181038F3F2FEF920731F09927FC0146
:10D2E000E858FD4F8FEF828380917E038F5F80939C
:10D2F0007E03B8C8C0903F11D0904011E09041111A
:10D30000F0904211F1E0CF16F0E9DF06F1E0EF0610
:10D31000F10408F03CC180903B1190903C11A0902A
:10D320003D11B0903E11BE016F5F7F4F8AE893E0E0
:10D330000E94D650882309F44AC0B701A601480DBF
:10D34000591D6A1D7B1D8B8586FD1BC08F73880F41
:10D350009C8597FB992790F9892B082E000C990B37
:10D36000AA0BBB0B2A013B01482859286A287B28B5
:10D3700084219521A621B721892B8A2B8B2B09F09B
:10D380004CC12A013B0121E0421A51086108710891
:10D3900080918F03833071F079E0880C991CAA1C6E
:10D3A000BB1C7A95D1F7E9E0440C551C661C771C30
:10D3B000EA95D1F7A501940160E28AE893E00E9422
:10D3C000683D882309F4B5C281E680938A03809181
:10D3D0008D038111FDC063E172E086E096E00E945A
:10D3E000513F80913B1190913C11A0913D11B09122
:10D3F0003E118C0D9D1DAE1DBF1D80933B11909362
:10D400003C11A0933D11B0933E1180913F1190913A
:10D410004011A0914111B09142118C199D09AE09A2
:10D42000BF0980933F1190934011A0934111B09395
:10D430004211892B8A2B8B2B11F00C94BA5D81E061
:10D4400090E090934A11809349110C94BA5D0C942A
:10D4500000000C94565820916F0022FDF8CC909358
:10D46000CA118093C91181E090E0A0E0B0E0809300
:10D47000C5119093C611A093C711B093C811109213
:10D48000CF1110925F1110925E111092E51110925F
:10D49000E4111092E3111092E2118091A809909189
:10D4A000A909009751F08AE893E00E94B540809165
:10D4B000A8099091A9090097B1F710929E051092C2
:10D4C0009F051092A0051092A10510929905109247
:10D4D00098051092A2091092A3091092A409109223
:10D4E000A5091092AA0921E030E040E050E0209325
:10D4F0009A0530939B0540939C0550939D0510928F
:10D50000EE0D1092ED0DA7CC30E1EF31F30741F0B5
:10D51000D701C6018E7F892B8A2B8B2B09F0E2C1A4
:10D520008824992454018C189D08AE08BF08608196
:10D53000718182819381A50194010E94247FDC0185
:10D54000CB01048004C0B695A795979587950A945A
:10D55000D2F7882499245401881A990AAA0ABB0A86
:10D5600066CB452B09F049C083E090E0909385039A
:10D570008093840381E090E09093890380938803F3
:10D580000C94525BFC01E858FD4F0C948162C12C55
:10D59000F0E9DF2EEE24E394F12CBDCE80918203DE
:10D5A000825080937A030C94775B8091471090911E
:10D5B0004810009709F046C188E199E090933E1029
:10D5C00080933D100C94FD61FC01E858FD4FD6C8D6
:10D5D0008AE893E00E945F3CFECE241731F063E1BD
:10D5E00072E08AE299E00E94513F8EE299E09093C6
:10D5F0003E1080933D100C948D5A81E090E0909302
:10D600008503809384030C94525B8E7F3E7F0C9441
:10D6100026628E7F2E7F0C94765F82E680938A034B
:10D62000D6CE87E00E940D461092F50E1092F40EB1
:10D6300010923E1010923D100C947B5B109381036E
:10D640000093800380917A03891B8F3F09F00BCEF2
:10D65000EA94EA94E0927A030C94735BA0917A03C3
:10D660002A2F30E0BA2FB91BBF3F41F0AF5FA09324
:10D670007A03D901A858BD4F1296AC92DA011296DE
:10D680009C901297939412969C920C945D603091AA
:10D690007A03832F90E0E32FE61BEF3F39F03F5FE3
:10D6A00030937A03FC01E858FD4F7283FA0132810E
:10D6B0003F5F32838CC980918203825080937A03CA
:10D6C0000C94D360FC01E858FD4F0C943063E0EB00
:10D6D000F1E0859194910C94525E909144109338AE
:10D6E00009F4D3C06091431080915902681399CF17
:10D6F0006F5F09F4F3C0609343107093F60E1092BD
:10D70000F70E492F50E0FA01E058F109E234F10533
:10D7100008F4DEC0692F81E00E940D460C94735B13
:10D72000225020937A030C94E062E0EBF1E08591C3
:10D7300094910C94AA5E10938103009380030C943F
:10D74000AA6050954095309521953F4F4F4F5F4FC0
:10D7500066857785808991890E94247FDC01CB01D1
:10D76000028804C0B695A795979587950A94D2F735
:10D77000B095A095909581959F4FAF4FBF4FA5CA8B
:10D7800050954095309521953F4F4F4F5F4F6581A4
:10D790007681878190850E94247FDC01CB01018402
:10D7A00004C0B695A795979587950A94D2F7B0953A
:10D7B000A095909581959F4FAF4FBF4F62CA00973C
:10D7C000A105B10509F09FC040E050E0BA01AFCA21
:10D7D000F901E858FD4FABCC425040937A030C94CA
:10D7E00066638E7F0C94765F90917A03292F30E0E8
:10D7F000309381032093800340917B03592F541B66
:10D800005F3F41F09F5F90937A03F901E858FD4F25
:10D8100091E09283E0918203F0918303FF27E8581F
:10D82000FD4F92819F5F92830C948260D901A8582A
:10D83000BD4F0C94016080918203825080937A03E3
:10D840000C943262209149102F3F11F40C946161C5
:10D850002091980530919905B9016F5F7F4F7093C2
:10D86000990560939805D901A657BC4F1E961C9246
:10D8700001979093481080934710892B09F49CCE10
:10D880000C9461618E7F0C94266281E0809343103A
:10D890007093F60E1092F70E0E94CC458091F40E14
:10D8A0009091F50E891B833010F00C94735B63E14B
:10D8B00072E08AEB9AE00E94513F0C94735B1092E5
:10D8C000091081E080930B106DCA452F0C94535FB3
:10D8D0008827EE58FF4F8F4F0C94717F81E0809323
:10D8E00043100BCFA701960167E370E18FE190E150
:10D8F0000E94E93A0C944C5D80918203825080939F
:10D900007A030C94735B181419041A041B040CF0AA
:10D910005BCF442455243201481859086A087B0813
:10D92000AC01BD0184159505A605B7050CF0FFC92E
:10D93000FCC9A301920161E28AE893E00E94683D7C
:10D94000811142CD20E030E0A90166E28AE893E04F
:10D950000E94683D811138CD60E177E28AE893E06A
:10D960000E94853C811112C083E680938A032FCDEB
:10D9700080918203825080937A0334C980E499E0D5
:10D9800090933E1080933D100C94BF6180918D0365
:10D99000882309F426CD8AE893E00E945F3C21CDDC
:10D9A0000E94EE766093371170933811809339118D
:10D9B00090933A1121E0611574408105910509F4B5
:10D9C0004FC3209336110E94CC4568CF0E94EE765B
:10D9D0006093561170935711809358119093591179
:10D9E0000E940149DC01CB010A96A11DB11D809363
:10D9F0005A1190935B11A0935C11B0935D110E943A
:10DA0000CC454CCF0E94CF4610925011109251112C
:10DA10001092521110925311682F70E087E00E940B
:10DA200007480E94CC453ACF0E94EE766B017C01FC
:10DA30008091491190914A11019731F063E172E0B0
:10DA40008EEB96E00E94513F81E090E0A0E0B0E0D4
:10DA500080933B1190933C11A0933D11B0933E11E4
:10DA6000C0923F11D0924011E0924111F0924211C8
:10DA700082E090E090934A11809349110E94CC4536
:10DA80000DCF0E94D57D0ACF0E94CF46F82E0E946E
:10DA9000707D40E0BC018F2D0E94B64E0E94CC45A7
:10DAA000FDCE0E94B5762B013C010E94B5764B015C
:10DAB0005C010E94B5766B017C010E94B5760E94E4
:10DAC000B57681E08093141140920E1350920F139B
:10DAD000609210137092111380921213909213138C
:10DAE000A0921413B0921513C0921613D09217136C
:10DAF000E0921813F09219130E94CC45CFCE0E94E9
:10DB0000BD7BCCCE0E94CF46E82EF12CE114F1046F
:10DB100009F479C28091491190914A11019709F055
:10DB200074C083E090E090934A1180934911F09281
:10DB30004C11E0924B1130924411209243111092FB
:10DB400048111092471110924611109245118FE022
:10DB50000E948B7E10924E1110924D110E94AC507B
:10DB6000EA94EF2809F47EC280ED97E09093890053
:10DB70008093880080916F00826080936F00BCCF9B
:10DB80008091491190914A11029734F063E172E05B
:10DB900088EE95E00E94513F10921B11EE24E39411
:10DBA000F12CF092CA11E092C91181E090E0A0E05E
:10DBB000B0E08093C5119093C611A093C711B093A4
:10DBC000C8111092CF1110925F1110925E110E9435
:10DBD0002B301092EE0D1092ED0DF0924A11E09262
:10DBE00049116FEF70E088E00E94074820E034E0C0
:10DBF00040E050E0209337113093381140933911B1
:10DC000050933A110E94CC4549CE63E172E08DE415
:10DC100096E00E94513F85CF0E94B5760E94347DE8
:10DC20000E94CC453BCE85D639CE04D637CE81E096
:10DC3000809355110E94CC4531CE0E94EE766B0147
:10DC40007C010E94EE762B013C010E94EE764B0196
:10DC50005C010E94CF46A6968FAFA6970E94CF4642
:10DC6000A5968FAFA5970E94CF46C0922711D0925C
:10DC70002811E0922911F0922A1140922B11509212
:10DC80002C1160922D1170922E1180922F11909272
:10DC90003011A0923111B0923211A6962FADA697F5
:10DCA00020933311A5969FADA5979093341180933F
:10DCB00035110E94CC45F2CD0E94707D6C010E940E
:10DCC000707D7C010E94707DD0922211C092211142
:10DCD000F0922411E0922311909326118093251144
:10DCE0000E94CC45DBCD0E94CF460E94CE7CD6CD93
:10DCF0000E94CF46F82E0E94CF46E82E61E08F2D7D
:10DD00000E94C6476E2D8F2D0E9493470E94CC45DE
:10DD1000C5CD0E94CF460E945D7CC0CD81E080933E
:10DD2000CF110E94CC45BACD0E94CF46F82E0E945A
:10DD3000CF46682F8F2D0E9436770E94CC45AECDFE
:10DD4000A2D7ACCD0E947E7DA9CD0E94CF46D82E11
:10DD50000E94CF46C82E0E94CF46E82EF12CFE2C02
:10DD6000EE24EC0CF11CE1E0ED1530F463E172E01F
:10DD700086E896E00E94513FC701F7FC3FC1813F12
:10DD8000910534F063E172E087E896E00E94513F2C
:10DD9000ED2DF0E0EE0FFF1FEC5EFE4EF282E18211
:10DDA0000E94CC457BCDCE01815A9F4F0E9428779F
:10DDB000CE01865A9F4F0E942877D7D74B015C012E
:10DDC000CE018B5A9F4F0E942877CE01805B9F4FD8
:10DDD0000E942877CE01855B9F4F0E942877C5D788
:10DDE0006B017C01CE018A5B9F4F0E942877CE0198
:10DDF0008F5B9F4F0E942877CE0101960E94287763
:10DE00000E94707D25E0FE01E15AFF4FACE0B0E1D9
:10DE100001900D922A95E1F725E0FE01E65AFF4FA9
:10DE2000A1E1B0E101900D922A95E1F780921610E0
:10DE300090921710A0921810B092191025E0FE01D0
:10DE4000EB5AFF4FAAE1B0E101900D922A95E1F75C
:10DE500025E0FE01E05BFF4FAFE1B0E101900D92E4
:10DE60002A95E1F725E0FE01E55BFF4FA4E2B0E172
:10DE700001900D922A95E1F7C0922910D0922A10B4
:10DE8000E0922B10F0922C1025E0FE01EA5BFF4F90
:10DE9000ADE2B0E101900D922A95E1F725E0FE0197
:10DEA000EF5BFF4FA2E3B0E101900D922A95E1F7FD
:10DEB00025E0FE013196A7E3B0E101900D922A958D
:10DEC000E1F790931A11809319110E94CC45E6CC8A
:10DED0000E94457AE3CC0E94CF4610925902FE017F
:10DEE00031966F01F12C5801182F0BC00E94CF46BC
:10DEF000D6018D936D01F394F0925902B0E4FB16B4
:10DF000011F0F112F3CF612F8501CE010196BED73A
:10DF1000C5CC0E94707D7C010E94CF46F092110F0B
:10DF2000E092100F8093120F0E94CC45B7CC0E9454
:10DF3000707D6C010E94CF46F82E0E94707DD092B9
:10DF4000110FC092100FF092120F9093140F809344
:10DF5000130F0E94CC45A2CC0E94CF46F82E0E94FF
:10DF6000707DBC018F2D0E94F37E0E94CC4596CC23
:10DF70000E94707D009799F02FB7F8949093F20D5E
:10DF80008093F10D2FBFB8CD0E94CF4691E0811153
:10DF900001C090E09093060F0E94CC457FCC0E9478
:10DFA000F65380916F008B7F80936F00A5CD0E9408
:10DFB000C87E74CC0E94167C71CC3AD56FCCA8D3A5
:10DFC0006DCC59D26BCCA3D269CC0E94F65310927F
:10DFD00014116FE770E088E00E94074810924A1120
:10DFE000109249110E94CC4559CCDDD257CC0E94E9
:10DFF000EE7B54CCA3D10E94CC4550CC88279927E6
:10E000008E199F09BCCE63E172E08CE496E00E9419
:10E01000513F8091491190914A11019709F0F5CD36
:10E0200083E090E090934A118093491110924C1133
:10E0300010924B11309244112092431110924811CA
:10E040001092471110924611109245118FE00E94D4
:10E050008B7E10924E1110924D110E94AC5084CDC7
:10E0600020E0AFCC1092F00D1092EF0D80ED97E014
:10E0700090938B0080938A0090938900809388000E
:10E0800080916F00846080936F0036CDCF93DF93D3
:10E09000109279021092780210927B0310927A0308
:10E0A00010927E0380E590E0909375028093740255
:10E0B000909373028093720284E680938A03109295
:10E0C0008F0380E58093930310929403109297033B
:10E0D000109296031092A9091092A8091092A7090C
:10E0E0001092A60982EA95E09093AC098093AB095F
:10E0F00010929E0510929F051092A0051092A10506
:10E1000010929905109298051092A2091092A309F5
:10E110001092A4091092A5091092AA0981E090E03A
:10E12000A0E0B0E080939A0590939B05A0939C0596
:10E13000B0939D051092EE0D1092ED0D1092F00D22
:10E140001092EF0D1092F50E1092F40E1092760FC1
:10E150001092750F1092050F1092040F80E890E056
:10E160009093140F8093130F21E02093060F21E06A
:10E1700030E03093110F2093100F1092120F9093F4
:10E180000F0F80930E0F80E094E09093090F80931F
:10E19000080F1092070F1092FA0E1092FB0E1092B9
:10E1A000FC0E1092FD0E1092FF0E1092FE0E1092B9
:10E1B000000F1092010F1092020F1092030F85E5CD
:10E1C0008093F80E1092F90E1092780F1092770F3C
:10E1D0001092B90FE9EBFFE080E590E09293829313
:10E1E0002FE0E937F207D1F71092FA0FEAEFFFE0DC
:10E1F00080E590E092938293AFE0EA3BFA07D1F793
:10E20000ECE0F0E1F093FC0FE093FB0F10920A10AA
:10E2100010920B1033E1EF01232F19922A95E9F7A1
:10E2200081E090E0A0E0B0E080930C1090930D109E
:10E23000A0930E10B0930F1021E020931010809344
:10E24000111090931210A0931310B0931410EFE1DB
:10E25000F0E1EF0119923A95E9F780931F1090933E
:10E260002010A0932110B0932210209323108093AC
:10E27000241090932510A0932610B093271010928D
:10E280003C101092DF111092DE111092E3111092E7
:10E29000E2111092E5111092E41110925F111092A8
:10E2A0005E111092DA111092CF111092501110924B
:10E2B0005111109252111092531110925411109248
:10E2C00055118FEF9FEFDC018093561190935711FA
:10E2D000A0935811B093591110924A1110924911FC
:10E2E00010924C1110924B111092141110921611A1
:10E2F00010921511109218111092171110921D11F1
:10E3000010921E1110921F111092201110924E1196
:10E3100010924D11ECE4F0E180E590E0819391934F
:10E32000D1E1E431FD07D1F710923E1010923D107B
:10E3300081E080934310DF91CF91089510922413D0
:10E34000109223138091211390912213892B19F598
:10E350001092FD0F1092FE0F1092FF0F10920010FE
:10E360008091720290917302919581959109092E85
:10E37000000CAA0BBB0B8093011090930210A0938A
:10E380000310B09304101092051010920610109212
:10E39000071010920810109222131092211310925D
:10E3A0003C108091231390912413892B19F510921E
:10E3B000FD0F1092FE0F1092FF0F1092001080912F
:10E3C000720290917302919581959109092E000C2A
:10E3D000AA0BBB0B8093011090930210A093031023
:10E3E000B0930410109205101092061010920710AE
:10E3F00010920810109224131092231380916F0032
:10E400008D7F80936F0080916F008B7F80936F0072
:10E4100081E090E090934A118093491110924C1141
:10E4200010924B119093CA118093C91181E090E032
:10E43000A0E0B0E08093C5119093C611A093C711DE
:10E44000B093C8111092CF1110925F1110925E110B
:10E450000E942B301092EE0D1092ED0D1092501183
:10E4600010925111109252111092531160E070E00D
:10E4700087E00C940748CF93DF9300D01F92CDB76D
:10E48000DEB78EE90E94804E809123139091241371
:10E4900089839A830E94744D8A810E94744D809171
:10E4A0002113909122138B839C830E94744D8C8145
:10E4B0000E94744D80E00E94744D80E00E94744D73
:10E4C00080917A0390917B03891B8F3F31F4809177
:10E4D0008203825080937A0313C0809180039091CD
:10E4E00081038F3F2FEF920731F09927FC01E85805
:10E4F000FD4F8FEF828380917E038F5F80937E0339
:10E500000F900F900F900F90DF91CF910895CF93C0
:10E51000DF9300D01F92CDB7DEB78DE90E94804E09
:10E52000809174029091750289839A830E94744D40
:10E530008A810E94744D80917202909173028B8344
:10E540009C830E94744D8C810E94744D80E00E94D7
:10E55000744D80E00E94744D80917A0390917B030A
:10E56000891B8F3F31F480918203825080937A031C
:10E5700013C080918003909181038F3F2FEF92070A
:10E5800031F09927FC01E858FD4F8FEF828380918D
:10E590007E038F5F80937E030F900F900F900F90FC
:10E5A000DF91CF910895CF93DF93CDB7DEB760971A
:10E5B0000FB6F894DEBF0FBECDBF88E90E94804E33
:10E5C000E091E212F091E31290818091E1129823A0
:10E5D00081E009F080E00E94744D80910E1330912B
:10E5E0000F13209110139091111389833A832B8379
:10E5F0009C830E94744D8A810E94744D8B810E947D
:10E60000744D8C810E94744DE091DF12F091E01204
:10E6100090818091DE12982381E009F080E00E94D1
:10E62000744D809112133091131320911413909113
:10E6300015138D833E832F8398870E94744D8E819E
:10E640000E94744D8F810E94744D88850E94744D84
:10E65000E091DC12F091DD1290818091DB12982321
:10E6600081E009F080E00E94744D80911613309192
:10E670001713209118139091191389873A872B87C4
:10E680009C870E94744D8A850E94744D8B850E94E0
:10E69000744D8C850E94744D80E00E94744D1D86DF
:10E6A0001E861F86188A80E00E94744D8E850E9407
:10E6B000744D8F850E94744D88890E94744D80919D
:10E6C0007A0390917B03891B8F3F31F48091820301
:10E6D000825080937A0313C08091800390918103CC
:10E6E0008F3F2FEF920731F09927FC01E858FD4F3B
:10E6F0008FEF828380917E038F5F80937E0360968D
:10E700000FB6F894DEBF0FBECDBFDF91CF91089555
:10E71000CF93DF93CDB7DEB760970FB6F894DEBF27
:10E720000FBECDBF8FE90E94804E80910E133091B5
:10E730000F13209110139091111389833A832B8327
:10E740009C830E94744D8A810E94744D8B810E942B
:10E75000744D8C810E94744D80911213309113136B
:10E7600020911413909115138D833E832F839887E6
:10E770000E94744D8E810E94744D8F810E94744D51
:10E7800088850E94744D8091161330911713209143
:10E7900018139091191389873A872B879C870E94B9
:10E7A000744D8A850E94744D8B850E94744D8C85B2
:10E7B0000E94744D80911A1330911B1320911C13E9
:10E7C00090911D138D873E872F87988B0E94744DE3
:10E7D0008E850E94744D8F850E94744D88890E9499
:10E7E000744D80917A0390917B03891B8F3F31F4A4
:10E7F00080918203825080937A0313C080918003BA
:10E80000909181038F3F2FEF920731F09927FC0100
:10E81000E858FD4F8FEF828380917E038F5F809356
:10E820007E0360960FB6F894DEBF0FBECDBFDF91BA
:10E83000CF9108950F931F93CF93DF93CDB7DEB79A
:10E840002C970FB6F894DEBF0FBECDBF8CEB0E94A5
:10E85000804E0BE412E1F801848135812681978195
:10E8600089833A832B839C830E94744D8A810E9402
:10E87000744D8B810E94744D8C810E94744DF801FF
:10E8800080853185228593858D833E832F8398876C
:10E890000E94744D8E810E94744D8F810E94744D30
:10E8A00088850E94744DF801848535852685978575
:10E8B00089873A872B879C870E94744D8A850E949E
:10E8C000744D8B850E94744D8C850E94744D005F41
:10E8D0001F4FF2E10B3D1F0709F0BDCF80917A0376
:10E8E00090917B03891B8F3F31F48091820382508A
:10E8F00080937A0313C080918003909181038F3FAE
:10E900002FEF920731F09927FC01E858FD4F8FEF68
:10E91000828380917E038F5F80937E032C960FB657
:10E92000F894DEBF0FBECDBFDF91CF911F910F9145
:10E9300008950F931F93CF93DF93CDB7DEB72C9736
:10E940000FB6F894DEBF0FBECDBF8DEB0E94804E98
:10E9500001EB19E0F8018081318122819381898363
:10E960003A832B839C830E94744D8A810E94744D4C
:10E970008B810E94744D8C810E94744DF8018481BA
:10E980003581268197818D833E832F8398870E94CE
:10E99000744D8E810E94744D8F810E94744D8885C4
:10E9A0000E94744DF8018085318522859385898781
:10E9B0003A872B879C870E94744D8A850E94744DEC
:10E9C0008B850E94744D8C850E94744D005F1F4F93
:10E9D000F9E0013F1F0709F0BDCF80917A039091C4
:10E9E0007B03891B8F3F31F4809182038250809397
:10E9F0007A0313C080918003909181038F3F2FEFA2
:10EA0000920731F09927FC01E858FD4F8FEF828380
:10EA100080917E038F5F80937E032C960FB6F894CF
:10EA2000DEBF0FBECDBFDF91CF911F910F91089533
:10EA3000CF93DF93CDB7DEB7A4970FB6F894DEBFC0
:10EA40000FBECDBF81EA0E94804E809149110E9485
:10EA5000744D80917402909175028D879E870E94FB
:10EA6000744D8E850E94744D809172029091730254
:10EA70008F87988B0E94744D88890E94744D809175
:10EA80009E0590919F05A091A005B091A105409190
:10EA9000A2095091A3096091A4097091A509841B52
:10EAA000950BA60BB70B89839A83AB83BC830E941B
:10EAB000744D8A810E94744D8B810E94744D8C81AB
:10EAC0000E94744D80919E0530919F052091A00574
:10EAD0009091A1058D833E832F8398870E94744D6A
:10EAE0008E810E94744D8F810E94744D88850E9492
:10EAF000744D8091E2119091E3112091E4113091D5
:10EB0000E511821B930B9A8B898B0E94744D8A8925
:10EB10000E94744D8091ED0D9091EE0D891B90E057
:10EB20009C8B8B8B0E94744D8C890E94744D8091BC
:10EB30004D1190914E118D8B9E8B0E94744D8E893C
:10EB40000E94744D80912313909124138F8B988F82
:10EB50000E94744D888D0E94744D80912113909174
:10EB60002213898F9A8F0E94744D8A8D0E94744D52
:10EB70009091091080910A10811101C0892F0E9483
:10EB8000744D80910E0F90910F0F8B8F9C8F0E9470
:10EB9000744D8C8D0E94744D8091070F882361F015
:10EBA0008091080F9091090F8D8F9E8F0E94744D58
:10EBB0008E8D0E94744D06C080E00E94744D84E0EA
:10EBC0000E94744D80911A1330911B1320911C13D5
:10EBD00090911D1389873A872B879C870E94744DDB
:10EBE0008A850E94744D8B850E94744D8C850E948D
:10EBF000744D80914311909144118F8F98A30E947E
:10EC0000744D88A10E94744D8091451190914611D8
:10EC100089A39AA30E94744D8AA10E94744D809189
:10EC20004711909148118BA39CA30E94744D8CA115
:10EC30000E94744D80917A0390917B03891B8F3FD2
:10EC400031F480918203825080937A0313C08091C3
:10EC50008003909181038F3F2FEF920731F0992726
:10EC6000FC01E858FD4F8FEF828380917E038F5F18
:10EC700080937E03A4960FB6F894DEBF0FBECDBF7F
:10EC8000DF91CF910895DF92EF92FF920F931F9340
:10EC9000CF93DF9300D000D0CDB7DEB780EB0E94DA
:10ECA000804EE090750F8091760FE81AF12C86E087
:10ECB000D82EFE1461F10091760F81E0800F8093D1
:10ECC000760F0F70D09E800111240B5E104FF8015B
:10ECD0008081918189839A830E94744D8A810E94E8
:10ECE000744DF801828193818B839C830E94744DC3
:10ECF0008C810E94744DF801848195818D839E835F
:10ED00000E94744D8E810E94744DF394D2CF8091F5
:10ED10007A0390917B03891B8F3F31F480918203AA
:10ED2000825080937A0313C0809180039091810375
:10ED30008F3FFFEF9F0731F09927FC01E858FD4F07
:10ED40008FEF828380917E038F5F80937E03269670
:10ED50000FB6F894DEBF0FBECDBFDF91CF911F91EC
:10ED60000F91FF90EF90DF9008950F931F93CF9333
:10ED7000DF930E94CF46C82F0E94CF46082F0E94E3
:10ED8000CF46D82F0E94CF464D2F50E060E070E074
:10ED9000BA015527442710E020E030E0322F212F20
:10EDA000102F0027400F511F621F731F4C0F511D62
:10EDB000611D711D90E0A0E0B0E0B82FAA2799274F
:10EDC00088278A019B01080F191F2A1F3B1FC901B1
:10EDD000B801DF91CF911F910F9108950F931F9369
:10EDE000CF93DF930E94CF46D82F0E94CF46C82FE3
:10EDF0000E94CF46082F0E94CF46482F50E060E087
:10EE000070E0742F66275527442710E020E030E09B
:10EE1000980111270027400F511F621F731F4D0FCC
:10EE2000511D611D711D8C2F90E0A0E0B0E0BA2F44
:10EE3000A92F982F88278A019B01080F191F2A1FC5
:10EE40003B1FC901B801DF91CF911F910F91089528
:10EE5000CF93DF93EC01C2DF688379838A839B833E
:10EE60000E94CF468C83DF91CF910895CF93C62F18
:10EE700070E0813021F482E00E94074803C083E003
:10EE80000E940748C0930A10CF9108952F923F9295
:10EE90004F925F926F927F928F929F92AF92BF92AA
:10EEA000CF92DF92EF92FF920F931F93CF93DF9356
:10EEB000CDB7DEB7D2500FB6F894DEBF0FBECDBFD0
:10EEC0009C01CE0101965C0180E4F50111928A95C6
:10EED000E9F7603410F4962F01C090E4492F50E018
:10EEE000B901C5010E949E7F0E9401496093DD091E
:10EEF0007093DE098093DF099093E00966246A9499
:10EF0000762CDD24DA944424439479E2272EECE035
:10EF10003E2EF5E0CF2E8E010F5F1D4FAEEF5A2E25
:10EF200088248394912C0E9401496093CD097093A9
:10EF3000CE098093CF099093D00980917602909169
:10EF40007702892B09F062C08AE893E00E943C3D79
:10EF50008111D9C120E030E0A90168E18AE893E09D
:10EF60000E94683D882349F020918E0342E36CE0C3
:10EF700083E00E9402510E94E63DD50180E090E0CE
:10EF80002D91E92FFF27E227EE0FFF1FEA54FB4FD9
:10EF900025913491982F882782279327A017B107AE
:10EFA00079F75EBC0DB407FEFDCF29812EBD2A8105
:10EFB000FE0133960DB407FEFDCF2EBDE017F1071D
:10EFC00011F02191F7CF0DB407FEFDCF9EBD0DB41A
:10EFD00007FEFDCF8EBD0DB407FEFDCFDEBC0DB428
:10EFE00007FEFDCF8EB580938E038F71853009F4B7
:10EFF00082C187E580938A0380918D03882309F479
:10F0000085C18AE893E00E945F3C80C18AE893E072
:10F010000E943C3D811177C120E030E0A9016DE004
:10F020008AE893E00E94683D811108C0DEBC0DB4FF
:10F0300007FEFDCF8EB5882309F486C040918E036C
:10F0400090917A0380917B03292F281B2F3F79F021
:10F05000E1E0E90FE0937A03A92FB0E0A858BD4F93
:10F0600012961C922E2F281B2F3F09F08FC19091D2
:10F070007A03A92FB0E0B0938103A0938003292FD6
:10F08000281BA858BD4F2F3F31F09F5F90937A0304
:10F0900012964C921297E0918203F0918303FF271E
:10F0A000E858FD4F92819F5F928312969C91129730
:10F0B0009F5F12969C93A0917A039A2F981B9F3F73
:10F0C00049F091E09A0F90937A03B0E0A858BD4FB1
:10F0D00012963C9292819F5F92832091800330919F
:10F0E0008103D901BB27A858BD4F12969C91129756
:10F0F0009F5F12969C93A0917A039A2F981B9F3F33
:10F1000049F091E09A0F90937A03B0E0A858BD4F70
:10F1100012962C9292819F5F92832F3F3F4F09F46A
:10F1200050C1411166C17092810360928003909139
:10F130007A03981B9F3F09F07CC180918203825023
:10F1400080937A030E94E63D80918D03882321F00D
:10F150008AE893E00E945F3C109277021092760258
:10F16000C092920392E0E92EF12C0E940149209175
:10F17000CD093091CE094091CF095091D009DC01E1
:10F18000CB01821B930BA40BB50B4091D10950917D
:10F19000D2096091D3097091D4094F5F5F4F6F4FCF
:10F1A0007F4F4093D1095093D2096093D309709354
:10F1B000D4094091D5095091D6096091D709709131
:10F1C000D809480F591F6A1F7B1F4093D5095093D8
:10F1D000D6096093D7097093D8094091D909509105
:10F1E000DA096091DB097091DC09481759076A0751
:10F1F0007B0740F48093D9099093DA09A093DB0947
:10F20000B093DC09F2E0EF16F10409F08CCE0E9415
:10F2100001490091DD091091DE092091DF0930914B
:10F22000E009DC01CB01801B910BA20BB30B009119
:10F23000E1091091E2092091E3093091E4090F5F9F
:10F240001F4F2F4F3F4F0093E1091093E209209386
:10F25000E3093093E4090091E5091091E609209152
:10F26000E7093091E809080F191F2A1F3B1F009377
:10F27000E5091093E6092093E7093093E809009126
:10F28000E9091091EA092091EB093091EC0908177E
:10F2900019072A073B0740F48093E9099093EA098C
:10F2A000A093EB09B093EC098AEA0E94804E81E0BA
:10F2B0000E94744D80917A0390917B03891B8F3F4C
:10F2C00031F480918203825080937A03C5C080918B
:10F2D0008003909181038F3F2FEF920731F09927A0
:10F2E000FC01E858FD4F8FEF828380917E038F5F92
:10F2F00080937E03B1C08AE893E00E94AC3C909278
:10F30000770280927602E12CF12C2FCF809192032C
:10F31000815080939203811135C0F0908E03E0906C
:10F320008A0383E00E94804E8CE00E94744D8E2DF3
:10F330000E94744D8F2D0E94744D80917A0390919C
:10F340007B03891B8F3F31F480918203825080932D
:10F350007A0312C080918003909181038F3FFFEF69
:10F360009F0729F09927FC01E858FD4FD282809130
:10F370007E038F5F80937E030E94E63DEE24E3943C
:10F38000F12CF3CEEE24E394F12CEFCE22E0290F02
:10F3900020937A03F0E0E858FD4F33E03283622F88
:10F3A00070E07093830360938203281B2F3F09F45E
:10F3B0005ECE9D5F90937A03FB01E858FD4F428239
:10F3C00056CE90917A03292F30E030938103209319
:10F3D0008003592F581B5F3F41F09F5F90937A0342
:10F3E000D901A858BD4F12964C9292819F5F92838B
:10F3F00098CEA0918003B0918103BB27A858BD4F40
:10F4000012969C9112979F5F12969C93A0917A03FB
:10F410009A2F981B9F3F49F091E09A0F90937A039F
:10F42000B0E0A858BD4F12964C9392819F5F928393
:10F430007ECE80918003909181038F3FEFEF9E07F6
:10F4400029F09927FC01E858FD4FD28280917E0374
:10F450008F5F80937E0376CEDE5F0FB6F894DEBFBB
:10F460000FBECDBFDF91CF911F910F91FF90EF9015
:10F47000DF90CF90BF90AF909F908F907F906F90D4
:10F480005F904F903F902F9008959F92AF92BF92C0
:10F49000CF92DF92EF92FF920F931F93CF93DF9360
:10F4A000CDB7DEB7D2500FB6F894DEBF0FBECDBFDA
:10F4B0000E9401496093BD097093BE098093BF0902
:10F4C0009093C00999249A9485E0A82E90E3B92ED0
:10F4D0000E9401496093AD097093AE098093AF0912
:10F4E0009093B00920E030E0A90161E18AE893E05F
:10F4F0000E94683D882319F0B0928A0315C040E04D
:10F5000052E0BE016F5F7F4F8AE893E00E94B23CF9
:10F51000882351F080918D03882309F417C18AE86C
:10F5200093E00E945F3C12C180918D03882321F0FB
:10F530008AE893E00E945F3C809191038150809320
:10F540009103811131C010918E0300918A0383E0F1
:10F550000E94804E89E00E94744D802F0E94744D5D
:10F56000812F0E94744D80917A0390917B03891BB7
:10F570008F3F31F480918203825080937A0312C0CE
:10F5800080918003909181038F3F2FEF920729F0A4
:10F590009927FC01E858FD4F928280917E038F5F8E
:10F5A00080937E030E94E63D01E010E00E94014945
:10F5B000C090AD09D090AE09E090AF09F090B009CD
:10F5C000DC01CB018C199D09AE09BF09C090B109BE
:10F5D000D090B209E090B309F090B4092FEFC21AAD
:10F5E000D20AE20AF20AC092B109D092B209E092BC
:10F5F000B309F092B409C090B509D090B609E09073
:10F60000B709F090B809C80ED91EEA1EFB1EC092B9
:10F61000B509D092B609E092B709F092B809C09046
:10F62000B909D090BA09E090BB09F090BC09C8169E
:10F63000D906EA06FB0640F48093B9099093BA090B
:10F64000A093BB09B093BC090230110509F040CF6B
:10F650000E9401490091BD091091BE092091BF0986
:10F660003091C009DC01CB01801B910BA20BB30BC5
:10F670000091C1091091C2092091C3093091C409B8
:10F680000F5F1F4F2F4F3F4F0093C1091093C209C7
:10F690002093C3093093C4090091C5091091C6098C
:10F6A0002091C7093091C809080F191F2A1F3B1F55
:10F6B0000093C5091093C6092093C7093093C80960
:10F6C0000091C9091091CA092091CB093091CC0948
:10F6D000081719072A073B0740F48093C90990933C
:10F6E000CA09A093CB09B093CC098BEA0E94804E43
:10F6F00081E00E94744D6FE370E0CE0101962FD43B
:10F70000682FCE0101960E94CA4D80917A03909194
:10F710007B03891B8F3F31F4809182038250809359
:10F720007A0319C080918003909181038F3F2FEF5E
:10F73000920731F09927FC01E858FD4F8FEF828343
:10F7400080917E038F5F80937E0305C0A09291031A
:10F7500002E010E02BCFDE5F0FB6F894DEBF0FBEE5
:10F76000CDBFDF91CF911F910F91FF90EF90DF9070
:10F77000CF90BF90AF909F90089581EC0E94804EF3
:10F7800081E00E94744D65E08BE292E00E94CA4DD8
:10F790006AE081E392E00E94CA4D80917A039091E1
:10F7A0007B03891B8F3F31F48091820382508093C9
:10F7B0007A03089580918003909181038F3F2FEF0A
:10F7C000920731F09927FC01E858FD4F8FEF8283B3
:10F7D00080917E038F5F80937E03089587E90E9466
:10F7E000804E809114110E94744D80917A03909103
:10F7F0007B03891B8F3F31F4809182038250809379
:10F800007A03089580918003909181038F3F2FEFB9
:10F81000920731F09927FC01E858FD4F8FEF828362
:10F8200080917E038F5F80937E030895CF93DF9353
:10F8300000D01F92CDB7DEB782EA0E94804E809141
:10F840000A0F30910B0F20910C0F90910D0F8983AF
:10F850003A832B839C830E94744D8A810E94744D4D
:10F860008B810E94744D8C810E94744D80917A032B
:10F8700090917B03891B8F3F31F4809182038250EA
:10F8800080937A0313C080918003909181038F3F0E
:10F890002FEF920731F09927FC01E858FD4F8FEFC9
:10F8A000828380917E038F5F80937E030F900F9001
:10F8B0000F900F90DF91CF9108950F931F93CF93E7
:10F8C000DF9300D01F92CDB7DEB7182F62E00E9401
:10F8D000C647212F30E0F901E45AF84F8491F9012D
:10F8E000EA5EF84F0491F901E053F94F14911123A6
:10F8F000A1F081110E942B47E12FF0E0EE0FFF1FD6
:10F90000EA54F94FA591B491EC91E02391E080E0A5
:10F9100009F490E0092F182F02C000E010E086EBF8
:10F920000E94804EC801110FAA0BBB0B89839A83DA
:10F93000AB83BC830E94744D8A810E94744D8B817D
:10F940000E94744D8C810E94744D80917A03909135
:10F950007B03891B8F3F31F4809182038250809317
:10F960007A0313C080918003909181038F3F2FEF22
:10F97000920731F09927FC01E858FD4F8FEF828301
:10F9800080917E038F5F80937E030F900F900F9086
:10F990000F90DF91CF911F910F9108950F931F93B7
:10F9A000CF93DF9300D01F92CDB7DEB7863308F038
:10F9B000865390917B00282F2870977F922B9093ED
:10F9C0007B008770806480937C0080917A008064E3
:10F9D00080937A0080917A0086FDFCCF10917800A8
:10F9E0000091790088EB0E94804E812F90E0902B4F
:10F9F000092E000CAA0BBB0B89839A83AB83BC83B3
:10FA00000E94744D8A810E94744D8B810E94744DB6
:10FA10008C810E94744D80917A0390917B03891BA5
:10FA20008F3F31F480918203825080937A0313C018
:10FA300080918003909181038F3F2FEF920731F0E7
:10FA40009927FC01E858FD4F8FEF828380917E0358
:10FA50008F5F80937E030F900F900F900F90DF9138
:10FA6000CF911F910F9108958091A8099091A909B4
:10FA7000892B31F063E172E085E598E00E94513F07
:10FA800063E172E086E598E00E94513F8AE893E0E6
:10FA90000E94B5408111FACF8EEB0E94804E80917A
:10FAA0007A0390917B03891B8F3F31F4809182030D
:10FAB000825080937A03089580918003909181030E
:10FAC0008F3F2FEF920731F09927FC01E858FD4F47
:10FAD0008FEF828380917E038F5F80937E030895F2
:10FAE000CF930E94CF46C82F0E94CF46282F30E0E8
:10FAF000922F88278C0F911DCF910895CF93DF937C
:10FB000000D01F92CDB7DEB78FEA0E94804E2091C1
:10FB1000311330913213CE0101962115310529F4AC
:10FB2000855393419A83898304C0821B930B9A83E4
:10FB3000898389819A81092E000CAA0BBB0B8983CA
:10FB40009A83AB83BC830E94744D8A810E94744D5A
:10FB50008B810E94744D8C810E94744D80917A0338
:10FB600090917B03891B8F3F31F4809182038250F7
:10FB700080937A0313C080918003909181038F3F1B
:10FB80002FEF920731F09927FC01E858FD4F8FEFD6
:10FB9000828380917E038F5F80937E030F900F900E
:10FBA0000F900F90DF91CF9108950F931F93CF93F4
:10FBB000DF93CDB7DEB760970FB6F894DEBF0FBE08
:10FBC000CDBF87E80E94804EBE016F5F7F4F8AE8FD
:10FBD00093E00E94D650882309F45DC08981807C1F
:10FBE00071F58F81837090E0982F8827990F990F76
:10FBF000288544E0249F90011124822B932B298592
:10FC00002295269526952370822B0196A0E0B0E0E0
:10FC10004A854370440F2B8527FB222720F9422B6E
:10FC20002E812F7030E0240F311D2750310904C080
:10FC3000880F991FAA1FBB1F2A95D2F72FC08034A7
:10FC400051F58A8590E0A0E0B0E08C019D010F5F46
:10FC50001F4F2F4F3F4F498550E060E070E0B62FB7
:10FC6000A52F942F8827800F911FA21FB31F4885AF
:10FC70004F7350E060E070E0BA0155274427840FCD
:10FC8000951FA61FB71F3AE0880F991FAA1FBB1F19
:10FC90003A95D1F703C080E090E0DC010197A1091B
:10FCA000B10989839A83AB83BC830E94744D8A8196
:10FCB0000E94744D8B810E94744D8C810E94744D02
:10FCC00080917A0390917B03891B8F3F31F480915F
:10FCD0008203825080937A0313C0809180039091B5
:10FCE00081038F3F2FEF920731F09927FC01E858ED
:10FCF000FD4F8FEF828380917E038F5F80937E0321
:10FD000060960FB6F894DEBF0FBECDBFDF91CF91E6
:10FD10001F910F91089580FF0DC03FB7F894E091B7
:10FD20002F13F0913013208190912E1390959223F0
:10FD300090833FBF81FF0DC03FB7F894E0912C1333
:10FD4000F0912D13208190912B1390959223908305
:10FD50003FBF82FF0DC03FB7F894E0912913F091A7
:10FD60002A132081909128139095922390833FBF6E
:10FD700083FF0DC02FB7F894E0912613F09127135D
:10FD80009081809125138095892380832FBF0895CA
:10FD9000CF93DF930E94CF46C82F0E94CF46282FD3
:10FDA00030E0322F2227C9018C0F911D9093010260
:10FDB000809300020E94CF46843631F062E084EAEC
:10FDC000DF91CF910C940D46CCE4D0E189DE89938C
:10FDD000999381E1C431D807C9F761E084EADF91E2
:10FDE000CF910C940D46CF93C82F81E090E0909373
:10FDF000F00D8093EF0DC093F30D7093F20D6093AF
:10FE0000F10D8C2F88DFC0FF02C0119801C0119A3C
:10FE1000C1FF02C0449A01C04498C2FF02C0419889
:10FE200001C0419A80910B01C3FF04C08F7B809376
:10FE30000B0103C0806480930B0180916F0084608C
:10FE400080936F00CF910895DB018F939F935DD0D6
:10FE5000BF91AF91A29F800D911DA39F900DB29F66
:10FE6000900D11240895A1E21A2EAA1BBB1BFD01BF
:10FE70000DC0AA1FBB1FEE1FFF1FA217B307E40789
:10FE8000F50720F0A21BB30BE40BF50B661F771FE1
:10FE9000881F991F1A9469F76095709580959095C1
:10FEA0009B01AC01BD01CF010895052E97FB16F40F
:10FEB00000940FD057FD05D0D6DF07FC02D046F4E2
:10FEC00008C050954095309521953F4F4F4F5F4F5B
:10FED000089590958095709561957F4F8F4F9F4FB6
:10FEE0000895EE0FFF1F881F8BBF0790F691E02D3E
:10FEF00019948927082E029480258C5F8B7F8A5F56
:10FF000083FD839581709927089509D0A59F900D51
:10FF1000B49F900DA49F800D911D11240895A29F60
:10FF2000B001B39FC001A39F700D811D1124911DCD
:10FF3000B29F700D811D1124911D0895FB01DC01FC
:10FF40004150504048F001900D920020C9F701C087
:10FF50001D9241505040E0F70895F8940BC0FC0109
:10FF60006150704001900110D8F7809590958E0FE8
:08FF70009F1F0895F894FFCFD4
:10FF7800AA000000351380007478627566666572A1
:10FF88002E680064647072696E742E637070006805
:10FF9800616C5F6176722E6370700037383038316B
:10FFA80000323032362D30342D30380064647465B8
:10FFB8006D702E6370700066696C73656E736F7216
:06FFC8002E6370700000C2
:00000001FF
