{
    # Max extrusion rate at 200°C with a 0.80 mm nozzle [mm³/s]
    # "baseExtrusionRate_80" : 9,
    # "extrusionAutoTempFactor" : 3.2,
    "tempFlowrateCurve_80" : [
        [200.000000, 5.25],
        [202.000000, 13.35],
        [204.000000, 15.12],
        [206.000000, 16.18],
        [208.000000, 17.05],
        [210.000000, 18.23],
        [212.000000, 18.70],
        [214.000000, 19.80],
        [216.000000, 20.57],
        [218.000000, 21.16],
        [220.000000, 20.70],
        [222.000000, 22.08],
        [224.000000, 22.63],
        [226.000000, 25.54],
        [228.000000, 23.54],
        [230.000000, 24.22],
        [232.000000, 23.77],
        [234.000000, 23.98],
        [236.000000, 25.43],
        [238.000000, 26.55],
        [240.000000, 26.97],
        [242.000000, 26.25],
        [244.000000, 28.34],
        [246.000000, 27.66],
        [248.000000, 29.62],
        [250.000000, 29.14],
        [252.000000, 29.48],
        [254.000000, 27.81],
        [256.000000, 27.16],
        [258.000000, 25.78],
        [260.000000, 28.68]
    ],
    # xxx computed from tempFlowrateCurve_80
    "tempFlowrateCurve_40" : [
        [200.000000, 1.312],
        [202.000000, 3.337],
        [204.000000, 3.780],
        [206.000000, 4.045],
        [208.000000, 4.262],
        [210.000000, 4.557],
        [212.000000, 4.675],
        [214.000000, 4.950],
        [216.000000, 5.142],
        [218.000000, 5.290],
        [220.000000, 5.175],
        [222.000000, 5.520],
        [224.000000, 5.657],
        [226.000000, 6.385],
        [228.000000, 5.885],
        [230.000000, 6.055],
        [232.000000, 5.942],
        [234.000000, 5.995],
        [236.000000, 6.357],
        [238.000000, 6.637],
        [240.000000, 6.742],
        [242.000000, 6.562],
        [244.000000, 7.085],
        [246.000000, 6.915],
        [248.000000, 7.405],
        [250.000000, 7.285],
        [252.000000, 7.370],
        [254.000000, 6.952],
        [256.000000, 6.790],
        [258.000000, 6.445],
        [260.000000, 7.170]
    ]
}
