{
    # Max extrusion rate at 200°C with a 0.80 mm nozzle [mm³/s]
    # "baseExtrusionRate_80" : 9,
    # "extrusionAutoTempFactor" : 3.2,
    "tempFlowrateCurve_80": [
        [190.296224, 9.590567],
        [194.512500, 11.712075],
        [195.308219, 11.953926],
        [202.841595, 12.479047],
        [208.095034, 13.565399],
        [212.747483, 13.934504],
        [219.066639, 15.151976],
        [222.675383, 15.792776],
        [227.777412, 16.260997],
        [232.287581, 17.232662],
        [237.227272, 17.636756],
        [241.805556, 18.251157],
        [250.051752, 20.412047],
        [253.055889, 21.480572],
        [259.854097, 23.776870]
    ]
}
