{
    "tempFlowrateCurve_80": {
        "version": 1,
        "data": [
            [209.265958, 2.495530],
            [214.106022, 3.499322],
            [219.147351, 4.415867],
            [224.268591, 5.166867],
            [229.245991, 5.753242],
            [233.659673, 6.635173],
            [239.310189, 7.398031],
            [244.539100, 8.107838],
            [248.962969, 8.864444],
            [254.059017, 9.704659],
            [259.204836, 10.441066]
        ]
    },
    "tempFlowrateCurve_40": {
        "version": 1,
        "data": [
            [209.922237, 1.034642],
            [214.515399, 1.484220],
            [219.183514, 2.023698],
            [224.427729, 2.569701],
            [229.401160, 3.056227],
            [234.301545, 3.535935],
            [239.586580, 4.156574],
            [244.294950, 4.804076],
            [249.009476, 5.485014],
            [254.252177, 6.036644],
            [259.405079, 6.628826]
        ]
    }
}

