{
    "tempFlowrateCurve_80": {
        "version": 1,
        "data": [
            [207.395579, 2.919778],
            [213.930746, 3.919763],
            [219.029053, 5.561614],
            [224.265144, 6.858487],
            [229.488989, 8.375326],
            [234.336516, 9.954563],
            [239.398274, 11.194734],
            [244.329472, 12.285247],
            [249.343064, 13.517136],
            [254.320539, 14.682122],
            [259.143241, 15.550335]
        ]
    }
}


