{
    "tempFlowrateCurve_80": {
        "version": 3,
        "slippage": 0.100000,
        "data": [
            [210.206167, 3.651166],
            [213.969545, 3.881665],
            [220.070541, 4.079117],
            [225.098688, 4.359256],
            [230.040205, 4.614858],
            [235.752071, 5.002460],
            [240.776277, 5.448258],
            [245.709505, 6.807416],
            [249.667304, 7.351377],
            [254.561638, 10.443188],
            [259.719737, 10.821269]
        ]
    }
}
