{
    "tempFlowrateCurve_80": {
        "version": 1,
        "data": [
            [188.648685, 4.580435],
            [193.906501, 5.740455],
            [198.747648, 6.565557],
            [204.117373, 7.218298],
            [209.092311, 7.942676],
            [214.129345, 8.629881],
            [218.826383, 9.671815],
            [223.976452, 10.410560],
            [229.451264, 11.203530],
            [234.194983, 12.074427],
            [238.889684, 13.116289],
            [244.243954, 13.976893],
            [248.929966, 14.809066],
            [254.112261, 15.635737],
            [259.194416, 16.468616]
        ]
    }
}


