{

    "tempFlowrateCurve_40": {
        "version": 3,
        "slippage": 0.100000,
        "data": [
            [209.847225, 1.694502],
            [214.272220, 1.756624],
            [220.020172, 1.962239],
            [225.506063, 2.208042],
            [230.172703, 2.319211],
            [235.178144, 2.463019],
            [240.577934, 2.696471],
            [245.038506, 2.887540],
            [249.784360, 3.136435],
            [254.895592, 3.339014],
            [260.704039, 3.682832]
        ]
    }
}
