{
    "tempFlowrateCurve_80": {
        "version": 3,
        "slippage": 0.100000,
        "data": [
            [209.818025, 2.656466],
            [214.550214, 3.070709],
            [220.208957, 3.359603],
            [225.265281, 3.924775],
            [230.318656, 4.404986],
            [236.048955, 5.023709],
            [240.797322, 5.772205],
            [245.493258, 6.560333],
            [249.709932, 7.368255],
            [254.909878, 7.940747],
            [260.100742, 9.533010]
        ]
    }
}

