{
    "tempFlowrateCurve_80": {
        "version": 2,
        "slippage": 0.100000,
        "data": [
            [188.575356, 1.330301],
            [192.339678, 5.652069],
            [198.013471, 11.329460],
            [203.344344, 12.275364],
            [208.549293, 13.513681],
            [213.780295, 13.834121],
            [218.665050, 14.733922],
            [223.636731, 15.898582],
            [228.864726, 17.511267],
            [233.166611, 17.960806],
            [238.703829, 19.289263],
            [243.778700, 20.133346],
            [248.388788, 20.434863],
            [253.603245, 20.974467],
            [258.841566, 22.532692]
        ]
    }
}


