{
    # "baseExtrusionRate_80" : 12.88143,
    # "extrusionAutoTempFactor" : 3.48705
    "tempFlowrateCurve_80": [
        [189.537806, 8.098046],
        [192.233206, 8.312006],
        [198.742457, 9.810632],
        [202.560764, 11.399569],
        [208.233012, 13.065484],
        [212.039639, 14.544380],
        [217.261402, 15.875704],
        [223.937778, 16.738348],
        [228.421053, 16.756074],
        [233.007675, 17.240005],
        [236.890000, 18.727323],
        [242.306743, 20.185209],
        [247.300955, 20.645500],
        [252.564103, 22.752495],
        [256.984475, 24.318348]
    ],
    "tempFlowrateCurve_40": [
        [189.875801, 0.828003],
        [195.037548, 3.686457],
        [198.851034, 4.113893],
        [204.314991, 4.959325],
        [209.336504, 5.678623],
        [213.348848, 6.713152],
        [218.480785, 7.703535],
        [222.814060, 8.696578],
        [228.020271, 9.580999],
        [233.019737, 11.118233],
        [237.555936, 12.449397],
        [242.865287, 12.710040],
        [247.580712, 13.853717],
        [252.324219, 14.555628],
        [257.536765, 16.576879]
    ]
}

