{
    # "baseExtrusionRate_80" : 12.88143,
    # "extrusionAutoTempFactor" : 3.48705
    "tempFlowrateCurve_80": [
        [178.191021, 7.335818],
        [182.041084, 7.396467],
        [190.689838, 8.445509],
        [193.576042, 8.901851],
        [199.327401, 9.749340],
        [203.017578, 10.810337],
        [207.918793, 12.158497],
        [214.158573, 12.761236],
        [217.623958, 14.755534],
        [222.830000, 15.743855],
        [227.565359, 16.730106],
        [231.973685, 17.625854],
        [237.563596, 19.255388],
        [242.122565, 20.369882],
        [249.295833, 22.086119]
    ]
}

