{
    "tempFlowrateCurve_80": {
        "version": 1,
        "data": [
            [188.141570, 7.356471],
            [193.476187, 8.513428],
            [198.497548, 9.489912],
            [203.458253, 10.424341],
            [208.908930, 11.578893],
            [213.957124, 12.531253],
            [219.101029, 13.475912],
            [224.134831, 14.419654],
            [229.045509, 15.272475],
            [233.922944, 16.188041],
            [239.010085, 17.349566],
            [244.207742, 18.311428],
            [248.899458, 19.166670],
            [253.845185, 20.080578],
            [258.829905, 20.917348]
        ]
    },
    "tempFlowrateCurve_40": [
        [189.875801, 0.828003],
        [195.037548, 3.686457],
        [198.851034, 4.113893],
        [204.314991, 4.959325],
        [209.336504, 5.678623],
        [213.348848, 6.713152],
        [218.480785, 7.703535],
        [222.814060, 8.696578],
        [228.020271, 9.580999],
        [233.019737, 11.118233],
        [237.555936, 12.449397],
        [242.865287, 12.710040],
        [247.580712, 13.853717],
        [252.324219, 14.555628],
        [257.536765, 16.576879]
    ]
}



