{
    "tempFlowrateCurve_40": {
        "version": 2,
        "slippage": 0.100000,
        "data": [
            [189.825532, 1.223246],
            [192.923157, 9.476477],
            [198.511312, 10.958666],
            [203.476549, 11.515209],
            [208.720806, 12.012885],
            [213.821147, 12.442408],
            [218.750178, 13.233444],
            [223.796747, 13.716533],
            [228.617963, 14.005199],
            [233.891079, 15.697579],
            [238.658271, 16.332089],
            [244.106190, 21.092908],
            [248.207449, 21.424847],
            [254.406834, 21.133632],
            [259.484828, 21.470843]
        ]
    }
}
